Brand,Items,Variant,Subcategories,Indicator,Score,Mentions,CoreIndicator,Polarization,Reason,Evaluated_At
YSL,自由不羈沁心之果香水,,香水,香精濃度,,0,False,False,尚未有足夠的爬蟲評論資料,2026-07-03 16:28:29
YSL,自由不羈沁心之果香水,,香水,持香度,,0,False,False,尚未有足夠的爬蟲評論資料,2026-07-03 16:28:29
YSL,自由不羈沁心之果香水,,香水,香味層次銜接流暢度,,0,False,False,尚未有足夠的爬蟲評論資料,2026-07-03 16:28:29
YSL,自由不羈沁心之果香水,,香水,原料品質,,0,False,False,尚未有足夠的爬蟲評論資料,2026-07-03 16:28:29
YSL,自由不羈沁心之果香水,,香水,擴散度,,0,False,False,尚未有足夠的爬蟲評論資料,2026-07-03 16:28:29
YSL,自由不羈沁心之果香水,,香水,場景百搭度,,0,False,False,尚未有足夠的爬蟲評論資料,2026-07-03 16:28:29
YSL,自由不羈沁心之果香水,,香水,噴頭瓶身設計,,0,False,False,尚未有足夠的爬蟲評論資料,2026-07-03 16:28:29
YSL,自由不羈沁心之果香水,,香水,低酒精/無刺鼻感,,0,False,False,尚未有足夠的爬蟲評論資料,2026-07-03 16:28:29
CHANEL,香奈兒N°5典藏香水,,香水,香精濃度,,0,False,False,尚未有足夠的爬蟲評論資料,2026-07-03 16:28:29
CHANEL,香奈兒N°5典藏香水,,香水,持香度,,0,False,False,尚未有足夠的爬蟲評論資料,2026-07-03 16:28:29
CHANEL,香奈兒N°5典藏香水,,香水,香味層次銜接流暢度,,0,False,False,尚未有足夠的爬蟲評論資料,2026-07-03 16:28:29
CHANEL,香奈兒N°5典藏香水,,香水,原料品質,,0,False,False,尚未有足夠的爬蟲評論資料,2026-07-03 16:28:29
CHANEL,香奈兒N°5典藏香水,,香水,擴散度,,0,False,False,尚未有足夠的爬蟲評論資料,2026-07-03 16:28:29
CHANEL,香奈兒N°5典藏香水,,香水,場景百搭度,,0,False,False,尚未有足夠的爬蟲評論資料,2026-07-03 16:28:29
CHANEL,香奈兒N°5典藏香水,,香水,噴頭瓶身設計,,0,False,False,尚未有足夠的爬蟲評論資料,2026-07-03 16:28:29
CHANEL,香奈兒N°5典藏香水,,香水,低酒精/無刺鼻感,,0,False,False,尚未有足夠的爬蟲評論資料,2026-07-03 16:28:29
蘭蔻,IDOLE唯我香水,,香水,香精濃度,,0,False,False,尚未有足夠的爬蟲評論資料,2026-07-03 16:28:29
蘭蔻,IDOLE唯我香水,,香水,持香度,,0,False,False,尚未有足夠的爬蟲評論資料,2026-07-03 16:28:29
蘭蔻,IDOLE唯我香水,,香水,香味層次銜接流暢度,,0,False,False,尚未有足夠的爬蟲評論資料,2026-07-03 16:28:29
蘭蔻,IDOLE唯我香水,,香水,原料品質,,0,False,False,尚未有足夠的爬蟲評論資料,2026-07-03 16:28:29
蘭蔻,IDOLE唯我香水,,香水,擴散度,,0,False,False,尚未有足夠的爬蟲評論資料,2026-07-03 16:28:29
蘭蔻,IDOLE唯我香水,,香水,場景百搭度,,0,False,False,尚未有足夠的爬蟲評論資料,2026-07-03 16:28:29
蘭蔻,IDOLE唯我香水,,香水,噴頭瓶身設計,,0,False,False,尚未有足夠的爬蟲評論資料,2026-07-03 16:28:29
蘭蔻,IDOLE唯我香水,,香水,低酒精/無刺鼻感,,0,False,False,尚未有足夠的爬蟲評論資料,2026-07-03 16:28:29
YSL,慾望巴黎暮光淡香水,,淡香水,香精濃度,,0,False,False,尚未有足夠的爬蟲評論資料,2026-07-03 16:28:29
YSL,慾望巴黎暮光淡香水,,淡香水,持香度,,0,False,False,尚未有足夠的爬蟲評論資料,2026-07-03 16:28:29
YSL,慾望巴黎暮光淡香水,,淡香水,香味層次銜接流暢度,,0,False,False,尚未有足夠的爬蟲評論資料,2026-07-03 16:28:29
YSL,慾望巴黎暮光淡香水,,淡香水,原料品質,,0,False,False,尚未有足夠的爬蟲評論資料,2026-07-03 16:28:29
YSL,慾望巴黎暮光淡香水,,淡香水,擴散度,,0,False,False,尚未有足夠的爬蟲評論資料,2026-07-03 16:28:29
YSL,慾望巴黎暮光淡香水,,淡香水,場景百搭度,,0,False,False,尚未有足夠的爬蟲評論資料,2026-07-03 16:28:29
YSL,慾望巴黎暮光淡香水,,淡香水,噴頭瓶身設計,,0,False,False,尚未有足夠的爬蟲評論資料,2026-07-03 16:28:29
YSL,慾望巴黎暮光淡香水,,淡香水,低酒精/無刺鼻感,,0,False,False,尚未有足夠的爬蟲評論資料,2026-07-03 16:28:29
DIOR,Miss Dior花漾迪奧淡香水,,淡香水,香精濃度,,0,False,False,尚未有足夠的爬蟲評論資料,2026-07-03 16:28:29
DIOR,Miss Dior花漾迪奧淡香水,,淡香水,持香度,,0,False,False,尚未有足夠的爬蟲評論資料,2026-07-03 16:28:29
DIOR,Miss Dior花漾迪奧淡香水,,淡香水,香味層次銜接流暢度,,0,False,False,尚未有足夠的爬蟲評論資料,2026-07-03 16:28:29
DIOR,Miss Dior花漾迪奧淡香水,,淡香水,原料品質,,0,False,False,尚未有足夠的爬蟲評論資料,2026-07-03 16:28:29
DIOR,Miss Dior花漾迪奧淡香水,,淡香水,擴散度,,0,False,False,尚未有足夠的爬蟲評論資料,2026-07-03 16:28:29
DIOR,Miss Dior花漾迪奧淡香水,,淡香水,場景百搭度,,0,False,False,尚未有足夠的爬蟲評論資料,2026-07-03 16:28:29
DIOR,Miss Dior花漾迪奧淡香水,,淡香水,噴頭瓶身設計,,0,False,False,尚未有足夠的爬蟲評論資料,2026-07-03 16:28:29
DIOR,Miss Dior花漾迪奧淡香水,,淡香水,低酒精/無刺鼻感,,0,False,False,尚未有足夠的爬蟲評論資料,2026-07-03 16:28:29
CHANEL,香奈兒N°5淡香水,,淡香水,香精濃度,,0,False,False,尚未有足夠的爬蟲評論資料,2026-07-03 16:28:29
CHANEL,香奈兒N°5淡香水,,淡香水,持香度,,0,False,False,尚未有足夠的爬蟲評論資料,2026-07-03 16:28:29
CHANEL,香奈兒N°5淡香水,,淡香水,香味層次銜接流暢度,,0,False,False,尚未有足夠的爬蟲評論資料,2026-07-03 16:28:29
CHANEL,香奈兒N°5淡香水,,淡香水,原料品質,,0,False,False,尚未有足夠的爬蟲評論資料,2026-07-03 16:28:29
CHANEL,香奈兒N°5淡香水,,淡香水,擴散度,,0,False,False,尚未有足夠的爬蟲評論資料,2026-07-03 16:28:29
CHANEL,香奈兒N°5淡香水,,淡香水,場景百搭度,,0,False,False,尚未有足夠的爬蟲評論資料,2026-07-03 16:28:29
CHANEL,香奈兒N°5淡香水,,淡香水,噴頭瓶身設計,,0,False,False,尚未有足夠的爬蟲評論資料,2026-07-03 16:28:29
CHANEL,香奈兒N°5淡香水,,淡香水,低酒精/無刺鼻感,,0,False,False,尚未有足夠的爬蟲評論資料,2026-07-03 16:28:29
蘭蔻,IDOLE唯我淡香水,,淡香水,香精濃度,,0,False,False,尚未有足夠的爬蟲評論資料,2026-07-03 16:28:29
蘭蔻,IDOLE唯我淡香水,,淡香水,持香度,,0,False,False,尚未有足夠的爬蟲評論資料,2026-07-03 16:28:29
蘭蔻,IDOLE唯我淡香水,,淡香水,香味層次銜接流暢度,,0,False,False,尚未有足夠的爬蟲評論資料,2026-07-03 16:28:29
蘭蔻,IDOLE唯我淡香水,,淡香水,原料品質,,0,False,False,尚未有足夠的爬蟲評論資料,2026-07-03 16:28:29
蘭蔻,IDOLE唯我淡香水,,淡香水,擴散度,,0,False,False,尚未有足夠的爬蟲評論資料,2026-07-03 16:28:29
蘭蔻,IDOLE唯我淡香水,,淡香水,場景百搭度,,0,False,False,尚未有足夠的爬蟲評論資料,2026-07-03 16:28:29
蘭蔻,IDOLE唯我淡香水,,淡香水,噴頭瓶身設計,,0,False,False,尚未有足夠的爬蟲評論資料,2026-07-03 16:28:29
蘭蔻,IDOLE唯我淡香水,,淡香水,低酒精/無刺鼻感,,0,False,False,尚未有足夠的爬蟲評論資料,2026-07-03 16:28:29
YSL,MYSLF 香精,,香精,香精濃度,,0,False,False,尚未有足夠的爬蟲評論資料,2026-07-03 16:28:29
YSL,MYSLF 香精,,香精,持香度,,0,False,False,尚未有足夠的爬蟲評論資料,2026-07-03 16:28:29
YSL,MYSLF 香精,,香精,香味層次銜接流暢度,,0,False,False,尚未有足夠的爬蟲評論資料,2026-07-03 16:28:29
YSL,MYSLF 香精,,香精,原料品質,,0,False,False,尚未有足夠的爬蟲評論資料,2026-07-03 16:28:29
YSL,MYSLF 香精,,香精,擴散度,,0,False,False,尚未有足夠的爬蟲評論資料,2026-07-03 16:28:29
YSL,MYSLF 香精,,香精,場景百搭度,,0,False,False,尚未有足夠的爬蟲評論資料,2026-07-03 16:28:29
YSL,MYSLF 香精,,香精,噴頭瓶身設計,,0,False,False,尚未有足夠的爬蟲評論資料,2026-07-03 16:28:29
YSL,MYSLF 香精,,香精,低酒精/無刺鼻感,,0,False,False,尚未有足夠的爬蟲評論資料,2026-07-03 16:28:29
DIOR,J'adore 花蘊香精,,香精,香精濃度,,0,False,False,尚未有足夠的爬蟲評論資料,2026-07-03 16:28:29
DIOR,J'adore 花蘊香精,,香精,持香度,,0,False,False,尚未有足夠的爬蟲評論資料,2026-07-03 16:28:29
DIOR,J'adore 花蘊香精,,香精,香味層次銜接流暢度,,0,False,False,尚未有足夠的爬蟲評論資料,2026-07-03 16:28:29
DIOR,J'adore 花蘊香精,,香精,原料品質,,0,False,False,尚未有足夠的爬蟲評論資料,2026-07-03 16:28:29
DIOR,J'adore 花蘊香精,,香精,擴散度,,0,False,False,尚未有足夠的爬蟲評論資料,2026-07-03 16:28:29
DIOR,J'adore 花蘊香精,,香精,場景百搭度,,0,False,False,尚未有足夠的爬蟲評論資料,2026-07-03 16:28:29
DIOR,J'adore 花蘊香精,,香精,噴頭瓶身設計,,0,False,False,尚未有足夠的爬蟲評論資料,2026-07-03 16:28:29
DIOR,J'adore 花蘊香精,,香精,低酒精/無刺鼻感,,0,False,False,尚未有足夠的爬蟲評論資料,2026-07-03 16:28:29
YSL,自由不羈淡香精,,淡香精,香精濃度,,0,False,False,尚未有足夠的爬蟲評論資料,2026-07-03 16:28:29
YSL,自由不羈淡香精,,淡香精,持香度,,0,False,False,尚未有足夠的爬蟲評論資料,2026-07-03 16:28:29
YSL,自由不羈淡香精,,淡香精,香味層次銜接流暢度,,0,False,False,尚未有足夠的爬蟲評論資料,2026-07-03 16:28:29
YSL,自由不羈淡香精,,淡香精,原料品質,,0,False,False,尚未有足夠的爬蟲評論資料,2026-07-03 16:28:29
YSL,自由不羈淡香精,,淡香精,擴散度,,0,False,False,尚未有足夠的爬蟲評論資料,2026-07-03 16:28:29
YSL,自由不羈淡香精,,淡香精,場景百搭度,,0,False,False,尚未有足夠的爬蟲評論資料,2026-07-03 16:28:29
YSL,自由不羈淡香精,,淡香精,噴頭瓶身設計,,0,False,False,尚未有足夠的爬蟲評論資料,2026-07-03 16:28:29
YSL,自由不羈淡香精,,淡香精,低酒精/無刺鼻感,,0,False,False,尚未有足夠的爬蟲評論資料,2026-07-03 16:28:29
DIOR,迪奧香氛世家系列,,淡香精,香精濃度,,0,False,False,尚未有足夠的爬蟲評論資料,2026-07-03 16:28:29
DIOR,迪奧香氛世家系列,,淡香精,持香度,,0,False,False,尚未有足夠的爬蟲評論資料,2026-07-03 16:28:29
DIOR,迪奧香氛世家系列,,淡香精,香味層次銜接流暢度,,0,False,False,尚未有足夠的爬蟲評論資料,2026-07-03 16:28:29
DIOR,迪奧香氛世家系列,,淡香精,原料品質,,0,False,False,尚未有足夠的爬蟲評論資料,2026-07-03 16:28:29
DIOR,迪奧香氛世家系列,,淡香精,擴散度,,0,False,False,尚未有足夠的爬蟲評論資料,2026-07-03 16:28:29
DIOR,迪奧香氛世家系列,,淡香精,場景百搭度,,0,False,False,尚未有足夠的爬蟲評論資料,2026-07-03 16:28:29
DIOR,迪奧香氛世家系列,,淡香精,噴頭瓶身設計,,0,False,False,尚未有足夠的爬蟲評論資料,2026-07-03 16:28:29
DIOR,迪奧香氛世家系列,,淡香精,低酒精/無刺鼻感,,0,False,False,尚未有足夠的爬蟲評論資料,2026-07-03 16:28:29
雅詩蘭黛,Pleasures 歡沁香水,,淡香精,香精濃度,,0,False,False,尚未有足夠的爬蟲評論資料,2026-07-03 16:28:29
雅詩蘭黛,Pleasures 歡沁香水,,淡香精,持香度,,0,False,False,尚未有足夠的爬蟲評論資料,2026-07-03 16:28:29
雅詩蘭黛,Pleasures 歡沁香水,,淡香精,香味層次銜接流暢度,,0,False,False,尚未有足夠的爬蟲評論資料,2026-07-03 16:28:29
雅詩蘭黛,Pleasures 歡沁香水,,淡香精,原料品質,,0,False,False,尚未有足夠的爬蟲評論資料,2026-07-03 16:28:29
雅詩蘭黛,Pleasures 歡沁香水,,淡香精,擴散度,,0,False,False,尚未有足夠的爬蟲評論資料,2026-07-03 16:28:29
雅詩蘭黛,Pleasures 歡沁香水,,淡香精,場景百搭度,,0,False,False,尚未有足夠的爬蟲評論資料,2026-07-03 16:28:29
雅詩蘭黛,Pleasures 歡沁香水,,淡香精,噴頭瓶身設計,,0,False,False,尚未有足夠的爬蟲評論資料,2026-07-03 16:28:29
雅詩蘭黛,Pleasures 歡沁香水,,淡香精,低酒精/無刺鼻感,,0,False,False,尚未有足夠的爬蟲評論資料,2026-07-03 16:28:29
蘭蔻,絕對完美玫瑰臻萃淡香精,,淡香精,香精濃度,,0,False,False,尚未有足夠的爬蟲評論資料,2026-07-03 16:28:29
蘭蔻,絕對完美玫瑰臻萃淡香精,,淡香精,持香度,,0,False,False,尚未有足夠的爬蟲評論資料,2026-07-03 16:28:29
蘭蔻,絕對完美玫瑰臻萃淡香精,,淡香精,香味層次銜接流暢度,,0,False,False,尚未有足夠的爬蟲評論資料,2026-07-03 16:28:29
蘭蔻,絕對完美玫瑰臻萃淡香精,,淡香精,原料品質,,0,False,False,尚未有足夠的爬蟲評論資料,2026-07-03 16:28:29
蘭蔻,絕對完美玫瑰臻萃淡香精,,淡香精,擴散度,,0,False,False,尚未有足夠的爬蟲評論資料,2026-07-03 16:28:29
蘭蔻,絕對完美玫瑰臻萃淡香精,,淡香精,場景百搭度,,0,False,False,尚未有足夠的爬蟲評論資料,2026-07-03 16:28:29
蘭蔻,絕對完美玫瑰臻萃淡香精,,淡香精,噴頭瓶身設計,,0,False,False,尚未有足夠的爬蟲評論資料,2026-07-03 16:28:29
蘭蔻,絕對完美玫瑰臻萃淡香精,,淡香精,低酒精/無刺鼻感,,0,False,False,尚未有足夠的爬蟲評論資料,2026-07-03 16:28:29
植村秀,無極限超持久輕粉底 SPF25 PA+++,,粉底液,遮瑕力,3.8,1,True,False,⚠️ 樣本僅 2 則，參考性有限,2026-07-07 16:07:35
植村秀,無極限超持久輕粉底 SPF25 PA+++,,粉底液,保濕度,4.13,3,False,False,,2026-07-07 16:07:35
植村秀,無極限超持久輕粉底 SPF25 PA+++,,粉底液,控油力,4.31,3,False,False,,2026-07-07 16:07:35
植村秀,無極限超持久輕粉底 SPF25 PA+++,,粉底液,持妝度,4.17,15,True,False,核心指標 ×1.3,2026-07-07 16:07:35
植村秀,無極限超持久輕粉底 SPF25 PA+++,,粉底液,輕透度,4.24,11,False,False,,2026-07-07 16:07:35
植村秀,無極限超持久輕粉底 SPF25 PA+++,,粉底液,厚重度,,0,False,False,資料不足，評論中未提及此指標,2026-07-07 16:07:35
植村秀,無極限超持久輕粉底 SPF25 PA+++,,粉底液,服貼度,3.87,11,True,False,核心指標 ×1.3,2026-07-07 16:07:35
植村秀,無極限超持久輕粉底 SPF25 PA+++,,粉底液,防水抗汗,3.8,1,False,False,⚠️ 樣本僅 2 則，參考性有限,2026-07-07 16:07:35
植村秀,無極限超持久輕粉底 SPF25 PA+++,,粉底液,光澤度,4.3,1,False,False,⚠️ 樣本僅 2 則，參考性有限,2026-07-07 16:07:35
植村秀,無極限超持久輕粉底 SPF25 PA+++,,粉底液,成膜度,2.4,1,False,False,⚠️ 樣本僅 2 則，參考性有限,2026-07-07 16:07:35
植村秀,無極限超持久輕粉底 SPF25 PA+++,,粉底液,綜合評分,3.9,,,,排除 1 則業配/疑似業配、0 則商品不符,2026-07-07 16:07:35
資生堂,超進化光感緊緻粉底N,,粉底液,遮瑕力,,0,True,False,資料不足，評論中未提及此指標,2026-07-07 16:07:35
資生堂,超進化光感緊緻粉底N,,粉底液,保濕度,,0,False,False,資料不足，評論中未提及此指標,2026-07-07 16:07:35
資生堂,超進化光感緊緻粉底N,,粉底液,控油力,,0,False,False,資料不足，評論中未提及此指標,2026-07-07 16:07:35
資生堂,超進化光感緊緻粉底N,,粉底液,持妝度,,0,True,False,資料不足，評論中未提及此指標,2026-07-07 16:07:35
資生堂,超進化光感緊緻粉底N,,粉底液,輕透度,,0,False,False,資料不足，評論中未提及此指標,2026-07-07 16:07:35
資生堂,超進化光感緊緻粉底N,,粉底液,厚重度,,0,False,False,資料不足，評論中未提及此指標,2026-07-07 16:07:35
資生堂,超進化光感緊緻粉底N,,粉底液,服貼度,,0,True,False,資料不足，評論中未提及此指標,2026-07-07 16:07:35
資生堂,超進化光感緊緻粉底N,,粉底液,防水抗汗,,0,False,False,資料不足，評論中未提及此指標,2026-07-07 16:07:35
資生堂,超進化光感緊緻粉底N,,粉底液,光澤度,,0,False,False,資料不足，評論中未提及此指標,2026-07-07 16:07:35
資生堂,超進化光感緊緻粉底N,,粉底液,成膜度,,0,False,False,資料不足，評論中未提及此指標,2026-07-07 16:07:35
M.A.C,超持妝濾鏡粉底液SPF25/PA++,,粉底液,遮瑕力,4.29,10,True,False,核心指標 ×1.3,2026-07-07 16:07:35
M.A.C,超持妝濾鏡粉底液SPF25/PA++,,粉底液,保濕度,2.4,1,False,False,⚠️ 樣本僅 2 則，參考性有限,2026-07-07 16:07:35
M.A.C,超持妝濾鏡粉底液SPF25/PA++,,粉底液,控油力,4.16,8,False,False,,2026-07-07 16:07:35
M.A.C,超持妝濾鏡粉底液SPF25/PA++,,粉底液,持妝度,3.82,11,True,False,核心指標 ×1.3,2026-07-07 16:07:35
M.A.C,超持妝濾鏡粉底液SPF25/PA++,,粉底液,輕透度,4.0,5,False,False,,2026-07-07 16:07:35
M.A.C,超持妝濾鏡粉底液SPF25/PA++,,粉底液,厚重度,3.8,1,False,False,⚠️ 樣本僅 2 則，參考性有限,2026-07-07 16:07:35
M.A.C,超持妝濾鏡粉底液SPF25/PA++,,粉底液,服貼度,3.76,5,True,False,核心指標 ×1.3,2026-07-07 16:07:35
M.A.C,超持妝濾鏡粉底液SPF25/PA++,,粉底液,防水抗汗,3.8,1,False,False,⚠️ 樣本僅 2 則，參考性有限,2026-07-07 16:07:35
M.A.C,超持妝濾鏡粉底液SPF25/PA++,,粉底液,光澤度,,0,False,False,資料不足，評論中未提及此指標,2026-07-07 16:07:35
M.A.C,超持妝濾鏡粉底液SPF25/PA++,,粉底液,成膜度,4.05,2,False,False,⚠️ 樣本僅 2 則且評論分歧，參考性有限,2026-07-07 16:07:35
M.A.C,超持妝濾鏡粉底液SPF25/PA++,,粉底液,綜合評分,3.8,,,,排除 1 則業配/疑似業配、6 則商品不符,2026-07-07 16:07:35
YSL,恆久完美無瑕持妝粉底,,粉底液,遮瑕力,4.22,9,True,False,核心指標 ×1.3,2026-07-07 16:07:35
YSL,恆久完美無瑕持妝粉底,,粉底液,保濕度,3.92,4,False,False,,2026-07-07 16:07:35
YSL,恆久完美無瑕持妝粉底,,粉底液,控油力,4.42,4,False,False,,2026-07-07 16:07:35
YSL,恆久完美無瑕持妝粉底,,粉底液,持妝度,3.97,17,True,False,核心指標 ×1.3,2026-07-07 16:07:35
YSL,恆久完美無瑕持妝粉底,,粉底液,輕透度,4.28,12,False,False,,2026-07-07 16:07:35
YSL,恆久完美無瑕持妝粉底,,粉底液,厚重度,3.94,5,False,False,,2026-07-07 16:07:35
YSL,恆久完美無瑕持妝粉底,,粉底液,服貼度,3.97,15,True,False,核心指標 ×1.3,2026-07-07 16:07:35
YSL,恆久完美無瑕持妝粉底,,粉底液,防水抗汗,3.6,4,False,False,,2026-07-07 16:07:35
YSL,恆久完美無瑕持妝粉底,,粉底液,光澤度,3.8,5,False,False,,2026-07-07 16:07:35
YSL,恆久完美無瑕持妝粉底,,粉底液,成膜度,4.08,4,False,False,,2026-07-07 16:07:35
YSL,恆久完美無瑕持妝粉底,,粉底液,綜合評分,4.0,,,,排除 0 則業配/疑似業配、0 則商品不符,2026-07-07 16:07:35
DIOR,迪奧超完美持久柔光粉底液,,粉底液,遮瑕力,3.65,5,True,False,核心指標 ×1.3,2026-07-07 16:07:35
DIOR,迪奧超完美持久柔光粉底液,,粉底液,保濕度,3.8,16,False,False,,2026-07-07 16:07:35
DIOR,迪奧超完美持久柔光粉底液,,粉底液,控油力,4.0,10,False,False,,2026-07-07 16:07:35
DIOR,迪奧超完美持久柔光粉底液,,粉底液,持妝度,4.06,14,True,False,核心指標 ×1.3,2026-07-07 16:07:35
DIOR,迪奧超完美持久柔光粉底液,,粉底液,輕透度,3.8,1,False,False,⚠️ 樣本僅 2 則，參考性有限,2026-07-07 16:07:35
DIOR,迪奧超完美持久柔光粉底液,,粉底液,厚重度,3.8,2,False,False,⚠️ 樣本僅 2 則，參考性有限,2026-07-07 16:07:35
DIOR,迪奧超完美持久柔光粉底液,,粉底液,服貼度,3.93,7,True,False,核心指標 ×1.3,2026-07-07 16:07:35
DIOR,迪奧超完美持久柔光粉底液,,粉底液,防水抗汗,,0,False,False,資料不足，評論中未提及此指標,2026-07-07 16:07:35
DIOR,迪奧超完美持久柔光粉底液,,粉底液,光澤度,3.85,9,False,False,,2026-07-07 16:07:35
DIOR,迪奧超完美持久柔光粉底液,,粉底液,成膜度,4.05,2,False,False,⚠️ 樣本僅 2 則且評論分歧，參考性有限,2026-07-07 16:07:35
DIOR,迪奧超完美持久柔光粉底液,,粉底液,綜合評分,3.9,,,,排除 0 則業配/疑似業配、0 則商品不符,2026-07-07 16:07:35
CHANEL,香奈兒原生美肌底妝系列,金砖奢華,粉底液,遮瑕力,,0,True,False,資料不足，評論中未提及此指標,2026-07-07 16:07:35
CHANEL,香奈兒原生美肌底妝系列,金砖奢華,粉底液,保濕度,3.97,3,False,False,,2026-07-07 16:07:35
CHANEL,香奈兒原生美肌底妝系列,金砖奢華,粉底液,控油力,,0,False,False,資料不足，評論中未提及此指標,2026-07-07 16:07:35
CHANEL,香奈兒原生美肌底妝系列,金砖奢華,粉底液,持妝度,4.3,1,True,False,⚠️ 樣本僅 2 則，參考性有限,2026-07-07 16:07:35
CHANEL,香奈兒原生美肌底妝系列,金砖奢華,粉底液,輕透度,4.3,1,False,False,⚠️ 樣本僅 2 則，參考性有限,2026-07-07 16:07:35
CHANEL,香奈兒原生美肌底妝系列,金砖奢華,粉底液,厚重度,,0,False,False,資料不足，評論中未提及此指標,2026-07-07 16:07:35
CHANEL,香奈兒原生美肌底妝系列,金砖奢華,粉底液,服貼度,,0,True,False,資料不足，評論中未提及此指標,2026-07-07 16:07:35
CHANEL,香奈兒原生美肌底妝系列,金砖奢華,粉底液,防水抗汗,,0,False,False,資料不足，評論中未提及此指標,2026-07-07 16:07:35
CHANEL,香奈兒原生美肌底妝系列,金砖奢華,粉底液,光澤度,4.37,3,False,False,,2026-07-07 16:07:35
CHANEL,香奈兒原生美肌底妝系列,金砖奢華,粉底液,成膜度,,0,False,False,資料不足，評論中未提及此指標,2026-07-07 16:07:35
CHANEL,香奈兒原生美肌底妝系列,金砖奢華,粉底液,綜合評分,4.2,,,,排除 1 則業配/疑似業配、0 則商品不符,2026-07-07 16:07:35
CHANEL,香奈兒原生美肌底妝系列,柔光持妝,粉底液,遮瑕力,4.52,2,True,False,⚠️ 樣本僅 2 則且評論分歧，參考性有限,2026-07-07 16:07:35
CHANEL,香奈兒原生美肌底妝系列,柔光持妝,粉底液,保濕度,,0,False,False,資料不足，評論中未提及此指標,2026-07-07 16:07:35
CHANEL,香奈兒原生美肌底妝系列,柔光持妝,粉底液,控油力,3.92,4,False,False,,2026-07-07 16:07:35
CHANEL,香奈兒原生美肌底妝系列,柔光持妝,粉底液,持妝度,4.32,8,True,False,核心指標 ×1.3,2026-07-07 16:07:35
CHANEL,香奈兒原生美肌底妝系列,柔光持妝,粉底液,輕透度,4.3,1,False,False,⚠️ 樣本僅 2 則，參考性有限,2026-07-07 16:07:35
CHANEL,香奈兒原生美肌底妝系列,柔光持妝,粉底液,厚重度,3.8,1,False,False,⚠️ 樣本僅 2 則，參考性有限,2026-07-07 16:07:35
CHANEL,香奈兒原生美肌底妝系列,柔光持妝,粉底液,服貼度,4.22,5,True,False,核心指標 ×1.3,2026-07-07 16:07:35
CHANEL,香奈兒原生美肌底妝系列,柔光持妝,粉底液,防水抗汗,,0,False,False,資料不足，評論中未提及此指標,2026-07-07 16:07:35
CHANEL,香奈兒原生美肌底妝系列,柔光持妝,粉底液,光澤度,,0,False,False,資料不足，評論中未提及此指標,2026-07-07 16:07:35
CHANEL,香奈兒原生美肌底妝系列,柔光持妝,粉底液,成膜度,,0,False,False,資料不足，評論中未提及此指標,2026-07-07 16:07:35
CHANEL,香奈兒原生美肌底妝系列,柔光持妝,粉底液,綜合評分,4.2,,,,排除 0 則業配/疑似業配、0 則商品不符,2026-07-07 16:07:35
CHANEL,香奈兒原生美肌底妝系列,,粉底液,遮瑕力,,0,True,False,資料不足，評論中未提及此指標,2026-07-07 16:07:35
CHANEL,香奈兒原生美肌底妝系列,,粉底液,保濕度,3.8,1,False,False,⚠️ 樣本僅 2 則，參考性有限 ⚠️ 有效評論樣本較少，結果僅供參考,2026-07-07 16:07:35
CHANEL,香奈兒原生美肌底妝系列,,粉底液,控油力,,0,False,False,資料不足，評論中未提及此指標,2026-07-07 16:07:35
CHANEL,香奈兒原生美肌底妝系列,,粉底液,持妝度,,0,True,False,資料不足，評論中未提及此指標,2026-07-07 16:07:35
CHANEL,香奈兒原生美肌底妝系列,,粉底液,輕透度,,0,False,False,資料不足，評論中未提及此指標,2026-07-07 16:07:35
CHANEL,香奈兒原生美肌底妝系列,,粉底液,厚重度,,0,False,False,資料不足，評論中未提及此指標,2026-07-07 16:07:35
CHANEL,香奈兒原生美肌底妝系列,,粉底液,服貼度,3.1,1,True,False,⚠️ 樣本僅 2 則，參考性有限 ⚠️ 有效評論樣本較少，結果僅供參考,2026-07-07 16:07:35
CHANEL,香奈兒原生美肌底妝系列,,粉底液,防水抗汗,,0,False,False,資料不足，評論中未提及此指標,2026-07-07 16:07:35
CHANEL,香奈兒原生美肌底妝系列,,粉底液,光澤度,3.1,1,False,False,⚠️ 樣本僅 2 則，參考性有限 ⚠️ 有效評論樣本較少，結果僅供參考,2026-07-07 16:07:35
CHANEL,香奈兒原生美肌底妝系列,,粉底液,成膜度,,0,False,False,資料不足，評論中未提及此指標,2026-07-07 16:07:35
CHANEL,香奈兒原生美肌底妝系列,,粉底液,綜合評分,3.3,,,,排除 1 則業配/疑似業配、0 則商品不符,2026-07-07 16:07:35
MAKE UP FOREVER,HD SKIN 粉無痕平衡肌底粉底液,,粉底液,遮瑕力,3.64,3,True,False,核心指標 ×1.3,2026-07-07 16:07:35
MAKE UP FOREVER,HD SKIN 粉無痕平衡肌底粉底液,,粉底液,保濕度,3.7,5,False,False,,2026-07-07 16:07:35
MAKE UP FOREVER,HD SKIN 粉無痕平衡肌底粉底液,,粉底液,控油力,3.28,4,False,False,,2026-07-07 16:07:35
MAKE UP FOREVER,HD SKIN 粉無痕平衡肌底粉底液,,粉底液,持妝度,3.27,3,True,False,核心指標 ×1.3,2026-07-07 16:07:35
MAKE UP FOREVER,HD SKIN 粉無痕平衡肌底粉底液,,粉底液,輕透度,,0,False,False,資料不足，評論中未提及此指標,2026-07-07 16:07:35
MAKE UP FOREVER,HD SKIN 粉無痕平衡肌底粉底液,,粉底液,厚重度,,0,False,False,資料不足，評論中未提及此指標,2026-07-07 16:07:35
MAKE UP FOREVER,HD SKIN 粉無痕平衡肌底粉底液,,粉底液,服貼度,3.58,6,True,False,核心指標 ×1.3,2026-07-07 16:07:35
MAKE UP FOREVER,HD SKIN 粉無痕平衡肌底粉底液,,粉底液,防水抗汗,4.1,2,False,False,⚠️ 樣本僅 2 則且評論分歧，參考性有限,2026-07-07 16:07:35
MAKE UP FOREVER,HD SKIN 粉無痕平衡肌底粉底液,,粉底液,光澤度,,0,False,False,資料不足，評論中未提及此指標,2026-07-07 16:07:35
MAKE UP FOREVER,HD SKIN 粉無痕平衡肌底粉底液,,粉底液,成膜度,3.1,3,False,False,,2026-07-07 16:07:35
MAKE UP FOREVER,HD SKIN 粉無痕平衡肌底粉底液,,粉底液,綜合評分,3.5,,,,排除 1 則業配/疑似業配、16 則商品不符,2026-07-07 16:07:35
雅詩蘭黛,Double Wear 粉持久極致完美持妝粉底SPF10/PA++,二代,粉底液,遮瑕力,3.76,5,True,False,核心指標 ×1.3,2026-07-07 16:07:35
雅詩蘭黛,Double Wear 粉持久極致完美持妝粉底SPF10/PA++,二代,粉底液,保濕度,3.8,1,False,False,⚠️ 樣本僅 2 則，參考性有限,2026-07-07 16:07:35
雅詩蘭黛,Double Wear 粉持久極致完美持妝粉底SPF10/PA++,二代,粉底液,控油力,4.3,1,False,False,⚠️ 樣本僅 2 則，參考性有限,2026-07-07 16:07:35
雅詩蘭黛,Double Wear 粉持久極致完美持妝粉底SPF10/PA++,二代,粉底液,持妝度,2.8,4,True,False,核心指標 ×1.3,2026-07-07 16:07:35
雅詩蘭黛,Double Wear 粉持久極致完美持妝粉底SPF10/PA++,二代,粉底液,輕透度,3.8,3,False,False,,2026-07-07 16:07:35
雅詩蘭黛,Double Wear 粉持久極致完美持妝粉底SPF10/PA++,二代,粉底液,厚重度,,0,False,False,資料不足，評論中未提及此指標,2026-07-07 16:07:35
雅詩蘭黛,Double Wear 粉持久極致完美持妝粉底SPF10/PA++,二代,粉底液,服貼度,3.24,6,True,False,核心指標 ×1.3,2026-07-07 16:07:35
雅詩蘭黛,Double Wear 粉持久極致完美持妝粉底SPF10/PA++,二代,粉底液,防水抗汗,4.3,1,False,False,⚠️ 樣本僅 2 則，參考性有限,2026-07-07 16:07:35
雅詩蘭黛,Double Wear 粉持久極致完美持妝粉底SPF10/PA++,二代,粉底液,光澤度,3.8,1,False,False,⚠️ 樣本僅 2 則，參考性有限,2026-07-07 16:07:35
雅詩蘭黛,Double Wear 粉持久極致完美持妝粉底SPF10/PA++,二代,粉底液,成膜度,3.8,1,False,False,⚠️ 樣本僅 2 則，參考性有限,2026-07-07 16:07:35
雅詩蘭黛,Double Wear 粉持久極致完美持妝粉底SPF10/PA++,二代,粉底液,綜合評分,3.7,,,,排除 4 則業配/疑似業配、0 則商品不符,2026-07-07 16:07:35
雅詩蘭黛,Double Wear 粉持久極致完美持妝粉底SPF10/PA++,,粉底液,遮瑕力,3.67,4,True,False,核心指標 ×1.3,2026-07-07 16:07:35
雅詩蘭黛,Double Wear 粉持久極致完美持妝粉底SPF10/PA++,,粉底液,保濕度,3.8,1,False,False,⚠️ 樣本僅 2 則，參考性有限,2026-07-07 16:07:35
雅詩蘭黛,Double Wear 粉持久極致完美持妝粉底SPF10/PA++,,粉底液,控油力,,0,False,False,資料不足，評論中未提及此指標,2026-07-07 16:07:35
雅詩蘭黛,Double Wear 粉持久極致完美持妝粉底SPF10/PA++,,粉底液,持妝度,3.72,8,True,False,核心指標 ×1.3,2026-07-07 16:07:35
雅詩蘭黛,Double Wear 粉持久極致完美持妝粉底SPF10/PA++,,粉底液,輕透度,,0,False,False,資料不足，評論中未提及此指標,2026-07-07 16:07:35
雅詩蘭黛,Double Wear 粉持久極致完美持妝粉底SPF10/PA++,,粉底液,厚重度,3.1,1,False,False,⚠️ 樣本僅 2 則，參考性有限,2026-07-07 16:07:35
雅詩蘭黛,Double Wear 粉持久極致完美持妝粉底SPF10/PA++,,粉底液,服貼度,2.4,1,True,False,⚠️ 樣本僅 2 則，參考性有限,2026-07-07 16:07:35
雅詩蘭黛,Double Wear 粉持久極致完美持妝粉底SPF10/PA++,,粉底液,防水抗汗,3.8,1,False,False,⚠️ 樣本僅 2 則，參考性有限,2026-07-07 16:07:35
雅詩蘭黛,Double Wear 粉持久極致完美持妝粉底SPF10/PA++,,粉底液,光澤度,3.8,1,False,False,⚠️ 樣本僅 2 則，參考性有限,2026-07-07 16:07:35
雅詩蘭黛,Double Wear 粉持久極致完美持妝粉底SPF10/PA++,,粉底液,成膜度,,0,False,False,資料不足，評論中未提及此指標,2026-07-07 16:07:35
雅詩蘭黛,Double Wear 粉持久極致完美持妝粉底SPF10/PA++,,粉底液,綜合評分,3.4,,,,排除 0 則業配/疑似業配、3 則商品不符,2026-07-07 16:07:35
蘭蔻,零粉感超持久粉底SPF 48/ PA++,二代,粉底液,遮瑕力,3.8,1,True,False,⚠️ 樣本僅 2 則，參考性有限,2026-07-07 16:07:35
蘭蔻,零粉感超持久粉底SPF 48/ PA++,二代,粉底液,保濕度,,0,False,False,資料不足，評論中未提及此指標,2026-07-07 16:07:35
蘭蔻,零粉感超持久粉底SPF 48/ PA++,二代,粉底液,控油力,3.8,1,False,False,⚠️ 樣本僅 2 則，參考性有限,2026-07-07 16:07:35
蘭蔻,零粉感超持久粉底SPF 48/ PA++,二代,粉底液,持妝度,4.11,7,True,False,核心指標 ×1.3,2026-07-07 16:07:35
蘭蔻,零粉感超持久粉底SPF 48/ PA++,二代,粉底液,輕透度,3.89,5,False,False,,2026-07-07 16:07:35
蘭蔻,零粉感超持久粉底SPF 48/ PA++,二代,粉底液,厚重度,3.1,1,False,False,⚠️ 樣本僅 2 則，參考性有限,2026-07-07 16:07:35
蘭蔻,零粉感超持久粉底SPF 48/ PA++,二代,粉底液,服貼度,3.95,6,True,False,核心指標 ×1.3,2026-07-07 16:07:35
蘭蔻,零粉感超持久粉底SPF 48/ PA++,二代,粉底液,防水抗汗,,0,False,False,資料不足，評論中未提及此指標,2026-07-07 16:07:35
蘭蔻,零粉感超持久粉底SPF 48/ PA++,二代,粉底液,光澤度,,0,False,False,資料不足，評論中未提及此指標,2026-07-07 16:07:35
蘭蔻,零粉感超持久粉底SPF 48/ PA++,二代,粉底液,成膜度,,0,False,False,資料不足，評論中未提及此指標,2026-07-07 16:07:35
蘭蔻,零粉感超持久粉底SPF 48/ PA++,二代,粉底液,綜合評分,3.8,,,,排除 0 則業配/疑似業配、0 則商品不符,2026-07-07 16:07:35
蘭蔻,零粉感超持久粉底SPF 48/ PA++,,粉底液,遮瑕力,3.58,6,True,False,核心指標 ×1.3,2026-07-07 16:07:35
蘭蔻,零粉感超持久粉底SPF 48/ PA++,,粉底液,保濕度,3.8,2,False,False,⚠️ 樣本僅 2 則，參考性有限,2026-07-07 16:07:35
蘭蔻,零粉感超持久粉底SPF 48/ PA++,,粉底液,控油力,3.8,4,False,False,,2026-07-07 16:07:35
蘭蔻,零粉感超持久粉底SPF 48/ PA++,,粉底液,持妝度,4.01,7,True,False,核心指標 ×1.3,2026-07-07 16:07:35
蘭蔻,零粉感超持久粉底SPF 48/ PA++,,粉底液,輕透度,3.88,7,False,False,,2026-07-07 16:07:35
蘭蔻,零粉感超持久粉底SPF 48/ PA++,,粉底液,厚重度,,0,False,False,資料不足，評論中未提及此指標,2026-07-07 16:07:35
蘭蔻,零粉感超持久粉底SPF 48/ PA++,,粉底液,服貼度,3.91,9,True,False,核心指標 ×1.3,2026-07-07 16:07:35
蘭蔻,零粉感超持久粉底SPF 48/ PA++,,粉底液,防水抗汗,3.8,1,False,False,⚠️ 樣本僅 2 則，參考性有限,2026-07-07 16:07:35
蘭蔻,零粉感超持久粉底SPF 48/ PA++,,粉底液,光澤度,3.5,1,False,False,⚠️ 樣本僅 2 則，參考性有限,2026-07-07 16:07:35
蘭蔻,零粉感超持久粉底SPF 48/ PA++,,粉底液,成膜度,,0,False,False,資料不足，評論中未提及此指標,2026-07-07 16:07:35
蘭蔻,零粉感超持久粉底SPF 48/ PA++,,粉底液,綜合評分,3.8,,,,排除 0 則業配/疑似業配、2 則商品不符,2026-07-07 16:07:35
Bobbi Brown,霧光持久粉底液 SPF 15 PA++,,粉底液,遮瑕力,3.96,3,True,False,核心指標 ×1.3,2026-07-07 16:07:35
Bobbi Brown,霧光持久粉底液 SPF 15 PA++,,粉底液,保濕度,3.8,7,False,False,,2026-07-07 16:07:35
Bobbi Brown,霧光持久粉底液 SPF 15 PA++,,粉底液,控油力,3.93,6,False,False,,2026-07-07 16:07:35
Bobbi Brown,霧光持久粉底液 SPF 15 PA++,,粉底液,持妝度,4.02,23,True,False,核心指標 ×1.3,2026-07-07 16:07:35
Bobbi Brown,霧光持久粉底液 SPF 15 PA++,,粉底液,輕透度,3.8,5,False,False,,2026-07-07 16:07:35
Bobbi Brown,霧光持久粉底液 SPF 15 PA++,,粉底液,厚重度,,0,False,False,資料不足，評論中未提及此指標,2026-07-07 16:07:35
Bobbi Brown,霧光持久粉底液 SPF 15 PA++,,粉底液,服貼度,4.11,20,True,False,核心指標 ×1.3,2026-07-07 16:07:35
Bobbi Brown,霧光持久粉底液 SPF 15 PA++,,粉底液,防水抗汗,4.05,2,False,False,⚠️ 樣本僅 2 則且評論分歧，參考性有限,2026-07-07 16:07:35
Bobbi Brown,霧光持久粉底液 SPF 15 PA++,,粉底液,光澤度,3.8,3,False,False,,2026-07-07 16:07:35
Bobbi Brown,霧光持久粉底液 SPF 15 PA++,,粉底液,成膜度,,0,False,False,資料不足，評論中未提及此指標,2026-07-07 16:07:35
Bobbi Brown,霧光持久粉底液 SPF 15 PA++,,粉底液,綜合評分,3.9,,,,排除 0 則業配/疑似業配、0 則商品不符,2026-07-07 16:07:35
植村秀,無極限持久遮瑕筆,,遮瑕膏,遮蓋力,4.03,7,True,False,核心指標 ×1.3,2026-07-07 16:29:17
植村秀,無極限持久遮瑕筆,,遮瑕膏,抗紋力,4.7,2,True,False,⚠️ 樣本僅 2 則且評論分歧，參考性有限,2026-07-07 16:29:17
植村秀,無極限持久遮瑕筆,,遮瑕膏,持久度,3.8,1,False,False,⚠️ 樣本僅 2 則，參考性有限,2026-07-07 16:29:17
植村秀,無極限持久遮瑕筆,,遮瑕膏,服貼度,3.52,2,True,False,⚠️ 樣本僅 2 則且評論分歧，參考性有限,2026-07-07 16:29:17
植村秀,無極限持久遮瑕筆,,遮瑕膏,不暗沉變色,,0,False,False,資料不足，評論中未提及此指標,2026-07-07 16:29:17
植村秀,無極限持久遮瑕筆,,遮瑕膏,校色效果,,0,False,False,資料不足，評論中未提及此指標,2026-07-07 16:29:17
植村秀,無極限持久遮瑕筆,,遮瑕膏,厚重度,,0,False,False,資料不足，評論中未提及此指標,2026-07-07 16:29:17
植村秀,無極限持久遮瑕筆,,遮瑕膏,綜合評分,4.0,,,,排除 0 則業配/疑似業配、19 則商品不符,2026-07-07 16:29:17
資生堂,超進化光感輕潤遮瑕棒,,遮瑕膏,遮蓋力,3.22,4,True,False,核心指標 ×1.3,2026-07-07 16:29:17
資生堂,超進化光感輕潤遮瑕棒,,遮瑕膏,抗紋力,4.16,3,True,False,核心指標 ×1.3,2026-07-07 16:29:17
資生堂,超進化光感輕潤遮瑕棒,,遮瑕膏,持久度,,0,False,False,資料不足，評論中未提及此指標,2026-07-07 16:29:17
資生堂,超進化光感輕潤遮瑕棒,,遮瑕膏,服貼度,3.8,2,True,False,⚠️ 樣本僅 2 則，參考性有限,2026-07-07 16:29:17
資生堂,超進化光感輕潤遮瑕棒,,遮瑕膏,不暗沉變色,4.3,1,False,False,⚠️ 樣本僅 2 則，參考性有限,2026-07-07 16:29:17
資生堂,超進化光感輕潤遮瑕棒,,遮瑕膏,校色效果,,0,False,False,資料不足，評論中未提及此指標,2026-07-07 16:29:17
資生堂,超進化光感輕潤遮瑕棒,,遮瑕膏,厚重度,3.8,1,False,False,⚠️ 樣本僅 2 則，參考性有限,2026-07-07 16:29:17
資生堂,超進化光感輕潤遮瑕棒,,遮瑕膏,綜合評分,3.8,,,,排除 1 則業配/疑似業配、24 則商品不符,2026-07-07 16:29:17
M.A.C,超持妝六色遮瑕盤,,遮瑕膏,遮蓋力,3.86,17,True,False,核心指標 ×1.3,2026-07-07 16:29:17
M.A.C,超持妝六色遮瑕盤,,遮瑕膏,抗紋力,3.84,17,True,False,核心指標 ×1.3,2026-07-07 16:29:17
M.A.C,超持妝六色遮瑕盤,,遮瑕膏,持久度,3.8,1,False,False,⚠️ 樣本僅 2 則，參考性有限,2026-07-07 16:29:17
M.A.C,超持妝六色遮瑕盤,,遮瑕膏,服貼度,3.71,5,True,False,核心指標 ×1.3,2026-07-07 16:29:17
M.A.C,超持妝六色遮瑕盤,,遮瑕膏,不暗沉變色,,0,False,False,資料不足，評論中未提及此指標,2026-07-07 16:29:17
M.A.C,超持妝六色遮瑕盤,,遮瑕膏,校色效果,3.61,7,False,False,,2026-07-07 16:29:17
M.A.C,超持妝六色遮瑕盤,,遮瑕膏,厚重度,3.45,2,False,False,⚠️ 樣本僅 2 則且評論分歧，參考性有限,2026-07-07 16:29:17
M.A.C,超持妝六色遮瑕盤,,遮瑕膏,綜合評分,3.7,,,,排除 1 則業配/疑似業配、0 則商品不符,2026-07-07 16:29:17
YSL,恆久完美精準無瑕遮瑕液,,遮瑕膏,遮蓋力,3.69,8,True,False,核心指標 ×1.3,2026-07-07 16:29:17
YSL,恆久完美精準無瑕遮瑕液,,遮瑕膏,抗紋力,3.9,5,True,False,核心指標 ×1.3,2026-07-07 16:29:17
YSL,恆久完美精準無瑕遮瑕液,,遮瑕膏,持久度,4.05,3,False,False,,2026-07-07 16:29:17
YSL,恆久完美精準無瑕遮瑕液,,遮瑕膏,服貼度,3.8,3,True,False,核心指標 ×1.3,2026-07-07 16:29:17
YSL,恆久完美精準無瑕遮瑕液,,遮瑕膏,不暗沉變色,,0,False,False,資料不足，評論中未提及此指標,2026-07-07 16:29:17
YSL,恆久完美精準無瑕遮瑕液,,遮瑕膏,校色效果,,0,False,False,資料不足，評論中未提及此指標,2026-07-07 16:29:17
YSL,恆久完美精準無瑕遮瑕液,,遮瑕膏,厚重度,3.8,3,False,False,,2026-07-07 16:29:17
YSL,恆久完美精準無瑕遮瑕液,,遮瑕膏,綜合評分,3.8,,,,排除 5 則業配/疑似業配、13 則商品不符,2026-07-07 16:29:17
DIOR,DIOR超完美持久遮瑕乳,,遮瑕膏,遮蓋力,3.93,22,True,False,核心指標 ×1.3,2026-07-07 16:29:17
DIOR,DIOR超完美持久遮瑕乳,,遮瑕膏,抗紋力,3.79,11,True,False,核心指標 ×1.3,2026-07-07 16:29:17
DIOR,DIOR超完美持久遮瑕乳,,遮瑕膏,持久度,3.6,4,False,False,,2026-07-07 16:29:17
DIOR,DIOR超完美持久遮瑕乳,,遮瑕膏,服貼度,3.88,5,True,False,核心指標 ×1.3,2026-07-07 16:29:17
DIOR,DIOR超完美持久遮瑕乳,,遮瑕膏,不暗沉變色,2.96,2,False,False,⚠️ 樣本僅 2 則且評論分歧，參考性有限,2026-07-07 16:29:17
DIOR,DIOR超完美持久遮瑕乳,,遮瑕膏,校色效果,4.3,1,False,False,⚠️ 樣本僅 2 則，參考性有限,2026-07-07 16:29:17
DIOR,DIOR超完美持久遮瑕乳,,遮瑕膏,厚重度,3.86,8,False,False,,2026-07-07 16:29:17
DIOR,DIOR超完美持久遮瑕乳,,遮瑕膏,綜合評分,3.8,,,,排除 0 則業配/疑似業配、3 則商品不符,2026-07-07 16:29:17
CHANEL,香奈兒原生美肌遮瑕精萃,,遮瑕膏,遮蓋力,3.1,2,True,False,⚠️ 樣本僅 2 則且評論分歧，參考性有限 ⚠️ 有效評論樣本較少，結果僅供參考,2026-07-07 16:29:17
CHANEL,香奈兒原生美肌遮瑕精萃,,遮瑕膏,抗紋力,,0,True,False,資料不足，評論中未提及此指標,2026-07-07 16:29:17
CHANEL,香奈兒原生美肌遮瑕精萃,,遮瑕膏,持久度,,0,False,False,資料不足，評論中未提及此指標,2026-07-07 16:29:17
CHANEL,香奈兒原生美肌遮瑕精萃,,遮瑕膏,服貼度,,0,True,False,資料不足，評論中未提及此指標,2026-07-07 16:29:17
CHANEL,香奈兒原生美肌遮瑕精萃,,遮瑕膏,不暗沉變色,,0,False,False,資料不足，評論中未提及此指標,2026-07-07 16:29:17
CHANEL,香奈兒原生美肌遮瑕精萃,,遮瑕膏,校色效果,,0,False,False,資料不足，評論中未提及此指標,2026-07-07 16:29:17
CHANEL,香奈兒原生美肌遮瑕精萃,,遮瑕膏,厚重度,3.8,1,False,False,⚠️ 樣本僅 2 則，參考性有限 ⚠️ 有效評論樣本較少，結果僅供參考,2026-07-07 16:29:17
CHANEL,香奈兒原生美肌遮瑕精萃,,遮瑕膏,綜合評分,3.4,,,,排除 3 則業配/疑似業配、22 則商品不符,2026-07-07 16:29:17
MAKE UP FOREVER,HD SKIN 粉無痕魔力防水遮瑕霜,,遮瑕膏,遮蓋力,4.3,2,True,False,⚠️ 樣本僅 2 則，參考性有限,2026-07-07 16:29:17
MAKE UP FOREVER,HD SKIN 粉無痕魔力防水遮瑕霜,,遮瑕膏,抗紋力,3.1,1,True,False,⚠️ 樣本僅 2 則，參考性有限,2026-07-07 16:29:17
MAKE UP FOREVER,HD SKIN 粉無痕魔力防水遮瑕霜,,遮瑕膏,持久度,4.17,3,False,False,,2026-07-07 16:29:17
MAKE UP FOREVER,HD SKIN 粉無痕魔力防水遮瑕霜,,遮瑕膏,服貼度,,0,True,False,資料不足，評論中未提及此指標,2026-07-07 16:29:17
MAKE UP FOREVER,HD SKIN 粉無痕魔力防水遮瑕霜,,遮瑕膏,不暗沉變色,,0,False,False,資料不足，評論中未提及此指標,2026-07-07 16:29:17
MAKE UP FOREVER,HD SKIN 粉無痕魔力防水遮瑕霜,,遮瑕膏,校色效果,,0,False,False,資料不足，評論中未提及此指標,2026-07-07 16:29:17
MAKE UP FOREVER,HD SKIN 粉無痕魔力防水遮瑕霜,,遮瑕膏,厚重度,3.52,3,False,False,,2026-07-07 16:29:17
MAKE UP FOREVER,HD SKIN 粉無痕魔力防水遮瑕霜,,遮瑕膏,綜合評分,3.8,,,,排除 8 則業配/疑似業配、17 則商品不符,2026-07-07 16:29:17
雅詩蘭黛,Futurist 粉保濕遮瑕亮眼精萃,,遮瑕膏,遮蓋力,3.8,1,True,False,⚠️ 樣本僅 2 則，參考性有限 ⚠️ 有效評論樣本較少，結果僅供參考,2026-07-07 16:29:17
雅詩蘭黛,Futurist 粉保濕遮瑕亮眼精萃,,遮瑕膏,抗紋力,,0,True,False,資料不足，評論中未提及此指標,2026-07-07 16:29:17
雅詩蘭黛,Futurist 粉保濕遮瑕亮眼精萃,,遮瑕膏,持久度,,0,False,False,資料不足，評論中未提及此指標,2026-07-07 16:29:17
雅詩蘭黛,Futurist 粉保濕遮瑕亮眼精萃,,遮瑕膏,服貼度,,0,True,False,資料不足，評論中未提及此指標,2026-07-07 16:29:17
雅詩蘭黛,Futurist 粉保濕遮瑕亮眼精萃,,遮瑕膏,不暗沉變色,,0,False,False,資料不足，評論中未提及此指標,2026-07-07 16:29:17
雅詩蘭黛,Futurist 粉保濕遮瑕亮眼精萃,,遮瑕膏,校色效果,,0,False,False,資料不足，評論中未提及此指標,2026-07-07 16:29:17
雅詩蘭黛,Futurist 粉保濕遮瑕亮眼精萃,,遮瑕膏,厚重度,,0,False,False,資料不足，評論中未提及此指標,2026-07-07 16:29:17
雅詩蘭黛,Futurist 粉保濕遮瑕亮眼精萃,,遮瑕膏,綜合評分,3.8,,,,排除 5 則業配/疑似業配、23 則商品不符,2026-07-07 16:29:17
蘭蔻,零粉感超持久遮瑕提亮液,,遮瑕膏,遮蓋力,3.9,2,True,False,⚠️ 樣本僅 2 則且評論分歧，參考性有限 ⚠️ 有效評論樣本較少，結果僅供參考,2026-07-07 16:29:17
蘭蔻,零粉感超持久遮瑕提亮液,,遮瑕膏,抗紋力,,0,True,False,資料不足，評論中未提及此指標,2026-07-07 16:29:17
蘭蔻,零粉感超持久遮瑕提亮液,,遮瑕膏,持久度,,0,False,False,資料不足，評論中未提及此指標,2026-07-07 16:29:17
蘭蔻,零粉感超持久遮瑕提亮液,,遮瑕膏,服貼度,,0,True,False,資料不足，評論中未提及此指標,2026-07-07 16:29:17
蘭蔻,零粉感超持久遮瑕提亮液,,遮瑕膏,不暗沉變色,,0,False,False,資料不足，評論中未提及此指標,2026-07-07 16:29:17
蘭蔻,零粉感超持久遮瑕提亮液,,遮瑕膏,校色效果,,0,False,False,資料不足，評論中未提及此指標,2026-07-07 16:29:17
蘭蔻,零粉感超持久遮瑕提亮液,,遮瑕膏,厚重度,,0,False,False,資料不足，評論中未提及此指標,2026-07-07 16:29:17
蘭蔻,零粉感超持久遮瑕提亮液,,遮瑕膏,綜合評分,3.9,,,,排除 2 則業配/疑似業配、25 則商品不符,2026-07-07 16:29:17
Bobbi Brown,全方位奶油遮瑕盤,,遮瑕膏,遮蓋力,5.0,2,True,False,⚠️ 樣本僅 2 則，參考性有限 ⚠️ 有效評論樣本較少，結果僅供參考,2026-07-07 16:29:17
Bobbi Brown,全方位奶油遮瑕盤,,遮瑕膏,抗紋力,,0,True,False,資料不足，評論中未提及此指標,2026-07-07 16:29:17
Bobbi Brown,全方位奶油遮瑕盤,,遮瑕膏,持久度,,0,False,False,資料不足，評論中未提及此指標,2026-07-07 16:29:17
Bobbi Brown,全方位奶油遮瑕盤,,遮瑕膏,服貼度,,0,True,False,資料不足，評論中未提及此指標,2026-07-07 16:29:17
Bobbi Brown,全方位奶油遮瑕盤,,遮瑕膏,不暗沉變色,,0,False,False,資料不足，評論中未提及此指標,2026-07-07 16:29:17
Bobbi Brown,全方位奶油遮瑕盤,,遮瑕膏,校色效果,4.3,1,False,False,⚠️ 樣本僅 2 則，參考性有限 ⚠️ 有效評論樣本較少，結果僅供參考,2026-07-07 16:29:17
Bobbi Brown,全方位奶油遮瑕盤,,遮瑕膏,厚重度,3.8,1,False,False,⚠️ 樣本僅 2 則，參考性有限 ⚠️ 有效評論樣本較少，結果僅供參考,2026-07-07 16:29:17
Bobbi Brown,全方位奶油遮瑕盤,,遮瑕膏,綜合評分,4.4,,,,排除 0 則業配/疑似業配、27 則商品不符,2026-07-07 16:29:17
M.A.C,超持妝霧絲絨氣墊粉餅SPF 50/PA+++,,氣墊粉餅,遮瑕力,4.07,15,True,False,核心指標 ×1.3,2026-07-13 15:27:41
M.A.C,超持妝霧絲絨氣墊粉餅SPF 50/PA+++,,氣墊粉餅,保濕度,3.8,1,False,False,⚠️ 樣本僅 2 則，參考性有限,2026-07-13 15:27:41
M.A.C,超持妝霧絲絨氣墊粉餅SPF 50/PA+++,,氣墊粉餅,控油力,3.91,5,False,False,,2026-07-13 15:27:41
M.A.C,超持妝霧絲絨氣墊粉餅SPF 50/PA+++,,氣墊粉餅,持妝度,4.32,15,True,False,核心指標 ×1.3,2026-07-13 15:27:41
M.A.C,超持妝霧絲絨氣墊粉餅SPF 50/PA+++,,氣墊粉餅,輕透度,3.8,2,False,False,⚠️ 樣本僅 2 則，參考性有限,2026-07-13 15:27:41
M.A.C,超持妝霧絲絨氣墊粉餅SPF 50/PA+++,,氣墊粉餅,厚重度,3.8,1,False,False,⚠️ 樣本僅 2 則，參考性有限,2026-07-13 15:27:41
M.A.C,超持妝霧絲絨氣墊粉餅SPF 50/PA+++,,氣墊粉餅,服貼度,4.0,10,True,False,核心指標 ×1.3,2026-07-13 15:27:41
M.A.C,超持妝霧絲絨氣墊粉餅SPF 50/PA+++,,氣墊粉餅,成膜度,,0,False,False,資料不足，評論中未提及此指標,2026-07-13 15:27:41
M.A.C,超持妝霧絲絨氣墊粉餅SPF 50/PA+++,,氣墊粉餅,防水抗汗,3.97,6,False,False,,2026-07-13 15:27:41
M.A.C,超持妝霧絲絨氣墊粉餅SPF 50/PA+++,,氣墊粉餅,光澤度,3.8,3,False,False,,2026-07-13 15:27:41
M.A.C,超持妝霧絲絨氣墊粉餅SPF 50/PA+++,,氣墊粉餅,包裝與粉撲設計,3.1,3,False,False,,2026-07-13 15:27:41
M.A.C,超持妝霧絲絨氣墊粉餅SPF 50/PA+++,,氣墊粉餅,綜合評分,3.9,,,,排除 1 則業配/疑似業配、0 則商品不符,2026-07-13 15:27:41
YSL,恆久完美霧光氣墊粉餅SPF23 / PA++,,氣墊粉餅,遮瑕力,3.8,4,True,False,核心指標 ×1.3,2026-07-13 15:27:41
YSL,恆久完美霧光氣墊粉餅SPF23 / PA++,,氣墊粉餅,保濕度,3.8,3,False,False,,2026-07-13 15:27:41
YSL,恆久完美霧光氣墊粉餅SPF23 / PA++,,氣墊粉餅,控油力,4.05,2,False,False,⚠️ 樣本僅 2 則且評論分歧，參考性有限,2026-07-13 15:27:41
YSL,恆久完美霧光氣墊粉餅SPF23 / PA++,,氣墊粉餅,持妝度,3.8,4,True,False,核心指標 ×1.3,2026-07-13 15:27:41
YSL,恆久完美霧光氣墊粉餅SPF23 / PA++,,氣墊粉餅,輕透度,3.97,7,False,False,,2026-07-13 15:27:41
YSL,恆久完美霧光氣墊粉餅SPF23 / PA++,,氣墊粉餅,厚重度,3.8,4,False,False,,2026-07-13 15:27:41
YSL,恆久完美霧光氣墊粉餅SPF23 / PA++,,氣墊粉餅,服貼度,3.93,9,True,False,核心指標 ×1.3,2026-07-13 15:27:41
YSL,恆久完美霧光氣墊粉餅SPF23 / PA++,,氣墊粉餅,成膜度,,0,False,False,資料不足，評論中未提及此指標,2026-07-13 15:27:41
YSL,恆久完美霧光氣墊粉餅SPF23 / PA++,,氣墊粉餅,防水抗汗,,0,False,False,資料不足，評論中未提及此指標,2026-07-13 15:27:41
YSL,恆久完美霧光氣墊粉餅SPF23 / PA++,,氣墊粉餅,光澤度,3.65,2,False,False,⚠️ 樣本僅 2 則且評論分歧，參考性有限,2026-07-13 15:27:41
YSL,恆久完美霧光氣墊粉餅SPF23 / PA++,,氣墊粉餅,包裝與粉撲設計,3.8,2,False,False,⚠️ 樣本僅 2 則，參考性有限,2026-07-13 15:27:41
YSL,恆久完美霧光氣墊粉餅SPF23 / PA++,,氣墊粉餅,綜合評分,3.8,,,,排除 0 則業配/疑似業配、13 則商品不符,2026-07-13 15:27:41
DIOR,迪奧超完美氣墊粉餅,,氣墊粉餅,遮瑕力,3.83,11,True,False,核心指標 ×1.3,2026-07-13 15:27:41
DIOR,迪奧超完美氣墊粉餅,,氣墊粉餅,保濕度,3.8,7,False,False,,2026-07-13 15:27:41
DIOR,迪奧超完美氣墊粉餅,,氣墊粉餅,控油力,,0,False,False,資料不足，評論中未提及此指標,2026-07-13 15:27:41
DIOR,迪奧超完美氣墊粉餅,,氣墊粉餅,持妝度,4.01,8,True,False,核心指標 ×1.3,2026-07-13 15:27:41
DIOR,迪奧超完美氣墊粉餅,,氣墊粉餅,輕透度,3.8,2,False,False,⚠️ 樣本僅 2 則，參考性有限,2026-07-13 15:27:41
DIOR,迪奧超完美氣墊粉餅,,氣墊粉餅,厚重度,3.38,2,False,False,⚠️ 樣本僅 2 則且評論分歧，參考性有限,2026-07-13 15:27:41
DIOR,迪奧超完美氣墊粉餅,,氣墊粉餅,服貼度,3.64,9,True,False,核心指標 ×1.3,2026-07-13 15:27:41
DIOR,迪奧超完美氣墊粉餅,,氣墊粉餅,成膜度,,0,False,False,資料不足，評論中未提及此指標,2026-07-13 15:27:41
DIOR,迪奧超完美氣墊粉餅,,氣墊粉餅,防水抗汗,3.8,1,False,False,⚠️ 樣本僅 2 則，參考性有限,2026-07-13 15:27:41
DIOR,迪奧超完美氣墊粉餅,,氣墊粉餅,光澤度,4.12,10,False,False,,2026-07-13 15:27:41
DIOR,迪奧超完美氣墊粉餅,,氣墊粉餅,包裝與粉撲設計,3.04,6,False,False,,2026-07-13 15:27:41
DIOR,迪奧超完美氣墊粉餅,,氣墊粉餅,綜合評分,3.7,,,,排除 1 則業配/疑似業配、2 則商品不符,2026-07-13 15:27:41
CHANEL,香奈兒雪紡輕霧持久氣墊粉餅,,氣墊粉餅,遮瑕力,3.37,11,True,False,核心指標 ×1.3,2026-07-13 15:27:41
CHANEL,香奈兒雪紡輕霧持久氣墊粉餅,,氣墊粉餅,保濕度,4.13,5,False,False,,2026-07-13 15:27:41
CHANEL,香奈兒雪紡輕霧持久氣墊粉餅,,氣墊粉餅,控油力,3.8,2,False,False,⚠️ 樣本僅 2 則，參考性有限,2026-07-13 15:27:41
CHANEL,香奈兒雪紡輕霧持久氣墊粉餅,,氣墊粉餅,持妝度,3.56,11,True,False,核心指標 ×1.3,2026-07-13 15:27:41
CHANEL,香奈兒雪紡輕霧持久氣墊粉餅,,氣墊粉餅,輕透度,4.05,4,False,False,,2026-07-13 15:27:41
CHANEL,香奈兒雪紡輕霧持久氣墊粉餅,,氣墊粉餅,厚重度,3.8,1,False,False,⚠️ 樣本僅 2 則，參考性有限,2026-07-13 15:27:41
CHANEL,香奈兒雪紡輕霧持久氣墊粉餅,,氣墊粉餅,服貼度,3.81,5,True,False,核心指標 ×1.3,2026-07-13 15:27:41
CHANEL,香奈兒雪紡輕霧持久氣墊粉餅,,氣墊粉餅,成膜度,3.1,1,False,False,⚠️ 樣本僅 2 則，參考性有限,2026-07-13 15:27:41
CHANEL,香奈兒雪紡輕霧持久氣墊粉餅,,氣墊粉餅,防水抗汗,3.1,4,False,False,,2026-07-13 15:27:41
CHANEL,香奈兒雪紡輕霧持久氣墊粉餅,,氣墊粉餅,光澤度,3.91,6,False,False,,2026-07-13 15:27:41
CHANEL,香奈兒雪紡輕霧持久氣墊粉餅,,氣墊粉餅,包裝與粉撲設計,2.63,6,False,False,,2026-07-13 15:27:41
CHANEL,香奈兒雪紡輕霧持久氣墊粉餅,,氣墊粉餅,綜合評分,3.6,,,,排除 0 則業配/疑似業配、0 則商品不符,2026-07-13 15:27:41
MAKE UP FOREVER,HD SKIN 粉無痕美肌氣墊粉餅,,氣墊粉餅,遮瑕力,2.68,2,True,False,⚠️ 樣本僅 2 則且評論分歧，參考性有限,2026-07-13 15:27:41
MAKE UP FOREVER,HD SKIN 粉無痕美肌氣墊粉餅,,氣墊粉餅,保濕度,,0,False,False,資料不足，評論中未提及此指標,2026-07-13 15:27:41
MAKE UP FOREVER,HD SKIN 粉無痕美肌氣墊粉餅,,氣墊粉餅,控油力,,0,False,False,資料不足，評論中未提及此指標,2026-07-13 15:27:41
MAKE UP FOREVER,HD SKIN 粉無痕美肌氣墊粉餅,,氣墊粉餅,持妝度,3.5,1,True,False,⚠️ 樣本僅 2 則，參考性有限,2026-07-13 15:27:41
MAKE UP FOREVER,HD SKIN 粉無痕美肌氣墊粉餅,,氣墊粉餅,輕透度,,0,False,False,資料不足，評論中未提及此指標,2026-07-13 15:27:41
MAKE UP FOREVER,HD SKIN 粉無痕美肌氣墊粉餅,,氣墊粉餅,厚重度,2.4,1,False,False,⚠️ 樣本僅 2 則，參考性有限,2026-07-13 15:27:41
MAKE UP FOREVER,HD SKIN 粉無痕美肌氣墊粉餅,,氣墊粉餅,服貼度,3.1,5,True,False,核心指標 ×1.3,2026-07-13 15:27:41
MAKE UP FOREVER,HD SKIN 粉無痕美肌氣墊粉餅,,氣墊粉餅,成膜度,3.1,1,False,False,⚠️ 樣本僅 2 則，參考性有限,2026-07-13 15:27:41
MAKE UP FOREVER,HD SKIN 粉無痕美肌氣墊粉餅,,氣墊粉餅,防水抗汗,,0,False,False,資料不足，評論中未提及此指標,2026-07-13 15:27:41
MAKE UP FOREVER,HD SKIN 粉無痕美肌氣墊粉餅,,氣墊粉餅,光澤度,3.8,1,False,False,⚠️ 樣本僅 2 則，參考性有限,2026-07-13 15:27:41
MAKE UP FOREVER,HD SKIN 粉無痕美肌氣墊粉餅,,氣墊粉餅,包裝與粉撲設計,,0,False,False,資料不足，評論中未提及此指標,2026-07-13 15:27:41
MAKE UP FOREVER,HD SKIN 粉無痕美肌氣墊粉餅,,氣墊粉餅,綜合評分,3.1,,,,排除 0 則業配/疑似業配、23 則商品不符,2026-07-13 15:27:41
雅詩蘭黛,Double Wear 粉持久完美鎖妝氣墊粉餅SPF45/PA+++,,氣墊粉餅,遮瑕力,3.86,9,True,False,核心指標 ×1.3,2026-07-13 15:27:41
雅詩蘭黛,Double Wear 粉持久完美鎖妝氣墊粉餅SPF45/PA+++,,氣墊粉餅,保濕度,3.8,1,False,False,⚠️ 樣本僅 2 則，參考性有限,2026-07-13 15:27:41
雅詩蘭黛,Double Wear 粉持久完美鎖妝氣墊粉餅SPF45/PA+++,,氣墊粉餅,控油力,4.02,5,False,False,,2026-07-13 15:27:41
雅詩蘭黛,Double Wear 粉持久完美鎖妝氣墊粉餅SPF45/PA+++,,氣墊粉餅,持妝度,3.29,11,True,False,核心指標 ×1.3,2026-07-13 15:27:41
雅詩蘭黛,Double Wear 粉持久完美鎖妝氣墊粉餅SPF45/PA+++,,氣墊粉餅,輕透度,4.0,2,False,False,⚠️ 樣本僅 2 則且評論分歧，參考性有限,2026-07-13 15:27:41
雅詩蘭黛,Double Wear 粉持久完美鎖妝氣墊粉餅SPF45/PA+++,,氣墊粉餅,厚重度,3.55,7,False,False,,2026-07-13 15:27:41
雅詩蘭黛,Double Wear 粉持久完美鎖妝氣墊粉餅SPF45/PA+++,,氣墊粉餅,服貼度,3.52,10,True,False,核心指標 ×1.3,2026-07-13 15:27:41
雅詩蘭黛,Double Wear 粉持久完美鎖妝氣墊粉餅SPF45/PA+++,,氣墊粉餅,成膜度,,0,False,False,資料不足，評論中未提及此指標,2026-07-13 15:27:41
雅詩蘭黛,Double Wear 粉持久完美鎖妝氣墊粉餅SPF45/PA+++,,氣墊粉餅,防水抗汗,3.09,6,False,False,,2026-07-13 15:27:41
雅詩蘭黛,Double Wear 粉持久完美鎖妝氣墊粉餅SPF45/PA+++,,氣墊粉餅,光澤度,3.71,6,False,False,,2026-07-13 15:27:41
雅詩蘭黛,Double Wear 粉持久完美鎖妝氣墊粉餅SPF45/PA+++,,氣墊粉餅,包裝與粉撲設計,3.23,6,False,False,,2026-07-13 15:27:41
雅詩蘭黛,Double Wear 粉持久完美鎖妝氣墊粉餅SPF45/PA+++,,氣墊粉餅,綜合評分,3.6,,,,排除 3 則業配/疑似業配、1 則商品不符,2026-07-13 15:27:41
蘭蔻,唯我水霧光精華持久氣墊,,氣墊粉餅,遮瑕力,3.04,5,True,False,核心指標 ×1.3,2026-07-13 15:27:41
蘭蔻,唯我水霧光精華持久氣墊,,氣墊粉餅,保濕度,4.03,13,False,False,,2026-07-13 15:27:41
蘭蔻,唯我水霧光精華持久氣墊,,氣墊粉餅,控油力,,0,False,False,資料不足，評論中未提及此指標,2026-07-13 15:27:41
蘭蔻,唯我水霧光精華持久氣墊,,氣墊粉餅,持妝度,3.21,6,True,False,核心指標 ×1.3,2026-07-13 15:27:41
蘭蔻,唯我水霧光精華持久氣墊,,氣墊粉餅,輕透度,3.45,2,False,False,⚠️ 樣本僅 2 則且評論分歧，參考性有限,2026-07-13 15:27:41
蘭蔻,唯我水霧光精華持久氣墊,,氣墊粉餅,厚重度,,0,False,False,資料不足，評論中未提及此指標,2026-07-13 15:27:41
蘭蔻,唯我水霧光精華持久氣墊,,氣墊粉餅,服貼度,3.32,12,True,False,核心指標 ×1.3,2026-07-13 15:27:41
蘭蔻,唯我水霧光精華持久氣墊,,氣墊粉餅,成膜度,,0,False,False,資料不足，評論中未提及此指標,2026-07-13 15:27:41
蘭蔻,唯我水霧光精華持久氣墊,,氣墊粉餅,防水抗汗,3.1,2,False,False,⚠️ 樣本僅 2 則，參考性有限,2026-07-13 15:27:41
蘭蔻,唯我水霧光精華持久氣墊,,氣墊粉餅,光澤度,3.86,11,False,False,,2026-07-13 15:27:41
蘭蔻,唯我水霧光精華持久氣墊,,氣墊粉餅,包裝與粉撲設計,3.33,4,False,False,,2026-07-13 15:27:41
蘭蔻,唯我水霧光精華持久氣墊,,氣墊粉餅,綜合評分,3.4,,,,排除 4 則業配/疑似業配、0 則商品不符,2026-07-13 15:27:41
Bobbi Brown,霧光持久氣墊粉餅,,氣墊粉餅,遮瑕力,3.8,4,True,False,核心指標 ×1.3,2026-07-13 15:27:41
Bobbi Brown,霧光持久氣墊粉餅,,氣墊粉餅,保濕度,3.91,6,False,False,,2026-07-13 15:27:41
Bobbi Brown,霧光持久氣墊粉餅,,氣墊粉餅,控油力,4.0,4,False,False,,2026-07-13 15:27:41
Bobbi Brown,霧光持久氣墊粉餅,,氣墊粉餅,持妝度,4.42,15,True,False,核心指標 ×1.3,2026-07-13 15:27:41
Bobbi Brown,霧光持久氣墊粉餅,,氣墊粉餅,輕透度,,0,False,False,資料不足，評論中未提及此指標,2026-07-13 15:27:41
Bobbi Brown,霧光持久氣墊粉餅,,氣墊粉餅,厚重度,,0,False,False,資料不足，評論中未提及此指標,2026-07-13 15:27:41
Bobbi Brown,霧光持久氣墊粉餅,,氣墊粉餅,服貼度,4.21,21,True,False,核心指標 ×1.3,2026-07-13 15:27:41
Bobbi Brown,霧光持久氣墊粉餅,,氣墊粉餅,成膜度,,0,False,False,資料不足，評論中未提及此指標,2026-07-13 15:27:41
Bobbi Brown,霧光持久氣墊粉餅,,氣墊粉餅,防水抗汗,,0,False,False,資料不足，評論中未提及此指標,2026-07-13 15:27:41
Bobbi Brown,霧光持久氣墊粉餅,,氣墊粉餅,光澤度,3.8,1,False,False,⚠️ 樣本僅 2 則，參考性有限,2026-07-13 15:27:41
Bobbi Brown,霧光持久氣墊粉餅,,氣墊粉餅,包裝與粉撲設計,3.5,6,False,False,,2026-07-13 15:27:41
Bobbi Brown,霧光持久氣墊粉餅,,氣墊粉餅,綜合評分,4.0,,,,排除 0 則業配/疑似業配、0 則商品不符,2026-07-13 15:27:41
植村秀,無極限持妝輕蜜粉,,蜜粉,粉質細緻度,4.43,14,True,False,核心指標 ×1.3,2026-07-13 15:35:01
植村秀,無極限持妝輕蜜粉,,蜜粉,毛孔柔焦度,4.01,14,True,False,核心指標 ×1.3,2026-07-13 15:35:01
植村秀,無極限持妝輕蜜粉,,蜜粉,控油持妝力,3.67,13,True,False,核心指標 ×1.3,2026-07-13 15:35:01
植村秀,無極限持妝輕蜜粉,,蜜粉,保濕度,3.8,5,False,False,,2026-07-13 15:35:01
植村秀,無極限持妝輕蜜粉,,蜜粉,輕透度,4.0,4,False,False,,2026-07-13 15:35:01
植村秀,無極限持妝輕蜜粉,,蜜粉,取粉設計,2.73,8,False,False,,2026-07-13 15:35:01
植村秀,無極限持妝輕蜜粉,,蜜粉,綜合評分,3.8,,,,排除 3 則業配/疑似業配、0 則商品不符,2026-07-13 15:35:01
資生堂,超進化空氣蜜粉,,蜜粉,粉質細緻度,4.42,8,True,False,核心指標 ×1.3,2026-07-13 15:35:01
資生堂,超進化空氣蜜粉,,蜜粉,毛孔柔焦度,3.8,3,True,False,核心指標 ×1.3,2026-07-13 15:35:01
資生堂,超進化空氣蜜粉,,蜜粉,控油持妝力,2.71,4,True,False,核心指標 ×1.3,2026-07-13 15:35:01
資生堂,超進化空氣蜜粉,,蜜粉,保濕度,3.8,6,False,False,,2026-07-13 15:35:01
資生堂,超進化空氣蜜粉,,蜜粉,輕透度,3.8,3,False,False,,2026-07-13 15:35:01
資生堂,超進化空氣蜜粉,,蜜粉,取粉設計,,0,False,False,資料不足，評論中未提及此指標,2026-07-13 15:35:01
資生堂,超進化空氣蜜粉,,蜜粉,綜合評分,3.7,,,,排除 0 則業配/疑似業配、18 則商品不符,2026-07-13 15:35:01
M.A.C,超持妝輕透濾鏡蜜粉,,蜜粉,粉質細緻度,3.97,9,True,False,核心指標 ×1.3,2026-07-13 15:35:01
M.A.C,超持妝輕透濾鏡蜜粉,,蜜粉,毛孔柔焦度,3.88,21,True,False,核心指標 ×1.3,2026-07-13 15:35:01
M.A.C,超持妝輕透濾鏡蜜粉,,蜜粉,控油持妝力,3.76,10,True,False,核心指標 ×1.3,2026-07-13 15:35:01
M.A.C,超持妝輕透濾鏡蜜粉,,蜜粉,保濕度,,0,False,False,資料不足，評論中未提及此指標,2026-07-13 15:35:01
M.A.C,超持妝輕透濾鏡蜜粉,,蜜粉,輕透度,3.8,3,False,False,,2026-07-13 15:35:01
M.A.C,超持妝輕透濾鏡蜜粉,,蜜粉,取粉設計,3.8,2,False,False,⚠️ 樣本僅 2 則，參考性有限,2026-07-13 15:35:01
M.A.C,超持妝輕透濾鏡蜜粉,,蜜粉,綜合評分,3.8,,,,排除 3 則業配/疑似業配、0 則商品不符,2026-07-13 15:35:01
YSL,恆久完美持久柔霧蜜粉,,蜜粉,粉質細緻度,4.37,14,True,False,核心指標 ×1.3,2026-07-13 15:35:01
YSL,恆久完美持久柔霧蜜粉,,蜜粉,毛孔柔焦度,3.92,17,True,False,核心指標 ×1.3,2026-07-13 15:35:01
YSL,恆久完美持久柔霧蜜粉,,蜜粉,控油持妝力,4.11,15,True,False,核心指標 ×1.3,2026-07-13 15:35:01
YSL,恆久完美持久柔霧蜜粉,,蜜粉,保濕度,3.8,3,False,False,,2026-07-13 15:35:01
YSL,恆久完美持久柔霧蜜粉,,蜜粉,輕透度,4.15,6,False,False,,2026-07-13 15:35:01
YSL,恆久完美持久柔霧蜜粉,,蜜粉,取粉設計,3.1,2,False,False,⚠️ 樣本僅 2 則，參考性有限,2026-07-13 15:35:01
YSL,恆久完美持久柔霧蜜粉,,蜜粉,綜合評分,3.9,,,,排除 3 則業配/疑似業配、0 則商品不符,2026-07-13 15:35:01
DIOR,迪奧超完美柔光蜜粉餅,,蜜粉,粉質細緻度,4.11,19,True,False,核心指標 ×1.3,2026-07-13 15:35:01
DIOR,迪奧超完美柔光蜜粉餅,,蜜粉,毛孔柔焦度,4.13,11,True,False,核心指標 ×1.3,2026-07-13 15:35:01
DIOR,迪奧超完美柔光蜜粉餅,,蜜粉,控油持妝力,3.57,3,True,False,核心指標 ×1.3,2026-07-13 15:35:01
DIOR,迪奧超完美柔光蜜粉餅,,蜜粉,保濕度,3.75,4,False,False,,2026-07-13 15:35:01
DIOR,迪奧超完美柔光蜜粉餅,,蜜粉,輕透度,3.8,8,False,False,,2026-07-13 15:35:01
DIOR,迪奧超完美柔光蜜粉餅,,蜜粉,取粉設計,3.22,9,False,False,,2026-07-13 15:35:01
DIOR,迪奧超完美柔光蜜粉餅,,蜜粉,綜合評分,3.8,,,,排除 0 則業配/疑似業配、1 則商品不符,2026-07-13 15:35:01
CHANEL,香奈兒輕盈完美蜜粉,,蜜粉,粉質細緻度,3.73,11,True,False,核心指標 ×1.3,2026-07-13 15:35:01
CHANEL,香奈兒輕盈完美蜜粉,,蜜粉,毛孔柔焦度,3.95,7,True,False,核心指標 ×1.3,2026-07-13 15:35:01
CHANEL,香奈兒輕盈完美蜜粉,,蜜粉,控油持妝力,4.27,12,True,False,核心指標 ×1.3,2026-07-13 15:35:01
CHANEL,香奈兒輕盈完美蜜粉,,蜜粉,保濕度,3.1,2,False,False,⚠️ 樣本僅 2 則，參考性有限,2026-07-13 15:35:01
CHANEL,香奈兒輕盈完美蜜粉,,蜜粉,輕透度,3.8,1,False,False,⚠️ 樣本僅 2 則，參考性有限,2026-07-13 15:35:01
CHANEL,香奈兒輕盈完美蜜粉,,蜜粉,取粉設計,2.87,15,False,False,,2026-07-13 15:35:01
CHANEL,香奈兒輕盈完美蜜粉,,蜜粉,綜合評分,3.7,,,,排除 2 則業配/疑似業配、0 則商品不符,2026-07-13 15:35:01
MAKE UP FOREVER,HD SKIN 粉無痕光圈蜜粉,,蜜粉,粉質細緻度,4.21,16,True,False,核心指標 ×1.3,2026-07-13 15:35:01
MAKE UP FOREVER,HD SKIN 粉無痕光圈蜜粉,,蜜粉,毛孔柔焦度,3.9,15,True,False,核心指標 ×1.3,2026-07-13 15:35:01
MAKE UP FOREVER,HD SKIN 粉無痕光圈蜜粉,,蜜粉,控油持妝力,4.15,12,True,False,核心指標 ×1.3,2026-07-13 15:35:01
MAKE UP FOREVER,HD SKIN 粉無痕光圈蜜粉,,蜜粉,保濕度,3.8,2,False,False,⚠️ 樣本僅 2 則，參考性有限,2026-07-13 15:35:01
MAKE UP FOREVER,HD SKIN 粉無痕光圈蜜粉,,蜜粉,輕透度,3.8,2,False,False,⚠️ 樣本僅 2 則，參考性有限,2026-07-13 15:35:01
MAKE UP FOREVER,HD SKIN 粉無痕光圈蜜粉,,蜜粉,取粉設計,3.28,6,False,False,,2026-07-13 15:35:01
MAKE UP FOREVER,HD SKIN 粉無痕光圈蜜粉,,蜜粉,綜合評分,3.9,,,,排除 4 則業配/疑似業配、0 則商品不符,2026-07-13 15:35:01
雅詩蘭黛,Double Wear 粉持久絲柔空氣蜜粉,,蜜粉,粉質細緻度,4.02,13,True,False,核心指標 ×1.3,2026-07-13 15:35:01
雅詩蘭黛,Double Wear 粉持久絲柔空氣蜜粉,,蜜粉,毛孔柔焦度,4.29,7,True,False,核心指標 ×1.3,2026-07-13 15:35:01
雅詩蘭黛,Double Wear 粉持久絲柔空氣蜜粉,,蜜粉,控油持妝力,3.81,15,True,False,核心指標 ×1.3,2026-07-13 15:35:01
雅詩蘭黛,Double Wear 粉持久絲柔空氣蜜粉,,蜜粉,保濕度,3.8,2,False,False,⚠️ 樣本僅 2 則，參考性有限,2026-07-13 15:35:01
雅詩蘭黛,Double Wear 粉持久絲柔空氣蜜粉,,蜜粉,輕透度,3.8,1,False,False,⚠️ 樣本僅 2 則，參考性有限,2026-07-13 15:35:01
雅詩蘭黛,Double Wear 粉持久絲柔空氣蜜粉,,蜜粉,取粉設計,3.33,3,False,False,,2026-07-13 15:35:01
雅詩蘭黛,Double Wear 粉持久絲柔空氣蜜粉,,蜜粉,綜合評分,3.9,,,,排除 3 則業配/疑似業配、0 則商品不符,2026-07-13 15:35:01
蘭蔻,零粉感超持久蜜粉,,蜜粉,粉質細緻度,3.88,13,True,False,核心指標 ×1.3,2026-07-13 15:35:01
蘭蔻,零粉感超持久蜜粉,,蜜粉,毛孔柔焦度,3.96,9,True,False,核心指標 ×1.3,2026-07-13 15:35:01
蘭蔻,零粉感超持久蜜粉,,蜜粉,控油持妝力,3.77,12,True,False,核心指標 ×1.3,2026-07-13 15:35:01
蘭蔻,零粉感超持久蜜粉,,蜜粉,保濕度,3.8,3,False,False,,2026-07-13 15:35:01
蘭蔻,零粉感超持久蜜粉,,蜜粉,輕透度,3.99,3,False,False,,2026-07-13 15:35:01
蘭蔻,零粉感超持久蜜粉,,蜜粉,取粉設計,2.82,5,False,False,,2026-07-13 15:35:01
蘭蔻,零粉感超持久蜜粉,,蜜粉,綜合評分,3.7,,,,排除 1 則業配/疑似業配、0 則商品不符,2026-07-13 15:35:01
Bobbi Brown,冬蟲夏草奢光蜜粉,,蜜粉,粉質細緻度,3.67,8,True,False,核心指標 ×1.3,2026-07-13 15:35:01
Bobbi Brown,冬蟲夏草奢光蜜粉,,蜜粉,毛孔柔焦度,3.88,6,True,False,核心指標 ×1.3,2026-07-13 15:35:01
Bobbi Brown,冬蟲夏草奢光蜜粉,,蜜粉,控油持妝力,3.63,15,True,False,核心指標 ×1.3,2026-07-13 15:35:01
Bobbi Brown,冬蟲夏草奢光蜜粉,,蜜粉,保濕度,3.66,5,False,False,,2026-07-13 15:35:01
Bobbi Brown,冬蟲夏草奢光蜜粉,,蜜粉,輕透度,3.8,4,False,False,,2026-07-13 15:35:01
Bobbi Brown,冬蟲夏草奢光蜜粉,,蜜粉,取粉設計,3.27,7,False,False,,2026-07-13 15:35:01
Bobbi Brown,冬蟲夏草奢光蜜粉,,蜜粉,綜合評分,3.7,,,,排除 1 則業配/疑似業配、0 則商品不符,2026-07-13 15:35:01
植村秀,NEW創藝無限腮紅,,腮紅,顯色度,3.57,3,False,False,,2026-07-13 15:39:57
植村秀,NEW創藝無限腮紅,,腮紅,色調適合度,3.82,22,True,False,核心指標 ×1.3,2026-07-13 15:39:57
植村秀,NEW創藝無限腮紅,,腮紅,持久度,,0,True,False,資料不足，評論中未提及此指標,2026-07-13 15:39:57
植村秀,NEW創藝無限腮紅,,腮紅,粉質細緻度,3.8,2,True,False,⚠️ 樣本僅 2 則，參考性有限,2026-07-13 15:39:57
植村秀,NEW創藝無限腮紅,,腮紅,服貼度,3.8,2,False,False,⚠️ 樣本僅 2 則，參考性有限,2026-07-13 15:39:57
植村秀,NEW創藝無限腮紅,,腮紅,暈染力,3.8,2,False,False,⚠️ 樣本僅 2 則，參考性有限,2026-07-13 15:39:57
植村秀,NEW創藝無限腮紅,,腮紅,修飾力,3.92,13,False,False,,2026-07-13 15:39:57
植村秀,NEW創藝無限腮紅,,腮紅,綜合評分,3.8,,,,排除 3 則業配/疑似業配、0 則商品不符,2026-07-13 15:39:57
資生堂,摩霧煥妍餅,,腮紅,顯色度,3.52,6,False,False,,2026-07-13 15:39:57
資生堂,摩霧煥妍餅,,腮紅,色調適合度,3.64,11,True,False,核心指標 ×1.3,2026-07-13 15:39:57
資生堂,摩霧煥妍餅,,腮紅,持久度,3.8,1,True,False,⚠️ 樣本僅 2 則，參考性有限,2026-07-13 15:39:57
資生堂,摩霧煥妍餅,,腮紅,粉質細緻度,3.87,9,True,False,核心指標 ×1.3,2026-07-13 15:39:57
資生堂,摩霧煥妍餅,,腮紅,服貼度,3.91,4,False,False,,2026-07-13 15:39:57
資生堂,摩霧煥妍餅,,腮紅,暈染力,,0,False,False,資料不足，評論中未提及此指標,2026-07-13 15:39:57
資生堂,摩霧煥妍餅,,腮紅,修飾力,3.7,7,False,False,,2026-07-13 15:39:57
資生堂,摩霧煥妍餅,,腮紅,綜合評分,3.7,,,,排除 3 則業配/疑似業配、3 則商品不符,2026-07-13 15:39:57
M.A.C,柔礦迷光腮紅,,腮紅,顯色度,3.74,5,False,False,,2026-07-13 15:39:57
M.A.C,柔礦迷光腮紅,,腮紅,色調適合度,3.86,22,True,False,核心指標 ×1.3,2026-07-13 15:39:57
M.A.C,柔礦迷光腮紅,,腮紅,持久度,3.8,1,True,False,⚠️ 樣本僅 2 則，參考性有限,2026-07-13 15:39:57
M.A.C,柔礦迷光腮紅,,腮紅,粉質細緻度,4.31,9,True,False,核心指標 ×1.3,2026-07-13 15:39:57
M.A.C,柔礦迷光腮紅,,腮紅,服貼度,3.8,2,False,False,⚠️ 樣本僅 2 則，參考性有限,2026-07-13 15:39:57
M.A.C,柔礦迷光腮紅,,腮紅,暈染力,4.03,5,False,False,,2026-07-13 15:39:57
M.A.C,柔礦迷光腮紅,,腮紅,修飾力,3.94,3,False,False,,2026-07-13 15:39:57
M.A.C,柔礦迷光腮紅,,腮紅,綜合評分,3.9,,,,排除 0 則業配/疑似業配、0 則商品不符,2026-07-13 15:39:57
YSL,恆久完美透膚煙染腮紅,,腮紅,顯色度,3.8,1,False,False,⚠️ 樣本僅 2 則，參考性有限,2026-07-13 15:39:57
YSL,恆久完美透膚煙染腮紅,,腮紅,色調適合度,3.86,10,True,False,核心指標 ×1.3,2026-07-13 15:39:57
YSL,恆久完美透膚煙染腮紅,,腮紅,持久度,4.3,1,True,False,⚠️ 樣本僅 2 則，參考性有限,2026-07-13 15:39:57
YSL,恆久完美透膚煙染腮紅,,腮紅,粉質細緻度,4.05,12,True,False,核心指標 ×1.3,2026-07-13 15:39:57
YSL,恆久完美透膚煙染腮紅,,腮紅,服貼度,4.15,13,False,False,,2026-07-13 15:39:57
YSL,恆久完美透膚煙染腮紅,,腮紅,暈染力,3.86,9,False,False,,2026-07-13 15:39:57
YSL,恆久完美透膚煙染腮紅,,腮紅,修飾力,3.8,5,False,False,,2026-07-13 15:39:57
YSL,恆久完美透膚煙染腮紅,,腮紅,綜合評分,4.0,,,,排除 1 則業配/疑似業配、1 則商品不符,2026-07-13 15:39:57
DIOR,迪奧超完美亮妍腮紅,,腮紅,顯色度,3.6,3,False,False,,2026-07-13 15:39:57
DIOR,迪奧超完美亮妍腮紅,,腮紅,色調適合度,3.8,22,True,False,核心指標 ×1.3,2026-07-13 15:39:57
DIOR,迪奧超完美亮妍腮紅,,腮紅,持久度,3.8,2,True,False,⚠️ 樣本僅 2 則，參考性有限,2026-07-13 15:39:57
DIOR,迪奧超完美亮妍腮紅,,腮紅,粉質細緻度,3.76,7,True,False,核心指標 ×1.3,2026-07-13 15:39:57
DIOR,迪奧超完美亮妍腮紅,,腮紅,服貼度,4.12,5,False,False,,2026-07-13 15:39:57
DIOR,迪奧超完美亮妍腮紅,,腮紅,暈染力,2.4,1,False,False,⚠️ 樣本僅 2 則，參考性有限,2026-07-13 15:39:57
DIOR,迪奧超完美亮妍腮紅,,腮紅,修飾力,3.8,4,False,False,,2026-07-13 15:39:57
DIOR,迪奧超完美亮妍腮紅,,腮紅,綜合評分,3.6,,,,排除 0 則業配/疑似業配、0 則商品不符,2026-07-13 15:39:57
CHANEL,香奈兒圓形腮紅,,腮紅,顯色度,,0,False,False,資料不足，評論中未提及此指標,2026-07-13 15:39:57
CHANEL,香奈兒圓形腮紅,,腮紅,色調適合度,,0,True,False,資料不足，評論中未提及此指標,2026-07-13 15:39:57
CHANEL,香奈兒圓形腮紅,,腮紅,持久度,,0,True,False,資料不足，評論中未提及此指標,2026-07-13 15:39:57
CHANEL,香奈兒圓形腮紅,,腮紅,粉質細緻度,,0,True,False,資料不足，評論中未提及此指標,2026-07-13 15:39:57
CHANEL,香奈兒圓形腮紅,,腮紅,服貼度,,0,False,False,資料不足，評論中未提及此指標,2026-07-13 15:39:57
CHANEL,香奈兒圓形腮紅,,腮紅,暈染力,,0,False,False,資料不足，評論中未提及此指標,2026-07-13 15:39:57
CHANEL,香奈兒圓形腮紅,,腮紅,修飾力,,0,False,False,資料不足，評論中未提及此指標,2026-07-13 15:39:57
MAKE UP FOREVER,【腮紅】藝術大師放膽玩色頰彩,,腮紅,顯色度,,0,False,False,資料不足，評論中未提及此指標,2026-07-13 15:39:57
MAKE UP FOREVER,【腮紅】藝術大師放膽玩色頰彩,,腮紅,色調適合度,3.8,1,True,False,⚠️ 樣本僅 2 則，參考性有限 ⚠️ 有效評論樣本較少，結果僅供參考,2026-07-13 15:39:57
MAKE UP FOREVER,【腮紅】藝術大師放膽玩色頰彩,,腮紅,持久度,,0,True,False,資料不足，評論中未提及此指標,2026-07-13 15:39:57
MAKE UP FOREVER,【腮紅】藝術大師放膽玩色頰彩,,腮紅,粉質細緻度,,0,True,False,資料不足，評論中未提及此指標,2026-07-13 15:39:57
MAKE UP FOREVER,【腮紅】藝術大師放膽玩色頰彩,,腮紅,服貼度,,0,False,False,資料不足，評論中未提及此指標,2026-07-13 15:39:57
MAKE UP FOREVER,【腮紅】藝術大師放膽玩色頰彩,,腮紅,暈染力,,0,False,False,資料不足，評論中未提及此指標,2026-07-13 15:39:57
MAKE UP FOREVER,【腮紅】藝術大師放膽玩色頰彩,,腮紅,修飾力,3.8,3,False,False,⚠️ 有效評論樣本較少，結果僅供參考,2026-07-13 15:39:57
MAKE UP FOREVER,【腮紅】藝術大師放膽玩色頰彩,,腮紅,綜合評分,3.8,,,,排除 0 則業配/疑似業配、27 則商品不符,2026-07-13 15:39:57
雅詩蘭黛,Pure Color Envy 絕對慾望持色柔焦腮紅,,腮紅,顯色度,,0,False,False,資料不足，評論中未提及此指標,2026-07-13 15:39:57
雅詩蘭黛,Pure Color Envy 絕對慾望持色柔焦腮紅,,腮紅,色調適合度,,0,True,False,資料不足，評論中未提及此指標,2026-07-13 15:39:57
雅詩蘭黛,Pure Color Envy 絕對慾望持色柔焦腮紅,,腮紅,持久度,,0,True,False,資料不足，評論中未提及此指標,2026-07-13 15:39:57
雅詩蘭黛,Pure Color Envy 絕對慾望持色柔焦腮紅,,腮紅,粉質細緻度,,0,True,False,資料不足，評論中未提及此指標,2026-07-13 15:39:57
雅詩蘭黛,Pure Color Envy 絕對慾望持色柔焦腮紅,,腮紅,服貼度,,0,False,False,資料不足，評論中未提及此指標,2026-07-13 15:39:57
雅詩蘭黛,Pure Color Envy 絕對慾望持色柔焦腮紅,,腮紅,暈染力,,0,False,False,資料不足，評論中未提及此指標,2026-07-13 15:39:57
雅詩蘭黛,Pure Color Envy 絕對慾望持色柔焦腮紅,,腮紅,修飾力,,0,False,False,資料不足，評論中未提及此指標,2026-07-13 15:39:57
蘭蔻,煥采單色腮紅盤,,腮紅,顯色度,3.8,1,False,False,⚠️ 樣本僅 2 則，參考性有限,2026-07-13 15:39:57
蘭蔻,煥采單色腮紅盤,,腮紅,色調適合度,3.89,18,True,False,核心指標 ×1.3,2026-07-13 15:39:57
蘭蔻,煥采單色腮紅盤,,腮紅,持久度,3.8,1,True,False,⚠️ 樣本僅 2 則，參考性有限,2026-07-13 15:39:57
蘭蔻,煥采單色腮紅盤,,腮紅,粉質細緻度,3.6,5,True,False,核心指標 ×1.3,2026-07-13 15:39:57
蘭蔻,煥采單色腮紅盤,,腮紅,服貼度,3.8,3,False,False,,2026-07-13 15:39:57
蘭蔻,煥采單色腮紅盤,,腮紅,暈染力,,0,False,False,資料不足，評論中未提及此指標,2026-07-13 15:39:57
蘭蔻,煥采單色腮紅盤,,腮紅,修飾力,3.8,2,False,False,⚠️ 樣本僅 2 則，參考性有限,2026-07-13 15:39:57
蘭蔻,煥采單色腮紅盤,,腮紅,綜合評分,3.8,,,,排除 0 則業配/疑似業配、10 則商品不符,2026-07-13 15:39:57
Bobbi Brown,漾香腮紅,,腮紅,顯色度,3.66,5,False,False,,2026-07-13 15:39:57
Bobbi Brown,漾香腮紅,,腮紅,色調適合度,3.92,19,True,False,核心指標 ×1.3,2026-07-13 15:39:57
Bobbi Brown,漾香腮紅,,腮紅,持久度,,0,True,False,資料不足，評論中未提及此指標,2026-07-13 15:39:57
Bobbi Brown,漾香腮紅,,腮紅,粉質細緻度,4.06,7,True,False,核心指標 ×1.3,2026-07-13 15:39:57
Bobbi Brown,漾香腮紅,,腮紅,服貼度,,0,False,False,資料不足，評論中未提及此指標,2026-07-13 15:39:57
Bobbi Brown,漾香腮紅,,腮紅,暈染力,3.8,2,False,False,⚠️ 樣本僅 2 則，參考性有限,2026-07-13 15:39:57
Bobbi Brown,漾香腮紅,,腮紅,修飾力,3.8,5,False,False,,2026-07-13 15:39:57
Bobbi Brown,漾香腮紅,,腮紅,綜合評分,3.9,,,,排除 0 則業配/疑似業配、3 則商品不符,2026-07-13 15:39:57
植村秀,超快充亮顏乳,,妝前乳,服貼度,3.89,5,False,False,,2026-07-13 20:11:32
植村秀,超快充亮顏乳,,妝前乳,膚色校正,4.07,26,True,False,核心指標 ×1.3,2026-07-13 20:11:32
植村秀,超快充亮顏乳,,妝前乳,毛孔隱形,3.62,2,False,False,⚠️ 樣本僅 2 則且評論分歧，參考性有限,2026-07-13 20:11:32
植村秀,超快充亮顏乳,,妝前乳,抗暗沉,3.97,4,False,False,,2026-07-13 20:11:32
植村秀,超快充亮顏乳,,妝前乳,保濕度,3.8,1,True,False,⚠️ 樣本僅 2 則，參考性有限,2026-07-13 20:11:32
植村秀,超快充亮顏乳,,妝前乳,控油力,,0,False,False,資料不足，評論中未提及此指標,2026-07-13 20:11:32
植村秀,超快充亮顏乳,,妝前乳,底妝相容性,3.86,8,True,False,核心指標 ×1.3,2026-07-13 20:11:32
植村秀,超快充亮顏乳,,妝前乳,綜合評分,3.9,,,,排除 3 則業配/疑似業配、0 則商品不符,2026-07-13 20:11:32
資生堂,極上御藏珍珠光持妝乳 SPF30 PA++,,妝前乳,服貼度,3.38,2,False,False,⚠️ 樣本僅 2 則且評論分歧，參考性有限,2026-07-13 20:11:32
資生堂,極上御藏珍珠光持妝乳 SPF30 PA++,,妝前乳,膚色校正,3.69,6,True,False,核心指標 ×1.3,2026-07-13 20:11:32
資生堂,極上御藏珍珠光持妝乳 SPF30 PA++,,妝前乳,毛孔隱形,3.8,1,False,False,⚠️ 樣本僅 2 則，參考性有限,2026-07-13 20:11:32
資生堂,極上御藏珍珠光持妝乳 SPF30 PA++,,妝前乳,抗暗沉,3.8,2,False,False,⚠️ 樣本僅 2 則，參考性有限,2026-07-13 20:11:32
資生堂,極上御藏珍珠光持妝乳 SPF30 PA++,,妝前乳,保濕度,3.8,6,True,False,核心指標 ×1.3,2026-07-13 20:11:32
資生堂,極上御藏珍珠光持妝乳 SPF30 PA++,,妝前乳,控油力,2.96,2,False,False,⚠️ 樣本僅 2 則且評論分歧，參考性有限,2026-07-13 20:11:32
資生堂,極上御藏珍珠光持妝乳 SPF30 PA++,,妝前乳,底妝相容性,3.93,6,True,False,核心指標 ×1.3,2026-07-13 20:11:32
資生堂,極上御藏珍珠光持妝乳 SPF30 PA++,,妝前乳,綜合評分,3.6,,,,排除 5 則業配/疑似業配、5 則商品不符,2026-07-13 20:11:32
M.A.C,妝前透亮持妝露,,妝前乳,服貼度,3.8,2,False,False,⚠️ 樣本僅 2 則，參考性有限,2026-07-13 20:11:32
M.A.C,妝前透亮持妝露,,妝前乳,膚色校正,3.8,4,True,False,核心指標 ×1.3,2026-07-13 20:11:32
M.A.C,妝前透亮持妝露,,妝前乳,毛孔隱形,3.8,2,False,False,⚠️ 樣本僅 2 則，參考性有限,2026-07-13 20:11:32
M.A.C,妝前透亮持妝露,,妝前乳,抗暗沉,3.8,8,False,False,,2026-07-13 20:11:32
M.A.C,妝前透亮持妝露,,妝前乳,保濕度,3.9,10,True,False,核心指標 ×1.3,2026-07-13 20:11:32
M.A.C,妝前透亮持妝露,,妝前乳,控油力,3.1,1,False,False,⚠️ 樣本僅 2 則，參考性有限,2026-07-13 20:11:32
M.A.C,妝前透亮持妝露,,妝前乳,底妝相容性,3.8,9,True,False,核心指標 ×1.3,2026-07-13 20:11:32
M.A.C,妝前透亮持妝露,,妝前乳,綜合評分,3.7,,,,排除 3 則業配/疑似業配、0 則商品不符,2026-07-13 20:11:32
YSL,名模肌密光燦水凝露,,妝前乳,服貼度,3.66,9,False,False,,2026-07-13 20:11:32
YSL,名模肌密光燦水凝露,,妝前乳,膚色校正,3.1,1,True,False,⚠️ 樣本僅 2 則，參考性有限,2026-07-13 20:11:32
YSL,名模肌密光燦水凝露,,妝前乳,毛孔隱形,3.94,11,False,False,,2026-07-13 20:11:32
YSL,名模肌密光燦水凝露,,妝前乳,抗暗沉,,0,False,False,資料不足，評論中未提及此指標,2026-07-13 20:11:32
YSL,名模肌密光燦水凝露,,妝前乳,保濕度,3.8,14,True,False,核心指標 ×1.3,2026-07-13 20:11:32
YSL,名模肌密光燦水凝露,,妝前乳,控油力,3.8,3,False,False,,2026-07-13 20:11:32
YSL,名模肌密光燦水凝露,,妝前乳,底妝相容性,3.55,8,True,False,核心指標 ×1.3,2026-07-13 20:11:32
YSL,名模肌密光燦水凝露,,妝前乳,綜合評分,3.6,,,,排除 0 則業配/疑似業配、0 則商品不符,2026-07-13 20:11:32
DIOR,迪奧雪晶靈潤色隔離妝前乳,,妝前乳,服貼度,3.45,4,False,False,,2026-07-13 20:11:32
DIOR,迪奧雪晶靈潤色隔離妝前乳,,妝前乳,膚色校正,3.6,12,True,False,核心指標 ×1.3,2026-07-13 20:11:32
DIOR,迪奧雪晶靈潤色隔離妝前乳,,妝前乳,毛孔隱形,3.8,2,False,False,⚠️ 樣本僅 2 則，參考性有限,2026-07-13 20:11:32
DIOR,迪奧雪晶靈潤色隔離妝前乳,,妝前乳,抗暗沉,3.81,15,False,False,,2026-07-13 20:11:32
DIOR,迪奧雪晶靈潤色隔離妝前乳,,妝前乳,保濕度,3.8,3,True,False,核心指標 ×1.3,2026-07-13 20:11:32
DIOR,迪奧雪晶靈潤色隔離妝前乳,,妝前乳,控油力,,0,False,False,資料不足，評論中未提及此指標,2026-07-13 20:11:32
DIOR,迪奧雪晶靈潤色隔離妝前乳,,妝前乳,底妝相容性,3.8,1,True,False,⚠️ 樣本僅 2 則，參考性有限,2026-07-13 20:11:32
DIOR,迪奧雪晶靈潤色隔離妝前乳,,妝前乳,綜合評分,3.7,,,,排除 3 則業配/疑似業配、0 則商品不符,2026-07-13 20:11:32
CHANEL,香奈兒緊緻晶潤妝前乳,,妝前乳,服貼度,3.18,4,False,False,,2026-07-13 20:11:32
CHANEL,香奈兒緊緻晶潤妝前乳,,妝前乳,膚色校正,3.7,3,True,False,核心指標 ×1.3,2026-07-13 20:11:32
CHANEL,香奈兒緊緻晶潤妝前乳,,妝前乳,毛孔隱形,3.62,4,False,False,,2026-07-13 20:11:32
CHANEL,香奈兒緊緻晶潤妝前乳,,妝前乳,抗暗沉,3.8,5,False,False,,2026-07-13 20:11:32
CHANEL,香奈兒緊緻晶潤妝前乳,,妝前乳,保濕度,3.53,6,True,False,核心指標 ×1.3,2026-07-13 20:11:32
CHANEL,香奈兒緊緻晶潤妝前乳,,妝前乳,控油力,3.8,1,False,False,⚠️ 樣本僅 2 則，參考性有限,2026-07-13 20:11:32
CHANEL,香奈兒緊緻晶潤妝前乳,,妝前乳,底妝相容性,3.8,2,True,False,⚠️ 樣本僅 2 則，參考性有限,2026-07-13 20:11:32
CHANEL,香奈兒緊緻晶潤妝前乳,,妝前乳,綜合評分,3.6,,,,排除 6 則業配/疑似業配、0 則商品不符,2026-07-13 20:11:32
MAKE UP FOREVER,STEP1 第一步妝前乳,,妝前乳,服貼度,3.17,4,False,False,,2026-07-13 20:11:32
MAKE UP FOREVER,STEP1 第一步妝前乳,,妝前乳,膚色校正,3.8,5,True,False,核心指標 ×1.3,2026-07-13 20:11:32
MAKE UP FOREVER,STEP1 第一步妝前乳,,妝前乳,毛孔隱形,4.05,6,False,False,,2026-07-13 20:11:32
MAKE UP FOREVER,STEP1 第一步妝前乳,,妝前乳,抗暗沉,,0,False,False,資料不足，評論中未提及此指標,2026-07-13 20:11:32
MAKE UP FOREVER,STEP1 第一步妝前乳,,妝前乳,保濕度,3.1,1,True,False,⚠️ 樣本僅 2 則，參考性有限,2026-07-13 20:11:32
MAKE UP FOREVER,STEP1 第一步妝前乳,,妝前乳,控油力,3.86,8,False,False,,2026-07-13 20:11:32
MAKE UP FOREVER,STEP1 第一步妝前乳,,妝前乳,底妝相容性,2.4,1,True,False,⚠️ 樣本僅 2 則，參考性有限,2026-07-13 20:11:32
MAKE UP FOREVER,STEP1 第一步妝前乳,,妝前乳,綜合評分,3.4,,,,排除 5 則業配/疑似業配、0 則商品不符,2026-07-13 20:11:32
雅詩蘭黛,Double Wear 粉持久毛孔隱形柔焦妝前乳,,妝前乳,服貼度,3.87,12,False,False,,2026-07-13 20:11:32
雅詩蘭黛,Double Wear 粉持久毛孔隱形柔焦妝前乳,,妝前乳,膚色校正,3.8,1,True,False,⚠️ 樣本僅 2 則，參考性有限,2026-07-13 20:11:32
雅詩蘭黛,Double Wear 粉持久毛孔隱形柔焦妝前乳,,妝前乳,毛孔隱形,3.8,5,False,False,,2026-07-13 20:11:32
雅詩蘭黛,Double Wear 粉持久毛孔隱形柔焦妝前乳,,妝前乳,抗暗沉,3.8,3,False,False,,2026-07-13 20:11:32
雅詩蘭黛,Double Wear 粉持久毛孔隱形柔焦妝前乳,,妝前乳,保濕度,3.88,6,True,False,核心指標 ×1.3,2026-07-13 20:11:32
雅詩蘭黛,Double Wear 粉持久毛孔隱形柔焦妝前乳,,妝前乳,控油力,3.91,10,False,False,,2026-07-13 20:11:32
雅詩蘭黛,Double Wear 粉持久毛孔隱形柔焦妝前乳,,妝前乳,底妝相容性,3.81,6,True,False,核心指標 ×1.3,2026-07-13 20:11:32
雅詩蘭黛,Double Wear 粉持久毛孔隱形柔焦妝前乳,,妝前乳,綜合評分,3.8,,,,排除 4 則業配/疑似業配、0 則商品不符,2026-07-13 20:11:32
蘭蔻,全新超輕盈UV煥亮妝前乳SPF50+ PA++++,,妝前乳,服貼度,3.8,3,False,False,,2026-07-13 20:11:32
蘭蔻,全新超輕盈UV煥亮妝前乳SPF50+ PA++++,,妝前乳,膚色校正,3.42,9,True,False,核心指標 ×1.3,2026-07-13 20:11:32
蘭蔻,全新超輕盈UV煥亮妝前乳SPF50+ PA++++,,妝前乳,毛孔隱形,3.53,4,False,False,,2026-07-13 20:11:32
蘭蔻,全新超輕盈UV煥亮妝前乳SPF50+ PA++++,,妝前乳,抗暗沉,3.8,8,False,False,,2026-07-13 20:11:32
蘭蔻,全新超輕盈UV煥亮妝前乳SPF50+ PA++++,,妝前乳,保濕度,3.8,2,True,False,⚠️ 樣本僅 2 則，參考性有限,2026-07-13 20:11:32
蘭蔻,全新超輕盈UV煥亮妝前乳SPF50+ PA++++,,妝前乳,控油力,,0,False,False,資料不足，評論中未提及此指標,2026-07-13 20:11:32
蘭蔻,全新超輕盈UV煥亮妝前乳SPF50+ PA++++,,妝前乳,底妝相容性,3.8,2,True,False,⚠️ 樣本僅 2 則，參考性有限,2026-07-13 20:11:32
蘭蔻,全新超輕盈UV煥亮妝前乳SPF50+ PA++++,,妝前乳,綜合評分,3.7,,,,排除 4 則業配/疑似業配、0 則商品不符,2026-07-13 20:11:32
Bobbi Brown,保濕隔離霜 SPF50 PA+++,,妝前乳,服貼度,3.43,6,False,False,,2026-07-13 20:11:32
Bobbi Brown,保濕隔離霜 SPF50 PA+++,,妝前乳,膚色校正,3.8,8,True,False,核心指標 ×1.3,2026-07-13 20:11:32
Bobbi Brown,保濕隔離霜 SPF50 PA+++,,妝前乳,毛孔隱形,3.7,3,False,False,,2026-07-13 20:11:32
Bobbi Brown,保濕隔離霜 SPF50 PA+++,,妝前乳,抗暗沉,3.64,13,False,False,,2026-07-13 20:11:32
Bobbi Brown,保濕隔離霜 SPF50 PA+++,,妝前乳,保濕度,3.8,8,True,False,核心指標 ×1.3,2026-07-13 20:11:32
Bobbi Brown,保濕隔離霜 SPF50 PA+++,,妝前乳,控油力,3.8,1,False,False,⚠️ 樣本僅 2 則，參考性有限,2026-07-13 20:11:32
Bobbi Brown,保濕隔離霜 SPF50 PA+++,,妝前乳,底妝相容性,3.8,1,True,False,⚠️ 樣本僅 2 則，參考性有限,2026-07-13 20:11:32
Bobbi Brown,保濕隔離霜 SPF50 PA+++,,妝前乳,綜合評分,3.7,,,,排除 1 則業配/疑似業配、0 則商品不符,2026-07-13 20:11:32
植村秀,無極限持久定妝噴霧,,定妝噴霧,成膜速度,3.8,2,False,False,⚠️ 樣本僅 2 則，參考性有限,2026-07-14 16:43:32
植村秀,無極限持久定妝噴霧,,定妝噴霧,噴霧細緻度,4.04,14,True,False,核心指標 ×1.3,2026-07-14 16:43:32
植村秀,無極限持久定妝噴霧,,定妝噴霧,清爽不黏膩,3.8,4,False,False,,2026-07-14 16:43:32
植村秀,無極限持久定妝噴霧,,定妝噴霧,控油保濕平衡,3.8,2,True,False,⚠️ 樣本僅 2 則，參考性有限,2026-07-14 16:43:32
植村秀,無極限持久定妝噴霧,,定妝噴霧,氣味接受度,3.8,4,False,False,,2026-07-14 16:43:32
植村秀,無極限持久定妝噴霧,,定妝噴霧,持久度,4.02,14,True,False,核心指標 ×1.3,2026-07-14 16:43:32
植村秀,無極限持久定妝噴霧,,定妝噴霧,抗摩擦力,3.8,3,False,False,,2026-07-14 16:43:32
植村秀,無極限持久定妝噴霧,,定妝噴霧,防水抗汗,3.8,4,False,False,,2026-07-14 16:43:32
植村秀,無極限持久定妝噴霧,,定妝噴霧,綜合評分,3.9,,,,排除 1 則業配/疑似業配、0 則商品不符,2026-07-14 16:43:32
M.A.C,FIX+超持妝零暗沉定妝噴霧,,定妝噴霧,成膜速度,3.8,2,False,False,⚠️ 樣本僅 2 則，參考性有限,2026-07-14 16:43:32
M.A.C,FIX+超持妝零暗沉定妝噴霧,,定妝噴霧,噴霧細緻度,3.76,13,True,False,核心指標 ×1.3,2026-07-14 16:43:32
M.A.C,FIX+超持妝零暗沉定妝噴霧,,定妝噴霧,清爽不黏膩,3.8,2,False,False,⚠️ 樣本僅 2 則，參考性有限,2026-07-14 16:43:32
M.A.C,FIX+超持妝零暗沉定妝噴霧,,定妝噴霧,控油保濕平衡,3.58,12,True,False,核心指標 ×1.3,2026-07-14 16:43:32
M.A.C,FIX+超持妝零暗沉定妝噴霧,,定妝噴霧,氣味接受度,3.41,4,False,False,,2026-07-14 16:43:32
M.A.C,FIX+超持妝零暗沉定妝噴霧,,定妝噴霧,持久度,3.3,18,True,False,核心指標 ×1.3,2026-07-14 16:43:32
M.A.C,FIX+超持妝零暗沉定妝噴霧,,定妝噴霧,抗摩擦力,2.47,7,False,False,,2026-07-14 16:43:32
M.A.C,FIX+超持妝零暗沉定妝噴霧,,定妝噴霧,防水抗汗,3.8,6,False,False,,2026-07-14 16:43:32
M.A.C,FIX+超持妝零暗沉定妝噴霧,,定妝噴霧,綜合評分,3.5,,,,排除 3 則業配/疑似業配、0 則商品不符,2026-07-14 16:43:32
YSL,名模肌密保濕持妝噴霧,,定妝噴霧,成膜速度,2.4,1,False,False,⚠️ 樣本僅 2 則，參考性有限,2026-07-14 16:43:32
YSL,名模肌密保濕持妝噴霧,,定妝噴霧,噴霧細緻度,3.6,7,True,False,核心指標 ×1.3,2026-07-14 16:43:32
YSL,名模肌密保濕持妝噴霧,,定妝噴霧,清爽不黏膩,,0,False,False,資料不足，評論中未提及此指標,2026-07-14 16:43:32
YSL,名模肌密保濕持妝噴霧,,定妝噴霧,控油保濕平衡,3.8,10,True,False,核心指標 ×1.3,2026-07-14 16:43:32
YSL,名模肌密保濕持妝噴霧,,定妝噴霧,氣味接受度,,0,False,False,資料不足，評論中未提及此指標,2026-07-14 16:43:32
YSL,名模肌密保濕持妝噴霧,,定妝噴霧,持久度,3.51,9,True,False,核心指標 ×1.3,2026-07-14 16:43:32
YSL,名模肌密保濕持妝噴霧,,定妝噴霧,抗摩擦力,3.8,2,False,False,⚠️ 樣本僅 2 則，參考性有限,2026-07-14 16:43:32
YSL,名模肌密保濕持妝噴霧,,定妝噴霧,防水抗汗,,0,False,False,資料不足，評論中未提及此指標,2026-07-14 16:43:32
YSL,名模肌密保濕持妝噴霧,,定妝噴霧,綜合評分,3.5,,,,排除 6 則業配/疑似業配、2 則商品不符,2026-07-14 16:43:32
DIOR,迪奧保濕定妝噴霧,,定妝噴霧,成膜速度,3.8,1,False,False,⚠️ 樣本僅 2 則，參考性有限,2026-07-14 16:43:32
DIOR,迪奧保濕定妝噴霧,,定妝噴霧,噴霧細緻度,3.45,12,True,False,核心指標 ×1.3,2026-07-14 16:43:32
DIOR,迪奧保濕定妝噴霧,,定妝噴霧,清爽不黏膩,3.1,1,False,False,⚠️ 樣本僅 2 則，參考性有限,2026-07-14 16:43:32
DIOR,迪奧保濕定妝噴霧,,定妝噴霧,控油保濕平衡,3.8,6,True,False,核心指標 ×1.3,2026-07-14 16:43:32
DIOR,迪奧保濕定妝噴霧,,定妝噴霧,氣味接受度,3.8,7,False,False,,2026-07-14 16:43:32
DIOR,迪奧保濕定妝噴霧,,定妝噴霧,持久度,3.39,7,True,False,核心指標 ×1.3,2026-07-14 16:43:32
DIOR,迪奧保濕定妝噴霧,,定妝噴霧,抗摩擦力,3.8,1,False,False,⚠️ 樣本僅 2 則，參考性有限,2026-07-14 16:43:32
DIOR,迪奧保濕定妝噴霧,,定妝噴霧,防水抗汗,,0,False,False,資料不足，評論中未提及此指標,2026-07-14 16:43:32
DIOR,迪奧保濕定妝噴霧,,定妝噴霧,綜合評分,3.6,,,,排除 2 則業配/疑似業配、6 則商品不符,2026-07-14 16:43:32
MAKE UP FOREVER,超光肌活氧定妝噴霧,,定妝噴霧,成膜速度,3.8,3,False,False,,2026-07-14 16:43:32
MAKE UP FOREVER,超光肌活氧定妝噴霧,,定妝噴霧,噴霧細緻度,2.79,18,True,False,核心指標 ×1.3,2026-07-14 16:43:32
MAKE UP FOREVER,超光肌活氧定妝噴霧,,定妝噴霧,清爽不黏膩,3.1,1,False,False,⚠️ 樣本僅 2 則，參考性有限,2026-07-14 16:43:32
MAKE UP FOREVER,超光肌活氧定妝噴霧,,定妝噴霧,控油保濕平衡,3.68,6,True,False,核心指標 ×1.3,2026-07-14 16:43:32
MAKE UP FOREVER,超光肌活氧定妝噴霧,,定妝噴霧,氣味接受度,2.53,4,False,False,,2026-07-14 16:43:32
MAKE UP FOREVER,超光肌活氧定妝噴霧,,定妝噴霧,持久度,3.85,13,True,False,核心指標 ×1.3,2026-07-14 16:43:32
MAKE UP FOREVER,超光肌活氧定妝噴霧,,定妝噴霧,抗摩擦力,3.29,3,False,False,,2026-07-14 16:43:32
MAKE UP FOREVER,超光肌活氧定妝噴霧,,定妝噴霧,防水抗汗,4.1,2,False,False,⚠️ 樣本僅 2 則且評論分歧，參考性有限,2026-07-14 16:43:32
MAKE UP FOREVER,超光肌活氧定妝噴霧,,定妝噴霧,綜合評分,3.4,,,,排除 3 則業配/疑似業配、0 則商品不符,2026-07-14 16:43:32
資生堂,水離子熱防禦UV隔離露N,,防曬乳,防曬係數,3.95,4,False,False,,2026-07-15 03:10:55
資生堂,水離子熱防禦UV隔離露N,,防曬乳,清爽透氣度,3.72,11,True,False,核心指標 ×1.3,2026-07-15 03:10:55
資生堂,水離子熱防禦UV隔離露N,,防曬乳,防水抗汗力,3.9,11,False,False,,2026-07-15 03:10:55
資生堂,水離子熱防禦UV隔離露N,,防曬乳,不泛白自然度,3.8,2,True,False,⚠️ 樣本僅 2 則，參考性有限,2026-07-15 03:10:55
資生堂,水離子熱防禦UV隔離露N,,防曬乳,底妝相容性,3.8,1,True,False,⚠️ 樣本僅 2 則，參考性有限,2026-07-15 03:10:55
資生堂,水離子熱防禦UV隔離露N,,防曬乳,綜合評分,3.8,,,,排除 5 則業配/疑似業配、1 則商品不符,2026-07-15 03:10:55
M.A.C,超漾光高防曬妝前乳SPF50+/PA+++,,防曬乳,防曬係數,,0,False,False,資料不足，評論中未提及此指標,2026-07-15 03:10:55
M.A.C,超漾光高防曬妝前乳SPF50+/PA+++,,防曬乳,清爽透氣度,3.66,13,True,False,核心指標 ×1.3,2026-07-15 03:10:55
M.A.C,超漾光高防曬妝前乳SPF50+/PA+++,,防曬乳,防水抗汗力,3.8,2,False,False,⚠️ 樣本僅 2 則，參考性有限,2026-07-15 03:10:55
M.A.C,超漾光高防曬妝前乳SPF50+/PA+++,,防曬乳,不泛白自然度,3.55,7,True,False,核心指標 ×1.3,2026-07-15 03:10:55
M.A.C,超漾光高防曬妝前乳SPF50+/PA+++,,防曬乳,底妝相容性,3.65,10,True,False,核心指標 ×1.3,2026-07-15 03:10:55
M.A.C,超漾光高防曬妝前乳SPF50+/PA+++,,防曬乳,綜合評分,3.7,,,,排除 5 則業配/疑似業配、8 則商品不符,2026-07-15 03:10:55
YSL,金緻奢華賦活防曬隔離乳,,防曬乳,防曬係數,3.8,1,False,False,⚠️ 樣本僅 2 則，參考性有限,2026-07-15 03:10:55
YSL,金緻奢華賦活防曬隔離乳,,防曬乳,清爽透氣度,3.4,7,True,False,核心指標 ×1.3,2026-07-15 03:10:55
YSL,金緻奢華賦活防曬隔離乳,,防曬乳,防水抗汗力,3.1,1,False,False,⚠️ 樣本僅 2 則，參考性有限,2026-07-15 03:10:55
YSL,金緻奢華賦活防曬隔離乳,,防曬乳,不泛白自然度,3.8,3,True,False,核心指標 ×1.3,2026-07-15 03:10:55
YSL,金緻奢華賦活防曬隔離乳,,防曬乳,底妝相容性,2.4,1,True,False,⚠️ 樣本僅 2 則，參考性有限,2026-07-15 03:10:55
YSL,金緻奢華賦活防曬隔離乳,,防曬乳,綜合評分,3.3,,,,排除 4 則業配/疑似業配、13 則商品不符,2026-07-15 03:10:55
DIOR,迪奧緹花輕透UV防曬乳,,防曬乳,防曬係數,,0,False,False,資料不足，評論中未提及此指標,2026-07-15 03:10:55
DIOR,迪奧緹花輕透UV防曬乳,,防曬乳,清爽透氣度,3.8,4,True,False,核心指標 ×1.3,2026-07-15 03:10:55
DIOR,迪奧緹花輕透UV防曬乳,,防曬乳,防水抗汗力,,0,False,False,資料不足，評論中未提及此指標,2026-07-15 03:10:55
DIOR,迪奧緹花輕透UV防曬乳,,防曬乳,不泛白自然度,,0,True,False,資料不足，評論中未提及此指標,2026-07-15 03:10:55
DIOR,迪奧緹花輕透UV防曬乳,,防曬乳,底妝相容性,3.8,6,True,False,核心指標 ×1.3,2026-07-15 03:10:55
DIOR,迪奧緹花輕透UV防曬乳,,防曬乳,綜合評分,3.8,,,,排除 2 則業配/疑似業配、20 則商品不符,2026-07-15 03:10:55
CHANEL,香奈兒輕透光采UV防護乳,,防曬乳,防曬係數,3.8,6,False,False,,2026-07-15 03:10:55
CHANEL,香奈兒輕透光采UV防護乳,,防曬乳,清爽透氣度,3.77,8,True,False,核心指標 ×1.3,2026-07-15 03:10:55
CHANEL,香奈兒輕透光采UV防護乳,,防曬乳,防水抗汗力,,0,False,False,資料不足，評論中未提及此指標,2026-07-15 03:10:55
CHANEL,香奈兒輕透光采UV防護乳,,防曬乳,不泛白自然度,3.63,5,True,False,核心指標 ×1.3,2026-07-15 03:10:55
CHANEL,香奈兒輕透光采UV防護乳,,防曬乳,底妝相容性,2.91,9,True,False,核心指標 ×1.3,2026-07-15 03:10:55
CHANEL,香奈兒輕透光采UV防護乳,,防曬乳,綜合評分,3.5,,,,排除 8 則業配/疑似業配、0 則商品不符,2026-07-15 03:10:55
MAKE UP FOREVER,STEP1 第一步玫瑰水感防曬乳 SPF50+/PA+++,,防曬乳,防曬係數,,0,False,False,資料不足，評論中未提及此指標,2026-07-15 03:10:55
MAKE UP FOREVER,STEP1 第一步玫瑰水感防曬乳 SPF50+/PA+++,,防曬乳,清爽透氣度,3.45,11,True,False,核心指標 ×1.3,2026-07-15 03:10:55
MAKE UP FOREVER,STEP1 第一步玫瑰水感防曬乳 SPF50+/PA+++,,防曬乳,防水抗汗力,,0,False,False,資料不足，評論中未提及此指標,2026-07-15 03:10:55
MAKE UP FOREVER,STEP1 第一步玫瑰水感防曬乳 SPF50+/PA+++,,防曬乳,不泛白自然度,3.67,6,True,False,核心指標 ×1.3,2026-07-15 03:10:55
MAKE UP FOREVER,STEP1 第一步玫瑰水感防曬乳 SPF50+/PA+++,,防曬乳,底妝相容性,3.59,9,True,False,核心指標 ×1.3,2026-07-15 03:10:55
MAKE UP FOREVER,STEP1 第一步玫瑰水感防曬乳 SPF50+/PA+++,,防曬乳,綜合評分,3.6,,,,排除 13 則業配/疑似業配、5 則商品不符,2026-07-15 03:10:55
雅詩蘭黛,UVFinity 抗氧輕透 UV 防護乳SPF50+/PA++++30ml,,防曬乳,防曬係數,3.8,2,False,False,⚠️ 樣本僅 2 則，參考性有限,2026-07-15 03:10:55
雅詩蘭黛,UVFinity 抗氧輕透 UV 防護乳SPF50+/PA++++30ml,,防曬乳,清爽透氣度,3.63,10,True,False,核心指標 ×1.3,2026-07-15 03:10:55
雅詩蘭黛,UVFinity 抗氧輕透 UV 防護乳SPF50+/PA++++30ml,,防曬乳,防水抗汗力,3.8,1,False,False,⚠️ 樣本僅 2 則，參考性有限,2026-07-15 03:10:55
雅詩蘭黛,UVFinity 抗氧輕透 UV 防護乳SPF50+/PA++++30ml,,防曬乳,不泛白自然度,3.48,8,True,False,核心指標 ×1.3,2026-07-15 03:10:55
雅詩蘭黛,UVFinity 抗氧輕透 UV 防護乳SPF50+/PA++++30ml,,防曬乳,底妝相容性,3.54,3,True,False,核心指標 ×1.3,2026-07-15 03:10:55
雅詩蘭黛,UVFinity 抗氧輕透 UV 防護乳SPF50+/PA++++30ml,,防曬乳,綜合評分,3.6,,,,排除 11 則業配/疑似業配、0 則商品不符,2026-07-15 03:10:55
蘭蔻,全新超輕盈UV水凝露SPF50 PA++++,,防曬乳,防曬係數,3.8,5,False,False,,2026-07-15 03:10:55
蘭蔻,全新超輕盈UV水凝露SPF50 PA++++,,防曬乳,清爽透氣度,3.72,13,True,False,核心指標 ×1.3,2026-07-15 03:10:55
蘭蔻,全新超輕盈UV水凝露SPF50 PA++++,,防曬乳,防水抗汗力,3.8,1,False,False,⚠️ 樣本僅 2 則，參考性有限,2026-07-15 03:10:55
蘭蔻,全新超輕盈UV水凝露SPF50 PA++++,,防曬乳,不泛白自然度,3.8,4,True,False,核心指標 ×1.3,2026-07-15 03:10:55
蘭蔻,全新超輕盈UV水凝露SPF50 PA++++,,防曬乳,底妝相容性,3.76,6,True,False,核心指標 ×1.3,2026-07-15 03:10:55
蘭蔻,全新超輕盈UV水凝露SPF50 PA++++,,防曬乳,綜合評分,3.8,,,,排除 7 則業配/疑似業配、0 則商品不符,2026-07-15 03:10:55
Bobbi Brown,冬蟲夏草精華防曬乳SPF50+ PA++++,,防曬乳,防曬係數,,0,False,False,資料不足，評論中未提及此指標,2026-07-15 03:10:55
Bobbi Brown,冬蟲夏草精華防曬乳SPF50+ PA++++,,防曬乳,清爽透氣度,3.35,6,True,False,核心指標 ×1.3,2026-07-15 03:10:55
Bobbi Brown,冬蟲夏草精華防曬乳SPF50+ PA++++,,防曬乳,防水抗汗力,3.1,1,False,False,⚠️ 樣本僅 2 則，參考性有限,2026-07-15 03:10:55
Bobbi Brown,冬蟲夏草精華防曬乳SPF50+ PA++++,,防曬乳,不泛白自然度,3.8,1,True,False,⚠️ 樣本僅 2 則，參考性有限,2026-07-15 03:10:55
Bobbi Brown,冬蟲夏草精華防曬乳SPF50+ PA++++,,防曬乳,底妝相容性,3.0,6,True,False,核心指標 ×1.3,2026-07-15 03:10:55
Bobbi Brown,冬蟲夏草精華防曬乳SPF50+ PA++++,,防曬乳,綜合評分,3.3,,,,排除 8 則業配/疑似業配、13 則商品不符,2026-07-15 03:10:55
植村秀,武士刀眉筆,,眉筆,筆芯滑順度,3.8,4,True,False,核心指標 ×1.3,2026-07-15 03:14:57
植村秀,武士刀眉筆,,眉筆,筆芯硬度,3.8,2,False,False,⚠️ 樣本僅 2 則，參考性有限,2026-07-15 03:14:57
植村秀,武士刀眉筆,,眉筆,顯色度,3.51,10,True,False,核心指標 ×1.3,2026-07-15 03:14:57
植村秀,武士刀眉筆,,眉筆,持妝抗暈力,3.8,6,True,False,核心指標 ×1.3,2026-07-15 03:14:57
植村秀,武士刀眉筆,,眉筆,防結塊,3.8,5,False,False,,2026-07-15 03:14:57
植村秀,武士刀眉筆,,眉筆,綜合評分,3.7,,,,排除 2 則業配/疑似業配、0 則商品不符,2026-07-15 03:14:57
資生堂,三效眉彩釉,,眉筆,筆芯滑順度,,0,True,False,資料不足，評論中未提及此指標,2026-07-15 03:14:57
資生堂,三效眉彩釉,,眉筆,筆芯硬度,,0,False,False,資料不足，評論中未提及此指標,2026-07-15 03:14:57
資生堂,三效眉彩釉,,眉筆,顯色度,,0,True,False,資料不足，評論中未提及此指標,2026-07-15 03:14:57
資生堂,三效眉彩釉,,眉筆,持妝抗暈力,3.8,1,True,False,⚠️ 樣本僅 2 則，參考性有限 ⚠️ 有效評論樣本較少，結果僅供參考,2026-07-15 03:14:57
資生堂,三效眉彩釉,,眉筆,防結塊,,0,False,False,資料不足，評論中未提及此指標,2026-07-15 03:14:57
資生堂,三效眉彩釉,,眉筆,綜合評分,3.8,,,,排除 1 則業配/疑似業配、20 則商品不符,2026-07-15 03:14:57
M.A.C,持色眉筆,,眉筆,筆芯滑順度,3.8,10,True,False,核心指標 ×1.3,2026-07-15 03:14:57
M.A.C,持色眉筆,,眉筆,筆芯硬度,3.32,5,False,False,,2026-07-15 03:14:57
M.A.C,持色眉筆,,眉筆,顯色度,3.75,12,True,False,核心指標 ×1.3,2026-07-15 03:14:57
M.A.C,持色眉筆,,眉筆,持妝抗暈力,3.88,8,True,False,核心指標 ×1.3,2026-07-15 03:14:57
M.A.C,持色眉筆,,眉筆,防結塊,2.87,3,False,False,,2026-07-15 03:14:57
M.A.C,持色眉筆,,眉筆,綜合評分,3.6,,,,排除 0 則業配/疑似業配、4 則商品不符,2026-07-15 03:14:57
YSL,絲滑持久眉筆,,眉筆,筆芯滑順度,3.8,2,True,False,⚠️ 樣本僅 2 則，參考性有限,2026-07-15 03:14:57
YSL,絲滑持久眉筆,,眉筆,筆芯硬度,3.38,2,False,False,⚠️ 樣本僅 2 則且評論分歧，參考性有限,2026-07-15 03:14:57
YSL,絲滑持久眉筆,,眉筆,顯色度,3.73,4,True,False,核心指標 ×1.3,2026-07-15 03:14:57
YSL,絲滑持久眉筆,,眉筆,持妝抗暈力,3.46,3,True,False,核心指標 ×1.3,2026-07-15 03:14:57
YSL,絲滑持久眉筆,,眉筆,防結塊,3.8,1,False,False,⚠️ 樣本僅 2 則，參考性有限,2026-07-15 03:14:57
YSL,絲滑持久眉筆,,眉筆,綜合評分,3.6,,,,排除 1 則業配/疑似業配、22 則商品不符,2026-07-15 03:14:57
DIOR,迪奧絕對搶眼造型眉筆,,眉筆,筆芯滑順度,3.8,5,True,False,核心指標 ×1.3,2026-07-15 03:14:57
DIOR,迪奧絕對搶眼造型眉筆,,眉筆,筆芯硬度,3.1,1,False,False,⚠️ 樣本僅 2 則，參考性有限,2026-07-15 03:14:57
DIOR,迪奧絕對搶眼造型眉筆,,眉筆,顯色度,3.69,6,True,False,核心指標 ×1.3,2026-07-15 03:14:57
DIOR,迪奧絕對搶眼造型眉筆,,眉筆,持妝抗暈力,3.54,3,True,False,核心指標 ×1.3,2026-07-15 03:14:57
DIOR,迪奧絕對搶眼造型眉筆,,眉筆,防結塊,2.84,3,False,False,,2026-07-15 03:14:57
DIOR,迪奧絕對搶眼造型眉筆,,眉筆,綜合評分,3.4,,,,排除 0 則業配/疑似業配、15 則商品不符,2026-07-15 03:14:57
CHANEL,香奈兒防水斜角眉筆,,眉筆,筆芯滑順度,3.8,3,True,False,核心指標 ×1.3,2026-07-15 03:14:57
CHANEL,香奈兒防水斜角眉筆,,眉筆,筆芯硬度,,0,False,False,資料不足，評論中未提及此指標,2026-07-15 03:14:57
CHANEL,香奈兒防水斜角眉筆,,眉筆,顯色度,3.76,7,True,False,核心指標 ×1.3,2026-07-15 03:14:57
CHANEL,香奈兒防水斜角眉筆,,眉筆,持妝抗暈力,3.99,6,True,False,核心指標 ×1.3,2026-07-15 03:14:57
CHANEL,香奈兒防水斜角眉筆,,眉筆,防結塊,3.45,2,False,False,⚠️ 樣本僅 2 則且評論分歧，參考性有限,2026-07-15 03:14:57
CHANEL,香奈兒防水斜角眉筆,,眉筆,綜合評分,3.8,,,,排除 0 則業配/疑似業配、16 則商品不符,2026-07-15 03:14:57
MAKE UP FOREVER,AQUA 24H 超防水斜角塑眉筆,,眉筆,筆芯滑順度,3.8,5,True,False,核心指標 ×1.3,2026-07-15 03:14:57
MAKE UP FOREVER,AQUA 24H 超防水斜角塑眉筆,,眉筆,筆芯硬度,3.8,1,False,False,⚠️ 樣本僅 2 則，參考性有限,2026-07-15 03:14:57
MAKE UP FOREVER,AQUA 24H 超防水斜角塑眉筆,,眉筆,顯色度,3.8,7,True,False,核心指標 ×1.3,2026-07-15 03:14:57
MAKE UP FOREVER,AQUA 24H 超防水斜角塑眉筆,,眉筆,持妝抗暈力,3.8,3,True,False,核心指標 ×1.3,2026-07-15 03:14:57
MAKE UP FOREVER,AQUA 24H 超防水斜角塑眉筆,,眉筆,防結塊,,0,False,False,資料不足，評論中未提及此指標,2026-07-15 03:14:57
MAKE UP FOREVER,AQUA 24H 超防水斜角塑眉筆,,眉筆,綜合評分,3.8,,,,排除 1 則業配/疑似業配、18 則商品不符,2026-07-15 03:14:57
Bobbi Brown,超防水斜角眉筆,,眉筆,筆芯滑順度,3.8,5,True,False,核心指標 ×1.3,2026-07-15 03:14:57
Bobbi Brown,超防水斜角眉筆,,眉筆,筆芯硬度,,0,False,False,資料不足，評論中未提及此指標,2026-07-15 03:14:57
Bobbi Brown,超防水斜角眉筆,,眉筆,顯色度,3.8,4,True,False,核心指標 ×1.3,2026-07-15 03:14:57
Bobbi Brown,超防水斜角眉筆,,眉筆,持妝抗暈力,4.17,3,True,False,核心指標 ×1.3,2026-07-15 03:14:57
Bobbi Brown,超防水斜角眉筆,,眉筆,防結塊,3.38,2,False,False,⚠️ 樣本僅 2 則且評論分歧，參考性有限,2026-07-15 03:14:57
Bobbi Brown,超防水斜角眉筆,,眉筆,綜合評分,3.8,,,,排除 4 則業配/疑似業配、15 則商品不符,2026-07-15 03:14:57
植村秀,超持久抗暈眼線液,,眼線筆,防水防油抗暈力,3.34,11,True,False,核心指標 ×1.3,2026-07-15 03:20:04
植村秀,超持久抗暈眼線液,,眼線筆,防沾染,2.88,10,False,False,,2026-07-15 03:20:04
植村秀,超持久抗暈眼線液,,眼線筆,筆觸滑順度,3.8,6,True,False,核心指標 ×1.3,2026-07-15 03:20:04
植村秀,超持久抗暈眼線液,,眼線筆,顯色度,3.29,14,False,False,,2026-07-15 03:20:04
植村秀,超持久抗暈眼線液,,眼線筆,筆尖設計,3.8,5,True,False,核心指標 ×1.3,2026-07-15 03:20:04
植村秀,超持久抗暈眼線液,,眼線筆,綜合評分,3.5,,,,排除 1 則業配/疑似業配、1 則商品不符,2026-07-15 03:20:04
資生堂,引釉眼線筆,,眼線筆,防水防油抗暈力,3.8,11,True,False,核心指標 ×1.3,2026-07-15 03:20:04
資生堂,引釉眼線筆,,眼線筆,防沾染,2.53,4,False,False,,2026-07-15 03:20:04
資生堂,引釉眼線筆,,眼線筆,筆觸滑順度,3.8,5,True,False,核心指標 ×1.3,2026-07-15 03:20:04
資生堂,引釉眼線筆,,眼線筆,顯色度,3.8,7,False,False,,2026-07-15 03:20:04
資生堂,引釉眼線筆,,眼線筆,筆尖設計,3.75,6,True,False,核心指標 ×1.3,2026-07-15 03:20:04
資生堂,引釉眼線筆,,眼線筆,綜合評分,3.6,,,,排除 0 則業配/疑似業配、9 則商品不符,2026-07-15 03:20:04
M.A.C,24H超細緻眼線液,,眼線筆,防水防油抗暈力,3.67,11,True,False,核心指標 ×1.3,2026-07-15 03:20:04
M.A.C,24H超細緻眼線液,,眼線筆,防沾染,,0,False,False,資料不足，評論中未提及此指標,2026-07-15 03:20:04
M.A.C,24H超細緻眼線液,,眼線筆,筆觸滑順度,3.8,4,True,False,核心指標 ×1.3,2026-07-15 03:20:04
M.A.C,24H超細緻眼線液,,眼線筆,顯色度,3.45,2,False,False,⚠️ 樣本僅 2 則且評論分歧，參考性有限,2026-07-15 03:20:04
M.A.C,24H超細緻眼線液,,眼線筆,筆尖設計,3.74,4,True,False,核心指標 ×1.3,2026-07-15 03:20:04
M.A.C,24H超細緻眼線液,,眼線筆,綜合評分,3.7,,,,排除 3 則業配/疑似業配、11 則商品不符,2026-07-15 03:20:04
YSL,叛逆時尚超持妝眼線筆,,眼線筆,防水防油抗暈力,3.36,12,True,False,核心指標 ×1.3,2026-07-15 03:20:04
YSL,叛逆時尚超持妝眼線筆,,眼線筆,防沾染,2.75,2,False,False,⚠️ 樣本僅 2 則且評論分歧，參考性有限,2026-07-15 03:20:04
YSL,叛逆時尚超持妝眼線筆,,眼線筆,筆觸滑順度,3.8,3,True,False,核心指標 ×1.3,2026-07-15 03:20:04
YSL,叛逆時尚超持妝眼線筆,,眼線筆,顯色度,3.8,8,False,False,,2026-07-15 03:20:04
YSL,叛逆時尚超持妝眼線筆,,眼線筆,筆尖設計,3.26,4,True,False,核心指標 ×1.3,2026-07-15 03:20:04
YSL,叛逆時尚超持妝眼線筆,,眼線筆,綜合評分,3.4,,,,排除 3 則業配/疑似業配、6 則商品不符,2026-07-15 03:20:04
DIOR,迪奧絕對搶眼眼線液,,眼線筆,防水防油抗暈力,3.7,15,True,False,核心指標 ×1.3,2026-07-15 03:20:04
DIOR,迪奧絕對搶眼眼線液,,眼線筆,防沾染,3.1,1,False,False,⚠️ 樣本僅 2 則，參考性有限,2026-07-15 03:20:04
DIOR,迪奧絕對搶眼眼線液,,眼線筆,筆觸滑順度,3.8,5,True,False,核心指標 ×1.3,2026-07-15 03:20:04
DIOR,迪奧絕對搶眼眼線液,,眼線筆,顯色度,3.38,2,False,False,⚠️ 樣本僅 2 則且評論分歧，參考性有限,2026-07-15 03:20:04
DIOR,迪奧絕對搶眼眼線液,,眼線筆,筆尖設計,3.59,9,True,False,核心指標 ×1.3,2026-07-15 03:20:04
DIOR,迪奧絕對搶眼眼線液,,眼線筆,綜合評分,3.5,,,,排除 2 則業配/疑似業配、5 則商品不符,2026-07-15 03:20:04
CHANEL,香奈兒絲柔恆采眼線筆,,眼線筆,防水防油抗暈力,3.28,11,True,False,核心指標 ×1.3,2026-07-15 03:20:04
CHANEL,香奈兒絲柔恆采眼線筆,,眼線筆,防沾染,3.1,1,False,False,⚠️ 樣本僅 2 則，參考性有限,2026-07-15 03:20:04
CHANEL,香奈兒絲柔恆采眼線筆,,眼線筆,筆觸滑順度,3.8,4,True,False,核心指標 ×1.3,2026-07-15 03:20:04
CHANEL,香奈兒絲柔恆采眼線筆,,眼線筆,顯色度,3.7,13,False,False,,2026-07-15 03:20:04
CHANEL,香奈兒絲柔恆采眼線筆,,眼線筆,筆尖設計,3.26,2,True,False,⚠️ 樣本僅 2 則且評論分歧，參考性有限,2026-07-15 03:20:04
CHANEL,香奈兒絲柔恆采眼線筆,,眼線筆,綜合評分,3.4,,,,排除 0 則業配/疑似業配、8 則商品不符,2026-07-15 03:20:04
MAKE UP FOREVER,AQUA 24H防水持色眼線膠筆,,眼線筆,防水防油抗暈力,2.89,9,True,False,核心指標 ×1.3,2026-07-15 03:20:04
MAKE UP FOREVER,AQUA 24H防水持色眼線膠筆,,眼線筆,防沾染,3.1,2,False,False,⚠️ 樣本僅 2 則，參考性有限,2026-07-15 03:20:04
MAKE UP FOREVER,AQUA 24H防水持色眼線膠筆,,眼線筆,筆觸滑順度,3.8,1,True,False,⚠️ 樣本僅 2 則，參考性有限,2026-07-15 03:20:04
MAKE UP FOREVER,AQUA 24H防水持色眼線膠筆,,眼線筆,顯色度,,0,False,False,資料不足，評論中未提及此指標,2026-07-15 03:20:04
MAKE UP FOREVER,AQUA 24H防水持色眼線膠筆,,眼線筆,筆尖設計,3.1,1,True,False,⚠️ 樣本僅 2 則，參考性有限,2026-07-15 03:20:04
MAKE UP FOREVER,AQUA 24H防水持色眼線膠筆,,眼線筆,綜合評分,3.2,,,,排除 0 則業配/疑似業配、20 則商品不符,2026-07-15 03:20:04
雅詩蘭黛,Double Wear 粉持久極黑雙效眼線液筆,,眼線筆,防水防油抗暈力,3.23,8,True,False,核心指標 ×1.3,2026-07-15 03:20:04
雅詩蘭黛,Double Wear 粉持久極黑雙效眼線液筆,,眼線筆,防沾染,3.1,2,False,False,⚠️ 樣本僅 2 則，參考性有限,2026-07-15 03:20:04
雅詩蘭黛,Double Wear 粉持久極黑雙效眼線液筆,,眼線筆,筆觸滑順度,3.61,4,True,False,核心指標 ×1.3,2026-07-15 03:20:04
雅詩蘭黛,Double Wear 粉持久極黑雙效眼線液筆,,眼線筆,顯色度,2.87,3,False,False,,2026-07-15 03:20:04
雅詩蘭黛,Double Wear 粉持久極黑雙效眼線液筆,,眼線筆,筆尖設計,3.31,7,True,False,核心指標 ×1.3,2026-07-15 03:20:04
雅詩蘭黛,Double Wear 粉持久極黑雙效眼線液筆,,眼線筆,綜合評分,3.2,,,,排除 0 則業配/疑似業配、14 則商品不符,2026-07-15 03:20:04
Bobbi Brown,流雲持久防水炫彩眼線筆,,眼線筆,防水防油抗暈力,3.19,9,True,False,核心指標 ×1.3,2026-07-15 03:20:04
Bobbi Brown,流雲持久防水炫彩眼線筆,,眼線筆,防沾染,3.1,1,False,False,⚠️ 樣本僅 2 則，參考性有限,2026-07-15 03:20:04
Bobbi Brown,流雲持久防水炫彩眼線筆,,眼線筆,筆觸滑順度,3.7,9,True,False,核心指標 ×1.3,2026-07-15 03:20:04
Bobbi Brown,流雲持久防水炫彩眼線筆,,眼線筆,顯色度,3.6,8,False,False,,2026-07-15 03:20:04
Bobbi Brown,流雲持久防水炫彩眼線筆,,眼線筆,筆尖設計,3.1,1,True,False,⚠️ 樣本僅 2 則，參考性有限,2026-07-15 03:20:04
Bobbi Brown,流雲持久防水炫彩眼線筆,,眼線筆,綜合評分,3.3,,,,排除 2 則業配/疑似業配、11 則商品不符,2026-07-15 03:20:04
植村秀,全面持久瞬翹睫毛膏,,睫毛膏,捲翹持久度,3.38,2,True,False,⚠️ 樣本僅 2 則且評論分歧，參考性有限,2026-07-15 03:24:20
植村秀,全面持久瞬翹睫毛膏,,睫毛膏,抗暈染力,3.99,3,True,False,核心指標 ×1.3,2026-07-15 03:24:20
植村秀,全面持久瞬翹睫毛膏,,睫毛膏,纖長效果,3.8,2,False,False,⚠️ 樣本僅 2 則，參考性有限,2026-07-15 03:24:20
植村秀,全面持久瞬翹睫毛膏,,睫毛膏,濃密效果,,0,False,False,資料不足，評論中未提及此指標,2026-07-15 03:24:20
植村秀,全面持久瞬翹睫毛膏,,睫毛膏,卸除難易度,,0,False,False,資料不足，評論中未提及此指標,2026-07-15 03:24:20
植村秀,全面持久瞬翹睫毛膏,,睫毛膏,根根分明度,3.8,5,True,False,核心指標 ×1.3,2026-07-15 03:24:20
植村秀,全面持久瞬翹睫毛膏,,睫毛膏,綜合評分,3.7,,,,排除 2 則業配/疑似業配、19 則商品不符,2026-07-15 03:24:20
M.A.C,濃密煽情瞬翹睫毛膏,,睫毛膏,捲翹持久度,3.44,5,True,False,核心指標 ×1.3,2026-07-15 03:24:20
M.A.C,濃密煽情瞬翹睫毛膏,,睫毛膏,抗暈染力,2.75,9,True,False,核心指標 ×1.3,2026-07-15 03:24:20
M.A.C,濃密煽情瞬翹睫毛膏,,睫毛膏,纖長效果,3.8,1,False,False,⚠️ 樣本僅 2 則，參考性有限,2026-07-15 03:24:20
M.A.C,濃密煽情瞬翹睫毛膏,,睫毛膏,濃密效果,3.71,3,False,False,,2026-07-15 03:24:20
M.A.C,濃密煽情瞬翹睫毛膏,,睫毛膏,卸除難易度,,0,False,False,資料不足，評論中未提及此指標,2026-07-15 03:24:20
M.A.C,濃密煽情瞬翹睫毛膏,,睫毛膏,根根分明度,3.1,8,True,False,核心指標 ×1.3,2026-07-15 03:24:20
M.A.C,濃密煽情瞬翹睫毛膏,,睫毛膏,綜合評分,3.3,,,,排除 3 則業配/疑似業配、11 則商品不符,2026-07-15 03:24:20
YSL,奢華款3D耀黑睫毛膏,,睫毛膏,捲翹持久度,3.55,4,True,False,核心指標 ×1.3,2026-07-15 03:24:20
YSL,奢華款3D耀黑睫毛膏,,睫毛膏,抗暈染力,2.75,5,True,False,核心指標 ×1.3,2026-07-15 03:24:20
YSL,奢華款3D耀黑睫毛膏,,睫毛膏,纖長效果,3.8,2,False,False,⚠️ 樣本僅 2 則，參考性有限,2026-07-15 03:24:20
YSL,奢華款3D耀黑睫毛膏,,睫毛膏,濃密效果,3.8,2,False,False,⚠️ 樣本僅 2 則，參考性有限,2026-07-15 03:24:20
YSL,奢華款3D耀黑睫毛膏,,睫毛膏,卸除難易度,3.8,1,False,False,⚠️ 樣本僅 2 則，參考性有限,2026-07-15 03:24:20
YSL,奢華款3D耀黑睫毛膏,,睫毛膏,根根分明度,2.75,4,True,False,核心指標 ×1.3,2026-07-15 03:24:20
YSL,奢華款3D耀黑睫毛膏,,睫毛膏,綜合評分,3.4,,,,排除 3 則業配/疑似業配、12 則商品不符,2026-07-15 03:24:20
DIOR,迪奧絕對搶眼濃密睫毛膏,,睫毛膏,捲翹持久度,2.96,4,True,False,核心指標 ×1.3,2026-07-15 03:24:20
DIOR,迪奧絕對搶眼濃密睫毛膏,,睫毛膏,抗暈染力,2.92,6,True,False,核心指標 ×1.3,2026-07-15 03:24:20
DIOR,迪奧絕對搶眼濃密睫毛膏,,睫毛膏,纖長效果,3.8,1,False,False,⚠️ 樣本僅 2 則，參考性有限,2026-07-15 03:24:20
DIOR,迪奧絕對搶眼濃密睫毛膏,,睫毛膏,濃密效果,3.8,2,False,False,⚠️ 樣本僅 2 則，參考性有限,2026-07-15 03:24:20
DIOR,迪奧絕對搶眼濃密睫毛膏,,睫毛膏,卸除難易度,4.1,2,False,False,⚠️ 樣本僅 2 則且評論分歧，參考性有限,2026-07-15 03:24:20
DIOR,迪奧絕對搶眼濃密睫毛膏,,睫毛膏,根根分明度,3.67,5,True,False,核心指標 ×1.3,2026-07-15 03:24:20
DIOR,迪奧絕對搶眼濃密睫毛膏,,睫毛膏,綜合評分,3.5,,,,排除 5 則業配/疑似業配、11 則商品不符,2026-07-15 03:24:20
CHANEL,香奈兒完美比例濃密睫毛膏,,睫毛膏,捲翹持久度,3.8,2,True,False,⚠️ 樣本僅 2 則，參考性有限,2026-07-15 03:24:20
CHANEL,香奈兒完美比例濃密睫毛膏,,睫毛膏,抗暈染力,3.1,14,True,False,核心指標 ×1.3,2026-07-15 03:24:20
CHANEL,香奈兒完美比例濃密睫毛膏,,睫毛膏,纖長效果,3.8,3,False,False,,2026-07-15 03:24:20
CHANEL,香奈兒完美比例濃密睫毛膏,,睫毛膏,濃密效果,3.38,2,False,False,⚠️ 樣本僅 2 則且評論分歧，參考性有限,2026-07-15 03:24:20
CHANEL,香奈兒完美比例濃密睫毛膏,,睫毛膏,卸除難易度,4.13,3,False,False,,2026-07-15 03:24:20
CHANEL,香奈兒完美比例濃密睫毛膏,,睫毛膏,根根分明度,3.46,13,True,False,核心指標 ×1.3,2026-07-15 03:24:20
CHANEL,香奈兒完美比例濃密睫毛膏,,睫毛膏,綜合評分,3.6,,,,排除 2 則業配/疑似業配、5 則商品不符,2026-07-15 03:24:20
MAKE UP FOREVER,濃睫大師豐盈捲翹睫毛膏,,睫毛膏,捲翹持久度,3.8,4,True,False,核心指標 ×1.3,2026-07-15 03:24:20
MAKE UP FOREVER,濃睫大師豐盈捲翹睫毛膏,,睫毛膏,抗暈染力,3.45,7,True,False,核心指標 ×1.3,2026-07-15 03:24:20
MAKE UP FOREVER,濃睫大師豐盈捲翹睫毛膏,,睫毛膏,纖長效果,3.1,2,False,False,⚠️ 樣本僅 2 則，參考性有限,2026-07-15 03:24:20
MAKE UP FOREVER,濃睫大師豐盈捲翹睫毛膏,,睫毛膏,濃密效果,3.48,5,False,False,,2026-07-15 03:24:20
MAKE UP FOREVER,濃睫大師豐盈捲翹睫毛膏,,睫毛膏,卸除難易度,3.8,1,False,False,⚠️ 樣本僅 2 則，參考性有限,2026-07-15 03:24:20
MAKE UP FOREVER,濃睫大師豐盈捲翹睫毛膏,,睫毛膏,根根分明度,3.2,5,True,False,核心指標 ×1.3,2026-07-15 03:24:20
MAKE UP FOREVER,濃睫大師豐盈捲翹睫毛膏,,睫毛膏,綜合評分,3.5,,,,排除 4 則業配/疑似業配、16 則商品不符,2026-07-15 03:24:20
雅詩蘭黛,Double Wear 無瑕妍彩持久纖長睫毛膏,,睫毛膏,捲翹持久度,3.27,4,True,False,核心指標 ×1.3,2026-07-15 03:24:20
雅詩蘭黛,Double Wear 無瑕妍彩持久纖長睫毛膏,,睫毛膏,抗暈染力,3.3,19,True,False,核心指標 ×1.3,2026-07-15 03:24:20
雅詩蘭黛,Double Wear 無瑕妍彩持久纖長睫毛膏,,睫毛膏,纖長效果,3.8,8,False,False,,2026-07-15 03:24:20
雅詩蘭黛,Double Wear 無瑕妍彩持久纖長睫毛膏,,睫毛膏,濃密效果,3.1,1,False,False,⚠️ 樣本僅 2 則，參考性有限,2026-07-15 03:24:20
雅詩蘭黛,Double Wear 無瑕妍彩持久纖長睫毛膏,,睫毛膏,卸除難易度,3.8,7,False,False,,2026-07-15 03:24:20
雅詩蘭黛,Double Wear 無瑕妍彩持久纖長睫毛膏,,睫毛膏,根根分明度,3.75,14,True,False,核心指標 ×1.3,2026-07-15 03:24:20
雅詩蘭黛,Double Wear 無瑕妍彩持久纖長睫毛膏,,睫毛膏,綜合評分,3.5,,,,排除 2 則業配/疑似業配、2 則商品不符,2026-07-15 03:24:20
Bobbi Brown,濃翹大眼睫毛膏,,睫毛膏,捲翹持久度,,0,True,False,資料不足，評論中未提及此指標,2026-07-15 03:24:20
Bobbi Brown,濃翹大眼睫毛膏,,睫毛膏,抗暈染力,3.74,4,True,False,核心指標 ×1.3,2026-07-15 03:24:20
Bobbi Brown,濃翹大眼睫毛膏,,睫毛膏,纖長效果,3.8,1,False,False,⚠️ 樣本僅 2 則，參考性有限,2026-07-15 03:24:20
Bobbi Brown,濃翹大眼睫毛膏,,睫毛膏,濃密效果,3.8,1,False,False,⚠️ 樣本僅 2 則，參考性有限,2026-07-15 03:24:20
Bobbi Brown,濃翹大眼睫毛膏,,睫毛膏,卸除難易度,,0,False,False,資料不足，評論中未提及此指標,2026-07-15 03:24:20
Bobbi Brown,濃翹大眼睫毛膏,,睫毛膏,根根分明度,3.24,4,True,False,核心指標 ×1.3,2026-07-15 03:24:20
Bobbi Brown,濃翹大眼睫毛膏,,睫毛膏,綜合評分,3.6,,,,排除 2 則業配/疑似業配、12 則商品不符,2026-07-15 03:24:20
M.A.C,口袋雙色修容打亮盤（小金盒）,,打亮/修容,粉質細膩度,,0,True,False,資料不足，評論中未提及此指標,2026-07-15 03:27:16
M.A.C,口袋雙色修容打亮盤（小金盒）,,打亮/修容,暈染力,,0,False,False,資料不足，評論中未提及此指標,2026-07-15 03:27:16
M.A.C,口袋雙色修容打亮盤（小金盒）,,打亮/修容,色調適合度,,0,True,False,資料不足，評論中未提及此指標,2026-07-15 03:27:16
M.A.C,口袋雙色修容打亮盤（小金盒）,,打亮/修容,顯色力,,0,True,False,資料不足，評論中未提及此指標,2026-07-15 03:27:16
M.A.C,口袋雙色修容打亮盤（小金盒）,,打亮/修容,持久度,,0,False,False,資料不足，評論中未提及此指標,2026-07-15 03:27:16
YSL,恆久完美立體高光餅,,打亮/修容,粉質細膩度,,0,True,False,資料不足，評論中未提及此指標,2026-07-15 03:27:16
YSL,恆久完美立體高光餅,,打亮/修容,暈染力,,0,False,False,資料不足，評論中未提及此指標,2026-07-15 03:27:16
YSL,恆久完美立體高光餅,,打亮/修容,色調適合度,,0,True,False,資料不足，評論中未提及此指標,2026-07-15 03:27:16
YSL,恆久完美立體高光餅,,打亮/修容,顯色力,3.8,1,True,False,⚠️ 樣本僅 2 則，參考性有限 ⚠️ 有效評論樣本較少，結果僅供參考,2026-07-15 03:27:16
YSL,恆久完美立體高光餅,,打亮/修容,持久度,,0,False,False,資料不足，評論中未提及此指標,2026-07-15 03:27:16
YSL,恆久完美立體高光餅,,打亮/修容,綜合評分,3.8,,,,排除 0 則業配/疑似業配、29 則商品不符,2026-07-15 03:27:16
DIOR,迪奧緹花亮彩盤,,打亮/修容,粉質細膩度,3.74,9,True,False,核心指標 ×1.3,2026-07-15 03:27:16
DIOR,迪奧緹花亮彩盤,,打亮/修容,暈染力,3.8,1,False,False,⚠️ 樣本僅 2 則，參考性有限,2026-07-15 03:27:16
DIOR,迪奧緹花亮彩盤,,打亮/修容,色調適合度,3.78,17,True,False,核心指標 ×1.3,2026-07-15 03:27:16
DIOR,迪奧緹花亮彩盤,,打亮/修容,顯色力,3.69,9,True,False,核心指標 ×1.3,2026-07-15 03:27:16
DIOR,迪奧緹花亮彩盤,,打亮/修容,持久度,3.8,1,False,False,⚠️ 樣本僅 2 則，參考性有限,2026-07-15 03:27:16
DIOR,迪奧緹花亮彩盤,,打亮/修容,綜合評分,3.8,,,,排除 3 則業配/疑似業配、0 則商品不符,2026-07-15 03:27:16
CHANEL,香奈兒水潤聚光棒,,打亮/修容,粉質細膩度,,0,True,False,資料不足，評論中未提及此指標,2026-07-15 03:27:16
CHANEL,香奈兒水潤聚光棒,,打亮/修容,暈染力,,0,False,False,資料不足，評論中未提及此指標,2026-07-15 03:27:16
CHANEL,香奈兒水潤聚光棒,,打亮/修容,色調適合度,,0,True,False,資料不足，評論中未提及此指標,2026-07-15 03:27:16
CHANEL,香奈兒水潤聚光棒,,打亮/修容,顯色力,3.8,1,True,False,⚠️ 樣本僅 2 則，參考性有限 ⚠️ 有效評論樣本較少，結果僅供參考,2026-07-15 03:27:16
CHANEL,香奈兒水潤聚光棒,,打亮/修容,持久度,3.8,1,False,False,⚠️ 樣本僅 2 則，參考性有限 ⚠️ 有效評論樣本較少，結果僅供參考,2026-07-15 03:27:16
CHANEL,香奈兒水潤聚光棒,,打亮/修容,綜合評分,3.8,,,,排除 0 則業配/疑似業配、28 則商品不符,2026-07-15 03:27:16
MAKE UP FOREVER,【打亮】藝術大師放膽玩色頰彩,,打亮/修容,粉質細膩度,,0,True,False,資料不足，評論中未提及此指標,2026-07-15 03:27:16
MAKE UP FOREVER,【打亮】藝術大師放膽玩色頰彩,,打亮/修容,暈染力,,0,False,False,資料不足，評論中未提及此指標,2026-07-15 03:27:16
MAKE UP FOREVER,【打亮】藝術大師放膽玩色頰彩,,打亮/修容,色調適合度,,0,True,False,資料不足，評論中未提及此指標,2026-07-15 03:27:16
MAKE UP FOREVER,【打亮】藝術大師放膽玩色頰彩,,打亮/修容,顯色力,,0,True,False,資料不足，評論中未提及此指標,2026-07-15 03:27:16
MAKE UP FOREVER,【打亮】藝術大師放膽玩色頰彩,,打亮/修容,持久度,,0,False,False,資料不足，評論中未提及此指標,2026-07-15 03:27:16
蘭蔻,零粉感超持久聚光棒,,打亮/修容,粉質細膩度,,0,True,False,資料不足，評論中未提及此指標,2026-07-15 03:27:16
蘭蔻,零粉感超持久聚光棒,,打亮/修容,暈染力,,0,False,False,資料不足，評論中未提及此指標,2026-07-15 03:27:16
蘭蔻,零粉感超持久聚光棒,,打亮/修容,色調適合度,,0,True,False,資料不足，評論中未提及此指標,2026-07-15 03:27:16
蘭蔻,零粉感超持久聚光棒,,打亮/修容,顯色力,,0,True,False,資料不足，評論中未提及此指標,2026-07-15 03:27:16
蘭蔻,零粉感超持久聚光棒,,打亮/修容,持久度,3.8,1,False,False,⚠️ 樣本僅 2 則，參考性有限 ⚠️ 有效評論樣本較少，結果僅供參考,2026-07-15 03:27:16
蘭蔻,零粉感超持久聚光棒,,打亮/修容,綜合評分,3.8,,,,排除 0 則業配/疑似業配、29 則商品不符,2026-07-15 03:27:16
Bobbi Brown,金緻美肌粉,,打亮/修容,粉質細膩度,,0,True,False,資料不足，評論中未提及此指標,2026-07-15 03:27:16
Bobbi Brown,金緻美肌粉,,打亮/修容,暈染力,,0,False,False,資料不足，評論中未提及此指標,2026-07-15 03:27:16
Bobbi Brown,金緻美肌粉,,打亮/修容,色調適合度,,0,True,False,資料不足，評論中未提及此指標,2026-07-15 03:27:16
Bobbi Brown,金緻美肌粉,,打亮/修容,顯色力,3.8,1,True,False,⚠️ 樣本僅 2 則，參考性有限 ⚠️ 有效評論樣本較少，結果僅供參考,2026-07-15 03:27:16
Bobbi Brown,金緻美肌粉,,打亮/修容,持久度,,0,False,False,資料不足，評論中未提及此指標,2026-07-15 03:27:16
Bobbi Brown,金緻美肌粉,,打亮/修容,綜合評分,3.8,,,,排除 0 則業配/疑似業配、22 則商品不符,2026-07-15 03:27:16
植村秀,無色限輕霧保濕唇膏,,唇膏,修飾唇紋效果,,0,False,False,資料不足，評論中未提及此指標,2026-07-15 03:30:19
植村秀,無色限輕霧保濕唇膏,,唇膏,卸除難易度,,0,False,False,資料不足，評論中未提及此指標,2026-07-15 03:30:19
植村秀,無色限輕霧保濕唇膏,,唇膏,顯色度,4.17,2,True,False,⚠️ 樣本僅 2 則且評論分歧，參考性有限 ⚠️ 有效評論樣本較少，結果僅供參考,2026-07-15 03:30:19
植村秀,無色限輕霧保濕唇膏,,唇膏,持妝力,,0,False,False,資料不足，評論中未提及此指標,2026-07-15 03:30:19
植村秀,無色限輕霧保濕唇膏,,唇膏,質地觸感,,0,True,False,資料不足，評論中未提及此指標,2026-07-15 03:30:19
植村秀,無色限輕霧保濕唇膏,,唇膏,保濕不拔乾,,0,True,False,資料不足，評論中未提及此指標,2026-07-15 03:30:19
植村秀,無色限輕霧保濕唇膏,,唇膏,防沾染,,0,False,False,資料不足，評論中未提及此指標,2026-07-15 03:30:19
植村秀,無色限輕霧保濕唇膏,,唇膏,沾杯程度,,0,False,False,資料不足，評論中未提及此指標,2026-07-15 03:30:19
植村秀,無色限輕霧保濕唇膏,,唇膏,塗抹均勻度,,0,False,False,資料不足，評論中未提及此指標,2026-07-15 03:30:19
植村秀,無色限輕霧保濕唇膏,,唇膏,綜合評分,4.2,,,,排除 1 則業配/疑似業配、21 則商品不符,2026-07-15 03:30:19
資生堂,摩霧唇膏,,唇膏,修飾唇紋效果,3.8,1,False,False,⚠️ 樣本僅 2 則，參考性有限 ⚠️ 有效評論樣本較少，結果僅供參考,2026-07-15 03:30:19
資生堂,摩霧唇膏,,唇膏,卸除難易度,,0,False,False,資料不足，評論中未提及此指標,2026-07-15 03:30:19
資生堂,摩霧唇膏,,唇膏,顯色度,3.8,1,True,False,⚠️ 樣本僅 2 則，參考性有限 ⚠️ 有效評論樣本較少，結果僅供參考,2026-07-15 03:30:19
資生堂,摩霧唇膏,,唇膏,持妝力,,0,False,False,資料不足，評論中未提及此指標,2026-07-15 03:30:19
資生堂,摩霧唇膏,,唇膏,質地觸感,3.8,1,True,False,⚠️ 樣本僅 2 則，參考性有限 ⚠️ 有效評論樣本較少，結果僅供參考,2026-07-15 03:30:19
資生堂,摩霧唇膏,,唇膏,保濕不拔乾,3.8,1,True,False,⚠️ 樣本僅 2 則，參考性有限 ⚠️ 有效評論樣本較少，結果僅供參考,2026-07-15 03:30:19
資生堂,摩霧唇膏,,唇膏,防沾染,,0,False,False,資料不足，評論中未提及此指標,2026-07-15 03:30:19
資生堂,摩霧唇膏,,唇膏,沾杯程度,,0,False,False,資料不足，評論中未提及此指標,2026-07-15 03:30:19
資生堂,摩霧唇膏,,唇膏,塗抹均勻度,,0,False,False,資料不足，評論中未提及此指標,2026-07-15 03:30:19
資生堂,摩霧唇膏,,唇膏,綜合評分,3.8,,,,排除 0 則業配/疑似業配、25 則商品不符,2026-07-15 03:30:19
M.A.C,超水感持色水唇膏,,唇膏,修飾唇紋效果,,0,False,False,資料不足，評論中未提及此指標,2026-07-15 03:30:19
M.A.C,超水感持色水唇膏,,唇膏,卸除難易度,,0,False,False,資料不足，評論中未提及此指標,2026-07-15 03:30:19
M.A.C,超水感持色水唇膏,,唇膏,顯色度,3.8,6,True,False,核心指標 ×1.3,2026-07-15 03:30:19
M.A.C,超水感持色水唇膏,,唇膏,持妝力,,0,False,False,資料不足，評論中未提及此指標,2026-07-15 03:30:19
M.A.C,超水感持色水唇膏,,唇膏,質地觸感,3.8,6,True,False,核心指標 ×1.3,2026-07-15 03:30:19
M.A.C,超水感持色水唇膏,,唇膏,保濕不拔乾,3.8,1,True,False,⚠️ 樣本僅 2 則，參考性有限,2026-07-15 03:30:19
M.A.C,超水感持色水唇膏,,唇膏,防沾染,,0,False,False,資料不足，評論中未提及此指標,2026-07-15 03:30:19
M.A.C,超水感持色水唇膏,,唇膏,沾杯程度,,0,False,False,資料不足，評論中未提及此指標,2026-07-15 03:30:19
M.A.C,超水感持色水唇膏,,唇膏,塗抹均勻度,,0,False,False,資料不足，評論中未提及此指標,2026-07-15 03:30:19
M.A.C,超水感持色水唇膏,,唇膏,綜合評分,3.8,,,,排除 0 則業配/疑似業配、20 則商品不符,2026-07-15 03:30:19
YSL,奢華緞面唇膏,,唇膏,修飾唇紋效果,3.1,1,False,False,⚠️ 樣本僅 2 則，參考性有限,2026-07-15 03:30:19
YSL,奢華緞面唇膏,,唇膏,卸除難易度,,0,False,False,資料不足，評論中未提及此指標,2026-07-15 03:30:19
YSL,奢華緞面唇膏,,唇膏,顯色度,3.8,2,True,False,⚠️ 樣本僅 2 則，參考性有限,2026-07-15 03:30:19
YSL,奢華緞面唇膏,,唇膏,持妝力,3.5,1,False,False,⚠️ 樣本僅 2 則，參考性有限,2026-07-15 03:30:19
YSL,奢華緞面唇膏,,唇膏,質地觸感,,0,True,False,資料不足，評論中未提及此指標,2026-07-15 03:30:19
YSL,奢華緞面唇膏,,唇膏,保濕不拔乾,3.1,1,True,False,⚠️ 樣本僅 2 則，參考性有限,2026-07-15 03:30:19
YSL,奢華緞面唇膏,,唇膏,防沾染,,0,False,False,資料不足，評論中未提及此指標,2026-07-15 03:30:19
YSL,奢華緞面唇膏,,唇膏,沾杯程度,,0,False,False,資料不足，評論中未提及此指標,2026-07-15 03:30:19
YSL,奢華緞面唇膏,,唇膏,塗抹均勻度,,0,False,False,資料不足，評論中未提及此指標,2026-07-15 03:30:19
YSL,奢華緞面唇膏,,唇膏,綜合評分,3.4,,,,排除 1 則業配/疑似業配、21 則商品不符,2026-07-15 03:30:19
DIOR,迪奧藍星唇膏,,唇膏,修飾唇紋效果,3.8,4,False,False,,2026-07-15 03:30:19
DIOR,迪奧藍星唇膏,,唇膏,卸除難易度,,0,False,False,資料不足，評論中未提及此指標,2026-07-15 03:30:19
DIOR,迪奧藍星唇膏,,唇膏,顯色度,3.8,21,True,False,核心指標 ×1.3,2026-07-15 03:30:19
DIOR,迪奧藍星唇膏,,唇膏,持妝力,,0,False,False,資料不足，評論中未提及此指標,2026-07-15 03:30:19
DIOR,迪奧藍星唇膏,,唇膏,質地觸感,3.8,7,True,False,核心指標 ×1.3,2026-07-15 03:30:19
DIOR,迪奧藍星唇膏,,唇膏,保濕不拔乾,3.8,8,True,False,核心指標 ×1.3,2026-07-15 03:30:19
DIOR,迪奧藍星唇膏,,唇膏,防沾染,,0,False,False,資料不足，評論中未提及此指標,2026-07-15 03:30:19
DIOR,迪奧藍星唇膏,,唇膏,沾杯程度,,0,False,False,資料不足，評論中未提及此指標,2026-07-15 03:30:19
DIOR,迪奧藍星唇膏,,唇膏,塗抹均勻度,,0,False,False,資料不足，評論中未提及此指標,2026-07-15 03:30:19
DIOR,迪奧藍星唇膏,,唇膏,綜合評分,3.8,,,,排除 1 則業配/疑似業配、0 則商品不符,2026-07-15 03:30:19
CHANEL,香奈兒超炫耀的絲絨唇膏,,唇膏,修飾唇紋效果,,0,False,False,資料不足，評論中未提及此指標,2026-07-15 03:30:19
CHANEL,香奈兒超炫耀的絲絨唇膏,,唇膏,卸除難易度,,0,False,False,資料不足，評論中未提及此指標,2026-07-15 03:30:19
CHANEL,香奈兒超炫耀的絲絨唇膏,,唇膏,顯色度,,0,True,False,資料不足，評論中未提及此指標,2026-07-15 03:30:19
CHANEL,香奈兒超炫耀的絲絨唇膏,,唇膏,持妝力,3.8,1,False,False,⚠️ 樣本僅 2 則，參考性有限 ⚠️ 有效評論樣本較少，結果僅供參考,2026-07-15 03:30:19
CHANEL,香奈兒超炫耀的絲絨唇膏,,唇膏,質地觸感,,0,True,False,資料不足，評論中未提及此指標,2026-07-15 03:30:19
CHANEL,香奈兒超炫耀的絲絨唇膏,,唇膏,保濕不拔乾,3.1,1,True,False,⚠️ 樣本僅 2 則，參考性有限 ⚠️ 有效評論樣本較少，結果僅供參考,2026-07-15 03:30:19
CHANEL,香奈兒超炫耀的絲絨唇膏,,唇膏,防沾染,,0,False,False,資料不足，評論中未提及此指標,2026-07-15 03:30:19
CHANEL,香奈兒超炫耀的絲絨唇膏,,唇膏,沾杯程度,,0,False,False,資料不足，評論中未提及此指標,2026-07-15 03:30:19
CHANEL,香奈兒超炫耀的絲絨唇膏,,唇膏,塗抹均勻度,,0,False,False,資料不足，評論中未提及此指標,2026-07-15 03:30:19
CHANEL,香奈兒超炫耀的絲絨唇膏,,唇膏,綜合評分,3.4,,,,排除 0 則業配/疑似業配、23 則商品不符,2026-07-15 03:30:19
MAKE UP FOREVER,藝術大師熾熱玩色唇膏,,唇膏,修飾唇紋效果,,0,False,False,資料不足，評論中未提及此指標,2026-07-15 03:30:19
MAKE UP FOREVER,藝術大師熾熱玩色唇膏,,唇膏,卸除難易度,,0,False,False,資料不足，評論中未提及此指標,2026-07-15 03:30:19
MAKE UP FOREVER,藝術大師熾熱玩色唇膏,,唇膏,顯色度,3.8,1,True,False,⚠️ 樣本僅 2 則，參考性有限 ⚠️ 有效評論樣本較少，結果僅供參考,2026-07-15 03:30:19
MAKE UP FOREVER,藝術大師熾熱玩色唇膏,,唇膏,持妝力,,0,False,False,資料不足，評論中未提及此指標,2026-07-15 03:30:19
MAKE UP FOREVER,藝術大師熾熱玩色唇膏,,唇膏,質地觸感,3.8,1,True,False,⚠️ 樣本僅 2 則，參考性有限 ⚠️ 有效評論樣本較少，結果僅供參考,2026-07-15 03:30:19
MAKE UP FOREVER,藝術大師熾熱玩色唇膏,,唇膏,保濕不拔乾,,0,True,False,資料不足，評論中未提及此指標,2026-07-15 03:30:19
MAKE UP FOREVER,藝術大師熾熱玩色唇膏,,唇膏,防沾染,,0,False,False,資料不足，評論中未提及此指標,2026-07-15 03:30:19
MAKE UP FOREVER,藝術大師熾熱玩色唇膏,,唇膏,沾杯程度,,0,False,False,資料不足，評論中未提及此指標,2026-07-15 03:30:19
MAKE UP FOREVER,藝術大師熾熱玩色唇膏,,唇膏,塗抹均勻度,,0,False,False,資料不足，評論中未提及此指標,2026-07-15 03:30:19
MAKE UP FOREVER,藝術大師熾熱玩色唇膏,,唇膏,綜合評分,3.8,,,,排除 0 則業配/疑似業配、24 則商品不符,2026-07-15 03:30:19
雅詩蘭黛,Pure Color 絕美奢潤精萃唇膏,,唇膏,修飾唇紋效果,3.8,1,False,False,⚠️ 樣本僅 2 則，參考性有限 ⚠️ 有效評論樣本較少，結果僅供參考,2026-07-15 03:30:19
雅詩蘭黛,Pure Color 絕美奢潤精萃唇膏,,唇膏,卸除難易度,,0,False,False,資料不足，評論中未提及此指標,2026-07-15 03:30:19
雅詩蘭黛,Pure Color 絕美奢潤精萃唇膏,,唇膏,顯色度,3.8,1,True,False,⚠️ 樣本僅 2 則，參考性有限 ⚠️ 有效評論樣本較少，結果僅供參考,2026-07-15 03:30:19
雅詩蘭黛,Pure Color 絕美奢潤精萃唇膏,,唇膏,持妝力,,0,False,False,資料不足，評論中未提及此指標,2026-07-15 03:30:19
雅詩蘭黛,Pure Color 絕美奢潤精萃唇膏,,唇膏,質地觸感,,0,True,False,資料不足，評論中未提及此指標,2026-07-15 03:30:19
雅詩蘭黛,Pure Color 絕美奢潤精萃唇膏,,唇膏,保濕不拔乾,,0,True,False,資料不足，評論中未提及此指標,2026-07-15 03:30:19
雅詩蘭黛,Pure Color 絕美奢潤精萃唇膏,,唇膏,防沾染,,0,False,False,資料不足，評論中未提及此指標,2026-07-15 03:30:19
雅詩蘭黛,Pure Color 絕美奢潤精萃唇膏,,唇膏,沾杯程度,,0,False,False,資料不足，評論中未提及此指標,2026-07-15 03:30:19
雅詩蘭黛,Pure Color 絕美奢潤精萃唇膏,,唇膏,塗抹均勻度,,0,False,False,資料不足，評論中未提及此指標,2026-07-15 03:30:19
雅詩蘭黛,Pure Color 絕美奢潤精萃唇膏,,唇膏,綜合評分,3.8,,,,排除 0 則業配/疑似業配、25 則商品不符,2026-07-15 03:30:19
蘭蔻,絕對完美唇膏,,唇膏,修飾唇紋效果,3.8,1,False,False,⚠️ 樣本僅 2 則，參考性有限 ⚠️ 有效評論樣本較少，結果僅供參考,2026-07-15 03:30:19
蘭蔻,絕對完美唇膏,,唇膏,卸除難易度,,0,False,False,資料不足，評論中未提及此指標,2026-07-15 03:30:19
蘭蔻,絕對完美唇膏,,唇膏,顯色度,4.0,3,True,False,⚠️ 有效評論樣本較少，結果僅供參考,2026-07-15 03:30:19
蘭蔻,絕對完美唇膏,,唇膏,持妝力,,0,False,False,資料不足，評論中未提及此指標,2026-07-15 03:30:19
蘭蔻,絕對完美唇膏,,唇膏,質地觸感,,0,True,False,資料不足，評論中未提及此指標,2026-07-15 03:30:19
蘭蔻,絕對完美唇膏,,唇膏,保濕不拔乾,,0,True,False,資料不足，評論中未提及此指標,2026-07-15 03:30:19
蘭蔻,絕對完美唇膏,,唇膏,防沾染,,0,False,False,資料不足，評論中未提及此指標,2026-07-15 03:30:19
蘭蔻,絕對完美唇膏,,唇膏,沾杯程度,,0,False,False,資料不足，評論中未提及此指標,2026-07-15 03:30:19
蘭蔻,絕對完美唇膏,,唇膏,塗抹均勻度,,0,False,False,資料不足，評論中未提及此指標,2026-07-15 03:30:19
蘭蔻,絕對完美唇膏,,唇膏,綜合評分,3.9,,,,排除 0 則業配/疑似業配、21 則商品不符,2026-07-15 03:30:19
Bobbi Brown,晶鑽釉光水唇膏,,唇膏,修飾唇紋效果,,0,False,False,資料不足，評論中未提及此指標,2026-07-15 03:30:19
Bobbi Brown,晶鑽釉光水唇膏,,唇膏,卸除難易度,,0,False,False,資料不足，評論中未提及此指標,2026-07-15 03:30:19
Bobbi Brown,晶鑽釉光水唇膏,,唇膏,顯色度,3.8,1,True,False,⚠️ 樣本僅 2 則，參考性有限,2026-07-15 03:30:19
Bobbi Brown,晶鑽釉光水唇膏,,唇膏,持妝力,,0,False,False,資料不足，評論中未提及此指標,2026-07-15 03:30:19
Bobbi Brown,晶鑽釉光水唇膏,,唇膏,質地觸感,3.8,3,True,False,核心指標 ×1.3,2026-07-15 03:30:19
Bobbi Brown,晶鑽釉光水唇膏,,唇膏,保濕不拔乾,3.8,1,True,False,⚠️ 樣本僅 2 則，參考性有限,2026-07-15 03:30:19
Bobbi Brown,晶鑽釉光水唇膏,,唇膏,防沾染,,0,False,False,資料不足，評論中未提及此指標,2026-07-15 03:30:19
Bobbi Brown,晶鑽釉光水唇膏,,唇膏,沾杯程度,,0,False,False,資料不足，評論中未提及此指標,2026-07-15 03:30:19
Bobbi Brown,晶鑽釉光水唇膏,,唇膏,塗抹均勻度,,0,False,False,資料不足，評論中未提及此指標,2026-07-15 03:30:19
Bobbi Brown,晶鑽釉光水唇膏,,唇膏,綜合評分,3.8,,,,排除 0 則業配/疑似業配、12 則商品不符,2026-07-15 03:30:19
植村秀,4色眼影盤,,眼影/眼影盤,粉質細緻度,3.64,10,True,False,核心指標 ×1.3,2026-07-15 11:11:41
植村秀,4色眼影盤,,眼影/眼影盤,顏色飽和度,3.8,1,False,False,⚠️ 樣本僅 2 則，參考性有限,2026-07-15 11:11:41
植村秀,4色眼影盤,,眼影/眼影盤,顯色度,3.44,6,True,False,核心指標 ×1.3,2026-07-15 11:11:41
植村秀,4色眼影盤,,眼影/眼影盤,防飛粉,3.45,2,False,False,⚠️ 樣本僅 2 則且評論分歧，參考性有限,2026-07-15 11:11:41
植村秀,4色眼影盤,,眼影/眼影盤,暈染力,3.8,3,False,False,,2026-07-15 11:11:41
植村秀,4色眼影盤,,眼影/眼影盤,配色實用性,3.68,8,True,False,核心指標 ×1.3,2026-07-15 11:11:41
植村秀,4色眼影盤,,眼影/眼影盤,持妝度,,0,False,False,資料不足，評論中未提及此指標,2026-07-15 11:11:41
植村秀,4色眼影盤,,眼影/眼影盤,綜合評分,3.6,,,,排除 1 則業配/疑似業配、10 則商品不符,2026-07-15 11:11:41
M.A.C,時尚焦點小眼影,,眼影/眼影盤,粉質細緻度,3.8,2,True,False,⚠️ 樣本僅 2 則，參考性有限,2026-07-15 11:11:41
M.A.C,時尚焦點小眼影,,眼影/眼影盤,顏色飽和度,3.6,3,False,False,,2026-07-15 11:11:41
M.A.C,時尚焦點小眼影,,眼影/眼影盤,顯色度,3.66,4,True,False,核心指標 ×1.3,2026-07-15 11:11:41
M.A.C,時尚焦點小眼影,,眼影/眼影盤,防飛粉,,0,False,False,資料不足，評論中未提及此指標,2026-07-15 11:11:41
M.A.C,時尚焦點小眼影,,眼影/眼影盤,暈染力,3.8,4,False,False,,2026-07-15 11:11:41
M.A.C,時尚焦點小眼影,,眼影/眼影盤,配色實用性,3.86,24,True,False,核心指標 ×1.3,2026-07-15 11:11:41
M.A.C,時尚焦點小眼影,,眼影/眼影盤,持妝度,3.8,1,False,False,⚠️ 樣本僅 2 則，參考性有限,2026-07-15 11:11:41
M.A.C,時尚焦點小眼影,,眼影/眼影盤,綜合評分,3.8,,,,排除 0 則業配/疑似業配、0 則商品不符,2026-07-15 11:11:41
YSL,YSL 時尚4色眼影盤,,眼影/眼影盤,粉質細緻度,3.8,4,True,False,核心指標 ×1.3,2026-07-15 11:11:41
YSL,YSL 時尚4色眼影盤,,眼影/眼影盤,顏色飽和度,3.8,6,False,False,,2026-07-15 11:11:41
YSL,YSL 時尚4色眼影盤,,眼影/眼影盤,顯色度,2.4,1,True,False,⚠️ 樣本僅 2 則，參考性有限,2026-07-15 11:11:41
YSL,YSL 時尚4色眼影盤,,眼影/眼影盤,防飛粉,3.1,4,False,False,,2026-07-15 11:11:41
YSL,YSL 時尚4色眼影盤,,眼影/眼影盤,暈染力,3.8,1,False,False,⚠️ 樣本僅 2 則，參考性有限,2026-07-15 11:11:41
YSL,YSL 時尚4色眼影盤,,眼影/眼影盤,配色實用性,3.69,17,True,False,核心指標 ×1.3,2026-07-15 11:11:41
YSL,YSL 時尚4色眼影盤,,眼影/眼影盤,持妝度,3.38,2,False,False,⚠️ 樣本僅 2 則且評論分歧，參考性有限,2026-07-15 11:11:41
YSL,YSL 時尚4色眼影盤,,眼影/眼影盤,綜合評分,3.4,,,,排除 3 則業配/疑似業配、1 則商品不符,2026-07-15 11:11:41
DIOR,迪奧經典五色眼影,,眼影/眼影盤,粉質細緻度,3.71,12,True,False,核心指標 ×1.3,2026-07-15 11:11:41
DIOR,迪奧經典五色眼影,,眼影/眼影盤,顏色飽和度,,0,False,False,資料不足，評論中未提及此指標,2026-07-15 11:11:41
DIOR,迪奧經典五色眼影,,眼影/眼影盤,顯色度,3.8,1,True,False,⚠️ 樣本僅 2 則，參考性有限,2026-07-15 11:11:41
DIOR,迪奧經典五色眼影,,眼影/眼影盤,防飛粉,3.52,2,False,False,⚠️ 樣本僅 2 則且評論分歧，參考性有限,2026-07-15 11:11:41
DIOR,迪奧經典五色眼影,,眼影/眼影盤,暈染力,3.8,1,False,False,⚠️ 樣本僅 2 則，參考性有限,2026-07-15 11:11:41
DIOR,迪奧經典五色眼影,,眼影/眼影盤,配色實用性,3.68,19,True,False,核心指標 ×1.3,2026-07-15 11:11:41
DIOR,迪奧經典五色眼影,,眼影/眼影盤,持妝度,3.8,2,False,False,⚠️ 樣本僅 2 則，參考性有限,2026-07-15 11:11:41
DIOR,迪奧經典五色眼影,,眼影/眼影盤,綜合評分,3.7,,,,排除 1 則業配/疑似業配、0 則商品不符,2026-07-15 11:11:41
CHANEL,香奈兒四色眼影,,眼影/眼影盤,粉質細緻度,3.71,9,True,False,核心指標 ×1.3,2026-07-15 11:11:41
CHANEL,香奈兒四色眼影,,眼影/眼影盤,顏色飽和度,3.8,1,False,False,⚠️ 樣本僅 2 則，參考性有限,2026-07-15 11:11:41
CHANEL,香奈兒四色眼影,,眼影/眼影盤,顯色度,3.06,9,True,False,核心指標 ×1.3,2026-07-15 11:11:41
CHANEL,香奈兒四色眼影,,眼影/眼影盤,防飛粉,3.8,3,False,False,,2026-07-15 11:11:41
CHANEL,香奈兒四色眼影,,眼影/眼影盤,暈染力,4.05,2,False,False,⚠️ 樣本僅 2 則且評論分歧，參考性有限,2026-07-15 11:11:41
CHANEL,香奈兒四色眼影,,眼影/眼影盤,配色實用性,3.69,17,True,False,核心指標 ×1.3,2026-07-15 11:11:41
CHANEL,香奈兒四色眼影,,眼影/眼影盤,持妝度,3.8,4,False,False,,2026-07-15 11:11:41
CHANEL,香奈兒四色眼影,,眼影/眼影盤,綜合評分,3.7,,,,排除 0 則業配/疑似業配、0 則商品不符,2026-07-15 11:11:41
MAKE UP FOREVER,藝術大師高調玩色眼影盤,,眼影/眼影盤,粉質細緻度,3.94,5,True,False,核心指標 ×1.3,2026-07-15 11:11:41
MAKE UP FOREVER,藝術大師高調玩色眼影盤,,眼影/眼影盤,顏色飽和度,,0,False,False,資料不足，評論中未提及此指標,2026-07-15 11:11:41
MAKE UP FOREVER,藝術大師高調玩色眼影盤,,眼影/眼影盤,顯色度,,0,True,False,資料不足，評論中未提及此指標,2026-07-15 11:11:41
MAKE UP FOREVER,藝術大師高調玩色眼影盤,,眼影/眼影盤,防飛粉,4.3,1,False,False,⚠️ 樣本僅 2 則，參考性有限,2026-07-15 11:11:41
MAKE UP FOREVER,藝術大師高調玩色眼影盤,,眼影/眼影盤,暈染力,3.8,2,False,False,⚠️ 樣本僅 2 則，參考性有限,2026-07-15 11:11:41
MAKE UP FOREVER,藝術大師高調玩色眼影盤,,眼影/眼影盤,配色實用性,3.81,14,True,False,核心指標 ×1.3,2026-07-15 11:11:41
MAKE UP FOREVER,藝術大師高調玩色眼影盤,,眼影/眼影盤,持妝度,3.8,1,False,False,⚠️ 樣本僅 2 則，參考性有限,2026-07-15 11:11:41
MAKE UP FOREVER,藝術大師高調玩色眼影盤,,眼影/眼影盤,綜合評分,3.9,,,,排除 7 則業配/疑似業配、0 則商品不符,2026-07-15 11:11:41
雅詩蘭黛,Pure Color Envy 絕對慾望訂製眼彩盤,,眼影/眼影盤,粉質細緻度,3.8,2,True,False,⚠️ 樣本僅 2 則，參考性有限,2026-07-15 11:11:41
雅詩蘭黛,Pure Color Envy 絕對慾望訂製眼彩盤,,眼影/眼影盤,顏色飽和度,,0,False,False,資料不足，評論中未提及此指標,2026-07-15 11:11:41
雅詩蘭黛,Pure Color Envy 絕對慾望訂製眼彩盤,,眼影/眼影盤,顯色度,3.8,1,True,False,⚠️ 樣本僅 2 則，參考性有限,2026-07-15 11:11:41
雅詩蘭黛,Pure Color Envy 絕對慾望訂製眼彩盤,,眼影/眼影盤,防飛粉,,0,False,False,資料不足，評論中未提及此指標,2026-07-15 11:11:41
雅詩蘭黛,Pure Color Envy 絕對慾望訂製眼彩盤,,眼影/眼影盤,暈染力,,0,False,False,資料不足，評論中未提及此指標,2026-07-15 11:11:41
雅詩蘭黛,Pure Color Envy 絕對慾望訂製眼彩盤,,眼影/眼影盤,配色實用性,3.8,1,True,False,⚠️ 樣本僅 2 則，參考性有限,2026-07-15 11:11:41
雅詩蘭黛,Pure Color Envy 絕對慾望訂製眼彩盤,,眼影/眼影盤,持妝度,3.8,1,False,False,⚠️ 樣本僅 2 則，參考性有限,2026-07-15 11:11:41
雅詩蘭黛,Pure Color Envy 絕對慾望訂製眼彩盤,,眼影/眼影盤,綜合評分,3.8,,,,排除 1 則業配/疑似業配、23 則商品不符,2026-07-15 11:11:41
蘭蔻,絕對耀眼眼彩盤,,眼影/眼影盤,粉質細緻度,3.8,6,True,False,核心指標 ×1.3,2026-07-15 11:11:41
蘭蔻,絕對耀眼眼彩盤,,眼影/眼影盤,顏色飽和度,3.8,2,False,False,⚠️ 樣本僅 2 則，參考性有限,2026-07-15 11:11:41
蘭蔻,絕對耀眼眼彩盤,,眼影/眼影盤,顯色度,,0,True,False,資料不足，評論中未提及此指標,2026-07-15 11:11:41
蘭蔻,絕對耀眼眼彩盤,,眼影/眼影盤,防飛粉,3.1,4,False,False,,2026-07-15 11:11:41
蘭蔻,絕對耀眼眼彩盤,,眼影/眼影盤,暈染力,3.8,3,False,False,,2026-07-15 11:11:41
蘭蔻,絕對耀眼眼彩盤,,眼影/眼影盤,配色實用性,3.84,15,True,False,核心指標 ×1.3,2026-07-15 11:11:41
蘭蔻,絕對耀眼眼彩盤,,眼影/眼影盤,持妝度,,0,False,False,資料不足，評論中未提及此指標,2026-07-15 11:11:41
蘭蔻,絕對耀眼眼彩盤,,眼影/眼影盤,綜合評分,3.7,,,,排除 0 則業配/疑似業配、7 則商品不符,2026-07-15 11:11:41
Bobbi Brown,極致鑽石眼影,,眼影/眼影盤,粉質細緻度,3.8,2,True,False,⚠️ 樣本僅 2 則，參考性有限,2026-07-15 11:11:41
Bobbi Brown,極致鑽石眼影,,眼影/眼影盤,顏色飽和度,3.8,1,False,False,⚠️ 樣本僅 2 則，參考性有限,2026-07-15 11:11:41
Bobbi Brown,極致鑽石眼影,,眼影/眼影盤,顯色度,3.5,1,True,False,⚠️ 樣本僅 2 則，參考性有限,2026-07-15 11:11:41
Bobbi Brown,極致鑽石眼影,,眼影/眼影盤,防飛粉,3.45,2,False,False,⚠️ 樣本僅 2 則且評論分歧，參考性有限,2026-07-15 11:11:41
Bobbi Brown,極致鑽石眼影,,眼影/眼影盤,暈染力,,0,False,False,資料不足，評論中未提及此指標,2026-07-15 11:11:41
Bobbi Brown,極致鑽石眼影,,眼影/眼影盤,配色實用性,3.92,9,True,False,核心指標 ×1.3,2026-07-15 11:11:41
Bobbi Brown,極致鑽石眼影,,眼影/眼影盤,持妝度,3.8,1,False,False,⚠️ 樣本僅 2 則，參考性有限,2026-07-15 11:11:41
Bobbi Brown,極致鑽石眼影,,眼影/眼影盤,綜合評分,3.7,,,,排除 4 則業配/疑似業配、13 則商品不符,2026-07-15 11:11:41
植村秀,無色限輕感慕絲唇釉,,唇釉,染唇狀況,,0,False,False,資料不足，評論中未提及此指標,2026-07-16 21:37:43
植村秀,無色限輕感慕絲唇釉,,唇釉,顯色度,3.8,5,True,False,核心指標 ×1.3,2026-07-16 21:37:43
植村秀,無色限輕感慕絲唇釉,,唇釉,持妝度,3.8,2,False,False,⚠️ 樣本僅 2 則，參考性有限,2026-07-16 21:37:43
植村秀,無色限輕感慕絲唇釉,,唇釉,沾杯程度,,0,False,False,資料不足，評論中未提及此指標,2026-07-16 21:37:43
植村秀,無色限輕感慕絲唇釉,,唇釉,修飾唇紋效果,3.8,2,True,False,⚠️ 樣本僅 2 則，參考性有限,2026-07-16 21:37:43
植村秀,無色限輕感慕絲唇釉,,唇釉,氧化變色率,,0,False,False,資料不足，評論中未提及此指標,2026-07-16 21:37:43
植村秀,無色限輕感慕絲唇釉,,唇釉,卸除難易度,,0,False,False,資料不足，評論中未提及此指標,2026-07-16 21:37:43
植村秀,無色限輕感慕絲唇釉,,唇釉,塗抹均勻度,,0,True,False,資料不足，評論中未提及此指標,2026-07-16 21:37:43
植村秀,無色限輕感慕絲唇釉,,唇釉,綜合評分,3.8,,,,排除 0 則業配/疑似業配、9 則商品不符,2026-07-16 21:37:43
M.A.C,輕親雲霧唇頰慕斯,,唇釉,染唇狀況,,0,False,False,資料不足，評論中未提及此指標,2026-07-16 21:37:43
M.A.C,輕親雲霧唇頰慕斯,,唇釉,顯色度,3.75,20,True,False,核心指標 ×1.3,2026-07-16 21:37:43
M.A.C,輕親雲霧唇頰慕斯,,唇釉,持妝度,,0,False,False,資料不足，評論中未提及此指標,2026-07-16 21:37:43
M.A.C,輕親雲霧唇頰慕斯,,唇釉,沾杯程度,2.96,2,False,False,⚠️ 樣本僅 2 則且評論分歧，參考性有限,2026-07-16 21:37:43
M.A.C,輕親雲霧唇頰慕斯,,唇釉,修飾唇紋效果,3.8,5,True,False,核心指標 ×1.3,2026-07-16 21:37:43
M.A.C,輕親雲霧唇頰慕斯,,唇釉,氧化變色率,,0,False,False,資料不足，評論中未提及此指標,2026-07-16 21:37:43
M.A.C,輕親雲霧唇頰慕斯,,唇釉,卸除難易度,,0,False,False,資料不足，評論中未提及此指標,2026-07-16 21:37:43
M.A.C,輕親雲霧唇頰慕斯,,唇釉,塗抹均勻度,3.8,7,True,False,核心指標 ×1.3,2026-07-16 21:37:43
M.A.C,輕親雲霧唇頰慕斯,,唇釉,綜合評分,3.6,,,,排除 5 則業配/疑似業配、0 則商品不符,2026-07-16 21:37:43
YSL,奢華印記鎖吻霧唇釉,,唇釉,染唇狀況,,0,False,False,資料不足，評論中未提及此指標,2026-07-16 21:37:43
YSL,奢華印記鎖吻霧唇釉,,唇釉,顯色度,3.73,25,True,False,核心指標 ×1.3,2026-07-16 21:37:43
YSL,奢華印記鎖吻霧唇釉,,唇釉,持妝度,3.8,3,False,False,,2026-07-16 21:37:43
YSL,奢華印記鎖吻霧唇釉,,唇釉,沾杯程度,,0,False,False,資料不足，評論中未提及此指標,2026-07-16 21:37:43
YSL,奢華印記鎖吻霧唇釉,,唇釉,修飾唇紋效果,3.8,10,True,False,核心指標 ×1.3,2026-07-16 21:37:43
YSL,奢華印記鎖吻霧唇釉,,唇釉,氧化變色率,3.47,3,False,False,,2026-07-16 21:37:43
YSL,奢華印記鎖吻霧唇釉,,唇釉,卸除難易度,,0,False,False,資料不足，評論中未提及此指標,2026-07-16 21:37:43
YSL,奢華印記鎖吻霧唇釉,,唇釉,塗抹均勻度,3.8,2,True,False,⚠️ 樣本僅 2 則，參考性有限,2026-07-16 21:37:43
YSL,奢華印記鎖吻霧唇釉,,唇釉,綜合評分,3.7,,,,排除 1 則業配/疑似業配、0 則商品不符,2026-07-16 21:37:43
DIOR,迪奧粉漾水光潤唇釉,,唇釉,染唇狀況,,0,False,False,資料不足，評論中未提及此指標,2026-07-16 21:37:43
DIOR,迪奧粉漾水光潤唇釉,,唇釉,顯色度,3.63,11,True,False,核心指標 ×1.3,2026-07-16 21:37:43
DIOR,迪奧粉漾水光潤唇釉,,唇釉,持妝度,3.8,2,False,False,⚠️ 樣本僅 2 則，參考性有限,2026-07-16 21:37:43
DIOR,迪奧粉漾水光潤唇釉,,唇釉,沾杯程度,3.38,2,False,False,⚠️ 樣本僅 2 則且評論分歧，參考性有限,2026-07-16 21:37:43
DIOR,迪奧粉漾水光潤唇釉,,唇釉,修飾唇紋效果,3.8,11,True,False,核心指標 ×1.3,2026-07-16 21:37:43
DIOR,迪奧粉漾水光潤唇釉,,唇釉,氧化變色率,3.1,1,False,False,⚠️ 樣本僅 2 則，參考性有限,2026-07-16 21:37:43
DIOR,迪奧粉漾水光潤唇釉,,唇釉,卸除難易度,,0,False,False,資料不足，評論中未提及此指標,2026-07-16 21:37:43
DIOR,迪奧粉漾水光潤唇釉,,唇釉,塗抹均勻度,3.8,5,True,False,核心指標 ×1.3,2026-07-16 21:37:43
DIOR,迪奧粉漾水光潤唇釉,,唇釉,綜合評分,3.6,,,,排除 3 則業配/疑似業配、1 則商品不符,2026-07-16 21:37:43
CHANEL,香奈兒超炫耀絲絨唇露系列,,唇釉,染唇狀況,3.5,1,False,False,⚠️ 樣本僅 2 則，參考性有限,2026-07-16 21:37:43
CHANEL,香奈兒超炫耀絲絨唇露系列,,唇釉,顯色度,3.72,20,True,False,核心指標 ×1.3,2026-07-16 21:37:43
CHANEL,香奈兒超炫耀絲絨唇露系列,,唇釉,持妝度,,0,False,False,資料不足，評論中未提及此指標,2026-07-16 21:37:43
CHANEL,香奈兒超炫耀絲絨唇露系列,,唇釉,沾杯程度,3.8,2,False,False,⚠️ 樣本僅 2 則，參考性有限,2026-07-16 21:37:43
CHANEL,香奈兒超炫耀絲絨唇露系列,,唇釉,修飾唇紋效果,3.1,1,True,False,⚠️ 樣本僅 2 則，參考性有限,2026-07-16 21:37:43
CHANEL,香奈兒超炫耀絲絨唇露系列,,唇釉,氧化變色率,,0,False,False,資料不足，評論中未提及此指標,2026-07-16 21:37:43
CHANEL,香奈兒超炫耀絲絨唇露系列,,唇釉,卸除難易度,3.1,1,False,False,⚠️ 樣本僅 2 則，參考性有限,2026-07-16 21:37:43
CHANEL,香奈兒超炫耀絲絨唇露系列,,唇釉,塗抹均勻度,3.35,5,True,False,核心指標 ×1.3,2026-07-16 21:37:43
CHANEL,香奈兒超炫耀絲絨唇露系列,,唇釉,綜合評分,3.4,,,,排除 3 則業配/疑似業配、3 則商品不符,2026-07-16 21:37:43
MAKE UP FOREVER,藝術大師特霧水唇釉,,唇釉,染唇狀況,,0,False,False,資料不足，評論中未提及此指標,2026-07-16 21:37:43
MAKE UP FOREVER,藝術大師特霧水唇釉,,唇釉,顯色度,3.8,9,True,False,核心指標 ×1.3,2026-07-16 21:37:43
MAKE UP FOREVER,藝術大師特霧水唇釉,,唇釉,持妝度,3.8,10,False,False,,2026-07-16 21:37:43
MAKE UP FOREVER,藝術大師特霧水唇釉,,唇釉,沾杯程度,4.11,5,False,False,,2026-07-16 21:37:43
MAKE UP FOREVER,藝術大師特霧水唇釉,,唇釉,修飾唇紋效果,3.8,5,True,False,核心指標 ×1.3,2026-07-16 21:37:43
MAKE UP FOREVER,藝術大師特霧水唇釉,,唇釉,氧化變色率,3.8,1,False,False,⚠️ 樣本僅 2 則，參考性有限,2026-07-16 21:37:43
MAKE UP FOREVER,藝術大師特霧水唇釉,,唇釉,卸除難易度,,0,False,False,資料不足，評論中未提及此指標,2026-07-16 21:37:43
MAKE UP FOREVER,藝術大師特霧水唇釉,,唇釉,塗抹均勻度,3.8,7,True,False,核心指標 ×1.3,2026-07-16 21:37:43
MAKE UP FOREVER,藝術大師特霧水唇釉,,唇釉,綜合評分,3.8,,,,排除 5 則業配/疑似業配、1 則商品不符,2026-07-16 21:37:43
蘭蔻,絕對完美琉光唇釉,,唇釉,染唇狀況,3.8,1,False,False,⚠️ 樣本僅 2 則，參考性有限,2026-07-16 21:37:43
蘭蔻,絕對完美琉光唇釉,,唇釉,顯色度,3.8,9,True,False,核心指標 ×1.3,2026-07-16 21:37:43
蘭蔻,絕對完美琉光唇釉,,唇釉,持妝度,3.75,9,False,False,,2026-07-16 21:37:43
蘭蔻,絕對完美琉光唇釉,,唇釉,沾杯程度,3.5,1,False,False,⚠️ 樣本僅 2 則，參考性有限,2026-07-16 21:37:43
蘭蔻,絕對完美琉光唇釉,,唇釉,修飾唇紋效果,3.8,11,True,False,核心指標 ×1.3,2026-07-16 21:37:43
蘭蔻,絕對完美琉光唇釉,,唇釉,氧化變色率,,0,False,False,資料不足，評論中未提及此指標,2026-07-16 21:37:43
蘭蔻,絕對完美琉光唇釉,,唇釉,卸除難易度,,0,False,False,資料不足，評論中未提及此指標,2026-07-16 21:37:43
蘭蔻,絕對完美琉光唇釉,,唇釉,塗抹均勻度,3.8,5,True,False,核心指標 ×1.3,2026-07-16 21:37:43
蘭蔻,絕對完美琉光唇釉,,唇釉,綜合評分,3.7,,,,排除 5 則業配/疑似業配、0 則商品不符,2026-07-16 21:37:43
植村秀,無色限水光嫩唇露,,唇蜜,質地黏膩度,3.7,4,False,False,,2026-07-17 09:55:33
植村秀,無色限水光嫩唇露,,唇蜜,保濕滋潤度,3.52,7,True,False,核心指標 ×1.3,2026-07-17 09:55:33
植村秀,無色限水光嫩唇露,,唇蜜,成膜性,3.49,6,False,False,,2026-07-17 09:55:33
植村秀,無色限水光嫩唇露,,唇蜜,豐唇效果,,0,True,False,資料不足，評論中未提及此指標,2026-07-17 09:55:33
植村秀,無色限水光嫩唇露,,唇蜜,修飾唇紋效果,3.8,2,True,False,⚠️ 樣本僅 2 則，參考性有限,2026-07-17 09:55:33
植村秀,無色限水光嫩唇露,,唇蜜,防沾染,3.8,3,False,False,,2026-07-17 09:55:33
植村秀,無色限水光嫩唇露,,唇蜜,沾杯程度,3.8,4,False,False,,2026-07-17 09:55:33
植村秀,無色限水光嫩唇露,,唇蜜,卸除難易度,,0,False,False,資料不足，評論中未提及此指標,2026-07-17 09:55:33
植村秀,無色限水光嫩唇露,,唇蜜,塗抹均勻度,3.1,2,False,False,⚠️ 樣本僅 2 則，參考性有限,2026-07-17 09:55:33
植村秀,無色限水光嫩唇露,,唇蜜,綜合評分,3.6,,,,排除 3 則業配/疑似業配、7 則商品不符,2026-07-17 09:55:33
M.A.C,超透亮冰晶潤唇露,,唇蜜,質地黏膩度,3.68,9,False,False,,2026-07-17 09:55:33
M.A.C,超透亮冰晶潤唇露,,唇蜜,保濕滋潤度,3.8,10,True,False,核心指標 ×1.3,2026-07-17 09:55:33
M.A.C,超透亮冰晶潤唇露,,唇蜜,成膜性,3.1,2,False,False,⚠️ 樣本僅 2 則，參考性有限,2026-07-17 09:55:33
M.A.C,超透亮冰晶潤唇露,,唇蜜,豐唇效果,3.8,4,True,False,核心指標 ×1.3,2026-07-17 09:55:33
M.A.C,超透亮冰晶潤唇露,,唇蜜,修飾唇紋效果,3.45,3,True,False,核心指標 ×1.3,2026-07-17 09:55:33
M.A.C,超透亮冰晶潤唇露,,唇蜜,防沾染,3.8,1,False,False,⚠️ 樣本僅 2 則，參考性有限,2026-07-17 09:55:33
M.A.C,超透亮冰晶潤唇露,,唇蜜,沾杯程度,,0,False,False,資料不足，評論中未提及此指標,2026-07-17 09:55:33
M.A.C,超透亮冰晶潤唇露,,唇蜜,卸除難易度,,0,False,False,資料不足，評論中未提及此指標,2026-07-17 09:55:33
M.A.C,超透亮冰晶潤唇露,,唇蜜,塗抹均勻度,3.8,2,False,False,⚠️ 樣本僅 2 則，參考性有限,2026-07-17 09:55:33
M.A.C,超透亮冰晶潤唇露,,唇蜜,綜合評分,3.6,,,,排除 9 則業配/疑似業配、1 則商品不符,2026-07-17 09:55:33
YSL,情挑誘光嫩唇凍,,唇蜜,質地黏膩度,3.48,9,False,False,,2026-07-17 09:55:33
YSL,情挑誘光嫩唇凍,,唇蜜,保濕滋潤度,3.8,3,True,False,核心指標 ×1.3,2026-07-17 09:55:33
YSL,情挑誘光嫩唇凍,,唇蜜,成膜性,,0,False,False,資料不足，評論中未提及此指標,2026-07-17 09:55:33
YSL,情挑誘光嫩唇凍,,唇蜜,豐唇效果,3.8,7,True,False,核心指標 ×1.3,2026-07-17 09:55:33
YSL,情挑誘光嫩唇凍,,唇蜜,修飾唇紋效果,3.8,1,True,False,⚠️ 樣本僅 2 則，參考性有限,2026-07-17 09:55:33
YSL,情挑誘光嫩唇凍,,唇蜜,防沾染,3.45,2,False,False,⚠️ 樣本僅 2 則且評論分歧，參考性有限,2026-07-17 09:55:33
YSL,情挑誘光嫩唇凍,,唇蜜,沾杯程度,3.1,1,False,False,⚠️ 樣本僅 2 則，參考性有限,2026-07-17 09:55:33
YSL,情挑誘光嫩唇凍,,唇蜜,卸除難易度,,0,False,False,資料不足，評論中未提及此指標,2026-07-17 09:55:33
YSL,情挑誘光嫩唇凍,,唇蜜,塗抹均勻度,3.24,3,False,False,,2026-07-17 09:55:33
YSL,情挑誘光嫩唇凍,,唇蜜,綜合評分,3.6,,,,排除 2 則業配/疑似業配、1 則商品不符,2026-07-17 09:55:33
DIOR,DIOR豐漾俏唇蜜,,唇蜜,質地黏膩度,3.62,7,False,False,,2026-07-17 09:55:33
DIOR,DIOR豐漾俏唇蜜,,唇蜜,保濕滋潤度,3.8,8,True,False,核心指標 ×1.3,2026-07-17 09:55:33
DIOR,DIOR豐漾俏唇蜜,,唇蜜,成膜性,3.8,2,False,False,⚠️ 樣本僅 2 則，參考性有限,2026-07-17 09:55:33
DIOR,DIOR豐漾俏唇蜜,,唇蜜,豐唇效果,3.8,2,True,False,⚠️ 樣本僅 2 則，參考性有限,2026-07-17 09:55:33
DIOR,DIOR豐漾俏唇蜜,,唇蜜,修飾唇紋效果,3.8,1,True,False,⚠️ 樣本僅 2 則，參考性有限,2026-07-17 09:55:33
DIOR,DIOR豐漾俏唇蜜,,唇蜜,防沾染,3.42,6,False,False,,2026-07-17 09:55:33
DIOR,DIOR豐漾俏唇蜜,,唇蜜,沾杯程度,3.1,1,False,False,⚠️ 樣本僅 2 則，參考性有限,2026-07-17 09:55:33
DIOR,DIOR豐漾俏唇蜜,,唇蜜,卸除難易度,,0,False,False,資料不足，評論中未提及此指標,2026-07-17 09:55:33
DIOR,DIOR豐漾俏唇蜜,,唇蜜,塗抹均勻度,,0,False,False,資料不足，評論中未提及此指標,2026-07-17 09:55:33
DIOR,DIOR豐漾俏唇蜜,,唇蜜,綜合評分,3.6,,,,排除 4 則業配/疑似業配、0 則商品不符,2026-07-17 09:55:33
CHANEL,香奈兒超炫耀持色唇萃,,唇蜜,質地黏膩度,3.71,9,False,False,,2026-07-17 09:55:33
CHANEL,香奈兒超炫耀持色唇萃,,唇蜜,保濕滋潤度,3.8,3,True,False,核心指標 ×1.3,2026-07-17 09:55:33
CHANEL,香奈兒超炫耀持色唇萃,,唇蜜,成膜性,,0,False,False,資料不足，評論中未提及此指標,2026-07-17 09:55:33
CHANEL,香奈兒超炫耀持色唇萃,,唇蜜,豐唇效果,3.8,1,True,False,⚠️ 樣本僅 2 則，參考性有限,2026-07-17 09:55:33
CHANEL,香奈兒超炫耀持色唇萃,,唇蜜,修飾唇紋效果,3.8,2,True,False,⚠️ 樣本僅 2 則，參考性有限,2026-07-17 09:55:33
CHANEL,香奈兒超炫耀持色唇萃,,唇蜜,防沾染,3.24,3,False,False,,2026-07-17 09:55:33
CHANEL,香奈兒超炫耀持色唇萃,,唇蜜,沾杯程度,3.1,1,False,False,⚠️ 樣本僅 2 則，參考性有限,2026-07-17 09:55:33
CHANEL,香奈兒超炫耀持色唇萃,,唇蜜,卸除難易度,,0,False,False,資料不足，評論中未提及此指標,2026-07-17 09:55:33
CHANEL,香奈兒超炫耀持色唇萃,,唇蜜,塗抹均勻度,3.45,2,False,False,⚠️ 樣本僅 2 則且評論分歧，參考性有限,2026-07-17 09:55:33
CHANEL,香奈兒超炫耀持色唇萃,,唇蜜,綜合評分,3.6,,,,排除 0 則業配/疑似業配、0 則商品不符,2026-07-17 09:55:33
MAKE UP FOREVER,超能量冰沙翹唇萃,,唇蜜,質地黏膩度,3.31,4,False,False,,2026-07-17 09:55:33
MAKE UP FOREVER,超能量冰沙翹唇萃,,唇蜜,保濕滋潤度,,0,True,False,資料不足，評論中未提及此指標,2026-07-17 09:55:33
MAKE UP FOREVER,超能量冰沙翹唇萃,,唇蜜,成膜性,3.1,1,False,False,⚠️ 樣本僅 2 則，參考性有限,2026-07-17 09:55:33
MAKE UP FOREVER,超能量冰沙翹唇萃,,唇蜜,豐唇效果,3.57,3,True,False,核心指標 ×1.3,2026-07-17 09:55:33
MAKE UP FOREVER,超能量冰沙翹唇萃,,唇蜜,修飾唇紋效果,3.8,2,True,False,⚠️ 樣本僅 2 則，參考性有限,2026-07-17 09:55:33
MAKE UP FOREVER,超能量冰沙翹唇萃,,唇蜜,防沾染,3.57,3,False,False,,2026-07-17 09:55:33
MAKE UP FOREVER,超能量冰沙翹唇萃,,唇蜜,沾杯程度,,0,False,False,資料不足，評論中未提及此指標,2026-07-17 09:55:33
MAKE UP FOREVER,超能量冰沙翹唇萃,,唇蜜,卸除難易度,,0,False,False,資料不足，評論中未提及此指標,2026-07-17 09:55:33
MAKE UP FOREVER,超能量冰沙翹唇萃,,唇蜜,塗抹均勻度,3.8,1,False,False,⚠️ 樣本僅 2 則，參考性有限,2026-07-17 09:55:33
MAKE UP FOREVER,超能量冰沙翹唇萃,,唇蜜,綜合評分,3.5,,,,排除 1 則業配/疑似業配、11 則商品不符,2026-07-17 09:55:33
雅詩蘭黛,Pure Color 絕美奢潤精華唇萃,,唇蜜,質地黏膩度,,0,False,False,資料不足，評論中未提及此指標,2026-07-17 09:55:33
雅詩蘭黛,Pure Color 絕美奢潤精華唇萃,,唇蜜,保濕滋潤度,,0,True,False,資料不足，評論中未提及此指標,2026-07-17 09:55:33
雅詩蘭黛,Pure Color 絕美奢潤精華唇萃,,唇蜜,成膜性,,0,False,False,資料不足，評論中未提及此指標,2026-07-17 09:55:33
雅詩蘭黛,Pure Color 絕美奢潤精華唇萃,,唇蜜,豐唇效果,,0,True,False,資料不足，評論中未提及此指標,2026-07-17 09:55:33
雅詩蘭黛,Pure Color 絕美奢潤精華唇萃,,唇蜜,修飾唇紋效果,,0,True,False,資料不足，評論中未提及此指標,2026-07-17 09:55:33
雅詩蘭黛,Pure Color 絕美奢潤精華唇萃,,唇蜜,防沾染,,0,False,False,資料不足，評論中未提及此指標,2026-07-17 09:55:33
雅詩蘭黛,Pure Color 絕美奢潤精華唇萃,,唇蜜,沾杯程度,3.1,1,False,False,⚠️ 樣本僅 2 則，參考性有限 ⚠️ 有效評論樣本較少，結果僅供參考,2026-07-17 09:55:33
雅詩蘭黛,Pure Color 絕美奢潤精華唇萃,,唇蜜,卸除難易度,,0,False,False,資料不足，評論中未提及此指標,2026-07-17 09:55:33
雅詩蘭黛,Pure Color 絕美奢潤精華唇萃,,唇蜜,塗抹均勻度,,0,False,False,資料不足，評論中未提及此指標,2026-07-17 09:55:33
雅詩蘭黛,Pure Color 絕美奢潤精華唇萃,,唇蜜,綜合評分,3.1,,,,排除 1 則業配/疑似業配、21 則商品不符,2026-07-17 09:55:33
蘭蔻,唯我精華果凍唇蜜,,唇蜜,質地黏膩度,3.6,2,False,False,⚠️ 樣本僅 2 則且評論分歧，參考性有限,2026-07-17 09:55:33
蘭蔻,唯我精華果凍唇蜜,,唇蜜,保濕滋潤度,3.8,4,True,False,核心指標 ×1.3,2026-07-17 09:55:33
蘭蔻,唯我精華果凍唇蜜,,唇蜜,成膜性,,0,False,False,資料不足，評論中未提及此指標,2026-07-17 09:55:33
蘭蔻,唯我精華果凍唇蜜,,唇蜜,豐唇效果,3.8,2,True,False,⚠️ 樣本僅 2 則，參考性有限,2026-07-17 09:55:33
蘭蔻,唯我精華果凍唇蜜,,唇蜜,修飾唇紋效果,3.8,1,True,False,⚠️ 樣本僅 2 則，參考性有限,2026-07-17 09:55:33
蘭蔻,唯我精華果凍唇蜜,,唇蜜,防沾染,,0,False,False,資料不足，評論中未提及此指標,2026-07-17 09:55:33
蘭蔻,唯我精華果凍唇蜜,,唇蜜,沾杯程度,,0,False,False,資料不足，評論中未提及此指標,2026-07-17 09:55:33
蘭蔻,唯我精華果凍唇蜜,,唇蜜,卸除難易度,,0,False,False,資料不足，評論中未提及此指標,2026-07-17 09:55:33
蘭蔻,唯我精華果凍唇蜜,,唇蜜,塗抹均勻度,3.8,1,False,False,⚠️ 樣本僅 2 則，參考性有限,2026-07-17 09:55:33
蘭蔻,唯我精華果凍唇蜜,,唇蜜,綜合評分,3.8,,,,排除 1 則業配/疑似業配、18 則商品不符,2026-07-17 09:55:33
Bobbi Brown,柔霧雲朵唇霜,,唇蜜,質地黏膩度,3.8,6,False,False,,2026-07-17 09:55:33
Bobbi Brown,柔霧雲朵唇霜,,唇蜜,保濕滋潤度,3.62,5,True,False,核心指標 ×1.3,2026-07-17 09:55:33
Bobbi Brown,柔霧雲朵唇霜,,唇蜜,成膜性,,0,False,False,資料不足，評論中未提及此指標,2026-07-17 09:55:33
Bobbi Brown,柔霧雲朵唇霜,,唇蜜,豐唇效果,,0,True,False,資料不足，評論中未提及此指標,2026-07-17 09:55:33
Bobbi Brown,柔霧雲朵唇霜,,唇蜜,修飾唇紋效果,3.8,2,True,False,⚠️ 樣本僅 2 則，參考性有限,2026-07-17 09:55:33
Bobbi Brown,柔霧雲朵唇霜,,唇蜜,防沾染,3.24,3,False,False,,2026-07-17 09:55:33
Bobbi Brown,柔霧雲朵唇霜,,唇蜜,沾杯程度,3.8,2,False,False,⚠️ 樣本僅 2 則，參考性有限,2026-07-17 09:55:33
Bobbi Brown,柔霧雲朵唇霜,,唇蜜,卸除難易度,,0,False,False,資料不足，評論中未提及此指標,2026-07-17 09:55:33
Bobbi Brown,柔霧雲朵唇霜,,唇蜜,塗抹均勻度,3.8,3,False,False,,2026-07-17 09:55:33
Bobbi Brown,柔霧雲朵唇霜,,唇蜜,綜合評分,3.7,,,,排除 0 則業配/疑似業配、2 則商品不符,2026-07-17 09:55:33
植村秀,無色限玻光潤色嘟唇精華,,護唇膏,滋潤度,3.8,4,True,False,核心指標 ×1.3,2026-07-17 10:02:36
植村秀,無色限玻光潤色嘟唇精華,,護唇膏,保濕度,,0,False,False,資料不足，評論中未提及此指標,2026-07-17 10:02:36
植村秀,無色限玻光潤色嘟唇精華,,護唇膏,潤色效果,3.8,4,True,False,核心指標 ×1.3,2026-07-17 10:02:36
植村秀,無色限玻光潤色嘟唇精華,,護唇膏,撫平唇紋,3.8,2,True,False,⚠️ 樣本僅 2 則，參考性有限,2026-07-17 10:02:36
植村秀,無色限玻光潤色嘟唇精華,,護唇膏,持久度,3.8,1,False,False,⚠️ 樣本僅 2 則，參考性有限,2026-07-17 10:02:36
植村秀,無色限玻光潤色嘟唇精華,,護唇膏,修復改善,3.8,1,False,False,⚠️ 樣本僅 2 則，參考性有限,2026-07-17 10:02:36
植村秀,無色限玻光潤色嘟唇精華,,護唇膏,成分安全性,,0,False,False,資料不足，評論中未提及此指標,2026-07-17 10:02:36
植村秀,無色限玻光潤色嘟唇精華,,護唇膏,綜合評分,3.8,,,,排除 2 則業配/疑似業配、19 則商品不符,2026-07-17 10:02:36
M.A.C,妝前唇霜,,護唇膏,滋潤度,3.7,3,True,False,核心指標 ×1.3,2026-07-17 10:02:36
M.A.C,妝前唇霜,,護唇膏,保濕度,3.8,2,False,False,⚠️ 樣本僅 2 則，參考性有限,2026-07-17 10:02:36
M.A.C,妝前唇霜,,護唇膏,潤色效果,,0,True,False,資料不足，評論中未提及此指標,2026-07-17 10:02:36
M.A.C,妝前唇霜,,護唇膏,撫平唇紋,3.8,7,True,False,核心指標 ×1.3,2026-07-17 10:02:36
M.A.C,妝前唇霜,,護唇膏,持久度,3.8,2,False,False,⚠️ 樣本僅 2 則，參考性有限,2026-07-17 10:02:36
M.A.C,妝前唇霜,,護唇膏,修復改善,3.8,2,False,False,⚠️ 樣本僅 2 則，參考性有限,2026-07-17 10:02:36
M.A.C,妝前唇霜,,護唇膏,成分安全性,3.8,1,False,False,⚠️ 樣本僅 2 則，參考性有限,2026-07-17 10:02:36
M.A.C,妝前唇霜,,護唇膏,綜合評分,3.8,,,,排除 0 則業配/疑似業配、17 則商品不符,2026-07-17 10:02:36
YSL,情挑誘光潤唇膏,,護唇膏,滋潤度,3.64,10,True,False,核心指標 ×1.3,2026-07-17 10:02:36
YSL,情挑誘光潤唇膏,,護唇膏,保濕度,,0,False,False,資料不足，評論中未提及此指標,2026-07-17 10:02:36
YSL,情挑誘光潤唇膏,,護唇膏,潤色效果,3.52,3,True,False,核心指標 ×1.3,2026-07-17 10:02:36
YSL,情挑誘光潤唇膏,,護唇膏,撫平唇紋,3.8,1,True,False,⚠️ 樣本僅 2 則，參考性有限,2026-07-17 10:02:36
YSL,情挑誘光潤唇膏,,護唇膏,持久度,3.1,3,False,False,,2026-07-17 10:02:36
YSL,情挑誘光潤唇膏,,護唇膏,修復改善,3.8,2,False,False,⚠️ 樣本僅 2 則，參考性有限,2026-07-17 10:02:36
YSL,情挑誘光潤唇膏,,護唇膏,成分安全性,3.8,1,False,False,⚠️ 樣本僅 2 則，參考性有限,2026-07-17 10:02:36
YSL,情挑誘光潤唇膏,,護唇膏,綜合評分,3.6,,,,排除 3 則業配/疑似業配、8 則商品不符,2026-07-17 10:02:36
DIOR,迪奧癮誘粉漾潤唇膏,,護唇膏,滋潤度,3.64,12,True,False,核心指標 ×1.3,2026-07-17 10:02:36
DIOR,迪奧癮誘粉漾潤唇膏,,護唇膏,保濕度,,0,False,False,資料不足，評論中未提及此指標,2026-07-17 10:02:36
DIOR,迪奧癮誘粉漾潤唇膏,,護唇膏,潤色效果,3.77,13,True,False,核心指標 ×1.3,2026-07-17 10:02:36
DIOR,迪奧癮誘粉漾潤唇膏,,護唇膏,撫平唇紋,3.8,3,True,False,核心指標 ×1.3,2026-07-17 10:02:36
DIOR,迪奧癮誘粉漾潤唇膏,,護唇膏,持久度,3.8,1,False,False,⚠️ 樣本僅 2 則，參考性有限,2026-07-17 10:02:36
DIOR,迪奧癮誘粉漾潤唇膏,,護唇膏,修復改善,3.8,3,False,False,,2026-07-17 10:02:36
DIOR,迪奧癮誘粉漾潤唇膏,,護唇膏,成分安全性,3.45,2,False,False,⚠️ 樣本僅 2 則且評論分歧，參考性有限,2026-07-17 10:02:36
DIOR,迪奧癮誘粉漾潤唇膏,,護唇膏,綜合評分,3.7,,,,排除 7 則業配/疑似業配、1 則商品不符,2026-07-17 10:02:36
CHANEL,香奈兒COCO超水感修護唇膏,,護唇膏,滋潤度,3.58,12,True,False,核心指標 ×1.3,2026-07-17 10:02:36
CHANEL,香奈兒COCO超水感修護唇膏,,護唇膏,保濕度,,0,False,False,資料不足，評論中未提及此指標,2026-07-17 10:02:36
CHANEL,香奈兒COCO超水感修護唇膏,,護唇膏,潤色效果,,0,True,False,資料不足，評論中未提及此指標,2026-07-17 10:02:36
CHANEL,香奈兒COCO超水感修護唇膏,,護唇膏,撫平唇紋,3.1,1,True,False,⚠️ 樣本僅 2 則，參考性有限,2026-07-17 10:02:36
CHANEL,香奈兒COCO超水感修護唇膏,,護唇膏,持久度,3.1,2,False,False,⚠️ 樣本僅 2 則，參考性有限,2026-07-17 10:02:36
CHANEL,香奈兒COCO超水感修護唇膏,,護唇膏,修復改善,,0,False,False,資料不足，評論中未提及此指標,2026-07-17 10:02:36
CHANEL,香奈兒COCO超水感修護唇膏,,護唇膏,成分安全性,,0,False,False,資料不足，評論中未提及此指標,2026-07-17 10:02:36
CHANEL,香奈兒COCO超水感修護唇膏,,護唇膏,綜合評分,3.3,,,,排除 0 則業配/疑似業配、9 則商品不符,2026-07-17 10:02:36
MAKE UP FOREVER,藝術大師玩色水感護唇膏,,護唇膏,滋潤度,3.7,3,True,False,核心指標 ×1.3,2026-07-17 10:02:36
MAKE UP FOREVER,藝術大師玩色水感護唇膏,,護唇膏,保濕度,,0,False,False,資料不足，評論中未提及此指標,2026-07-17 10:02:36
MAKE UP FOREVER,藝術大師玩色水感護唇膏,,護唇膏,潤色效果,3.8,2,True,False,⚠️ 樣本僅 2 則，參考性有限,2026-07-17 10:02:36
MAKE UP FOREVER,藝術大師玩色水感護唇膏,,護唇膏,撫平唇紋,,0,True,False,資料不足，評論中未提及此指標,2026-07-17 10:02:36
MAKE UP FOREVER,藝術大師玩色水感護唇膏,,護唇膏,持久度,,0,False,False,資料不足，評論中未提及此指標,2026-07-17 10:02:36
MAKE UP FOREVER,藝術大師玩色水感護唇膏,,護唇膏,修復改善,,0,False,False,資料不足，評論中未提及此指標,2026-07-17 10:02:36
MAKE UP FOREVER,藝術大師玩色水感護唇膏,,護唇膏,成分安全性,3.1,1,False,False,⚠️ 樣本僅 2 則，參考性有限,2026-07-17 10:02:36
MAKE UP FOREVER,藝術大師玩色水感護唇膏,,護唇膏,綜合評分,3.6,,,,排除 0 則業配/疑似業配、20 則商品不符,2026-07-17 10:02:36
雅詩蘭黛,Pure Color 水啵啵琉璃潤唇膏,,護唇膏,滋潤度,3.6,11,True,False,核心指標 ×1.3,2026-07-17 10:02:36
雅詩蘭黛,Pure Color 水啵啵琉璃潤唇膏,,護唇膏,保濕度,3.8,3,False,False,,2026-07-17 10:02:36
雅詩蘭黛,Pure Color 水啵啵琉璃潤唇膏,,護唇膏,潤色效果,3.42,6,True,False,核心指標 ×1.3,2026-07-17 10:02:36
雅詩蘭黛,Pure Color 水啵啵琉璃潤唇膏,,護唇膏,撫平唇紋,3.8,2,True,False,⚠️ 樣本僅 2 則，參考性有限,2026-07-17 10:02:36
雅詩蘭黛,Pure Color 水啵啵琉璃潤唇膏,,護唇膏,持久度,3.1,2,False,False,⚠️ 樣本僅 2 則，參考性有限,2026-07-17 10:02:36
雅詩蘭黛,Pure Color 水啵啵琉璃潤唇膏,,護唇膏,修復改善,3.8,1,False,False,⚠️ 樣本僅 2 則，參考性有限,2026-07-17 10:02:36
雅詩蘭黛,Pure Color 水啵啵琉璃潤唇膏,,護唇膏,成分安全性,3.1,1,False,False,⚠️ 樣本僅 2 則，參考性有限,2026-07-17 10:02:36
雅詩蘭黛,Pure Color 水啵啵琉璃潤唇膏,,護唇膏,綜合評分,3.5,,,,排除 0 則業配/疑似業配、11 則商品不符,2026-07-17 10:02:36
蘭蔻,絕對完美玫瑰潤色護唇膏,,護唇膏,滋潤度,3.5,13,True,False,核心指標 ×1.3,2026-07-17 10:02:36
蘭蔻,絕對完美玫瑰潤色護唇膏,,護唇膏,保濕度,,0,False,False,資料不足，評論中未提及此指標,2026-07-17 10:02:36
蘭蔻,絕對完美玫瑰潤色護唇膏,,護唇膏,潤色效果,3.45,7,True,False,核心指標 ×1.3,2026-07-17 10:02:36
蘭蔻,絕對完美玫瑰潤色護唇膏,,護唇膏,撫平唇紋,,0,True,False,資料不足，評論中未提及此指標,2026-07-17 10:02:36
蘭蔻,絕對完美玫瑰潤色護唇膏,,護唇膏,持久度,3.8,1,False,False,⚠️ 樣本僅 2 則，參考性有限,2026-07-17 10:02:36
蘭蔻,絕對完美玫瑰潤色護唇膏,,護唇膏,修復改善,3.8,2,False,False,⚠️ 樣本僅 2 則，參考性有限,2026-07-17 10:02:36
蘭蔻,絕對完美玫瑰潤色護唇膏,,護唇膏,成分安全性,,0,False,False,資料不足，評論中未提及此指標,2026-07-17 10:02:36
蘭蔻,絕對完美玫瑰潤色護唇膏,,護唇膏,綜合評分,3.6,,,,排除 0 則業配/疑似業配、11 則商品不符,2026-07-17 10:02:36
Bobbi Brown,晶鑽桂馥修護潤唇精華,,護唇膏,滋潤度,3.6,4,True,False,核心指標 ×1.3,2026-07-17 10:02:36
Bobbi Brown,晶鑽桂馥修護潤唇精華,,護唇膏,保濕度,,0,False,False,資料不足，評論中未提及此指標,2026-07-17 10:02:36
Bobbi Brown,晶鑽桂馥修護潤唇精華,,護唇膏,潤色效果,3.8,1,True,False,⚠️ 樣本僅 2 則，參考性有限,2026-07-17 10:02:36
Bobbi Brown,晶鑽桂馥修護潤唇精華,,護唇膏,撫平唇紋,3.33,2,True,False,⚠️ 樣本僅 2 則且評論分歧，參考性有限,2026-07-17 10:02:36
Bobbi Brown,晶鑽桂馥修護潤唇精華,,護唇膏,持久度,,0,False,False,資料不足，評論中未提及此指標,2026-07-17 10:02:36
Bobbi Brown,晶鑽桂馥修護潤唇精華,,護唇膏,修復改善,3.52,3,False,False,,2026-07-17 10:02:36
Bobbi Brown,晶鑽桂馥修護潤唇精華,,護唇膏,成分安全性,,0,False,False,資料不足，評論中未提及此指標,2026-07-17 10:02:36
Bobbi Brown,晶鑽桂馥修護潤唇精華,,護唇膏,綜合評分,3.6,,,,排除 0 則業配/疑似業配、20 則商品不符,2026-07-17 10:02:36
植村秀,黑米精萃潔顏乳,,洗面乳,清潔力,4.55,9,True,False,核心指標 ×1.3,2026-07-21 18:24:58
植村秀,黑米精萃潔顏乳,,洗面乳,成分溫和度,4.3,2,False,False,⚠️ 樣本僅 2 則，參考性有限,2026-07-21 18:24:58
植村秀,黑米精萃潔顏乳,,洗面乳,起泡力,4.15,5,True,False,核心指標 ×1.3,2026-07-21 18:24:58
植村秀,黑米精萃潔顏乳,,洗面乳,膚質適配性,3.8,2,False,False,⚠️ 樣本僅 2 則，參考性有限,2026-07-21 18:24:58
植村秀,黑米精萃潔顏乳,,洗面乳,保濕度,4.3,3,True,False,核心指標 ×1.3,2026-07-21 18:24:58
植村秀,黑米精萃潔顏乳,,洗面乳,綜合評分,4.2,,,,排除 1 則業配/疑似業配、13 則商品不符,2026-07-21 18:24:58
資生堂,極上御藏潔膚皂N,,洗面乳,清潔力,4.03,7,True,False,核心指標 ×1.3,2026-07-21 18:24:58
資生堂,極上御藏潔膚皂N,,洗面乳,成分溫和度,3.7,9,False,False,,2026-07-21 18:24:58
資生堂,極上御藏潔膚皂N,,洗面乳,起泡力,4.07,12,True,False,核心指標 ×1.3,2026-07-21 18:24:58
資生堂,極上御藏潔膚皂N,,洗面乳,膚質適配性,3.1,2,False,False,⚠️ 樣本僅 2 則且評論分歧，參考性有限,2026-07-21 18:24:58
資生堂,極上御藏潔膚皂N,,洗面乳,保濕度,3.76,21,True,False,核心指標 ×1.3,2026-07-21 18:24:58
資生堂,極上御藏潔膚皂N,,洗面乳,綜合評分,3.8,,,,排除 3 則業配/疑似業配、0 則商品不符,2026-07-21 18:24:58
M.A.C,超奇肌高保濕花瓣潔顏乳,,洗面乳,清潔力,3.92,4,True,False,核心指標 ×1.3,2026-07-21 18:24:58
M.A.C,超奇肌高保濕花瓣潔顏乳,,洗面乳,成分溫和度,3.8,2,False,False,⚠️ 樣本僅 2 則，參考性有限,2026-07-21 18:24:58
M.A.C,超奇肌高保濕花瓣潔顏乳,,洗面乳,起泡力,3.8,1,True,False,⚠️ 樣本僅 2 則，參考性有限,2026-07-21 18:24:58
M.A.C,超奇肌高保濕花瓣潔顏乳,,洗面乳,膚質適配性,,0,False,False,資料不足，評論中未提及此指標,2026-07-21 18:24:58
M.A.C,超奇肌高保濕花瓣潔顏乳,,洗面乳,保濕度,3.74,5,True,False,核心指標 ×1.3,2026-07-21 18:24:58
M.A.C,超奇肌高保濕花瓣潔顏乳,,洗面乳,綜合評分,3.8,,,,排除 3 則業配/疑似業配、21 則商品不符,2026-07-21 18:24:58
YSL,極效活萃淨透潔顏慕斯,,洗面乳,清潔力,3.9,10,True,False,核心指標 ×1.3,2026-07-21 18:24:58
YSL,極效活萃淨透潔顏慕斯,,洗面乳,成分溫和度,3.8,3,False,False,,2026-07-21 18:24:58
YSL,極效活萃淨透潔顏慕斯,,洗面乳,起泡力,3.94,11,True,False,核心指標 ×1.3,2026-07-21 18:24:58
YSL,極效活萃淨透潔顏慕斯,,洗面乳,膚質適配性,2.24,2,False,False,⚠️ 樣本僅 2 則且評論分歧，參考性有限,2026-07-21 18:24:58
YSL,極效活萃淨透潔顏慕斯,,洗面乳,保濕度,3.51,10,True,False,核心指標 ×1.3,2026-07-21 18:24:58
YSL,極效活萃淨透潔顏慕斯,,洗面乳,綜合評分,3.5,,,,排除 6 則業配/疑似業配、0 則商品不符,2026-07-21 18:24:58
DIOR,迪奧極淨舒緩潔顏慕斯,新版,洗面乳,清潔力,,0,True,False,資料不足，評論中未提及此指標,2026-07-21 18:24:58
DIOR,迪奧極淨舒緩潔顏慕斯,新版,洗面乳,成分溫和度,3.1,1,False,False,⚠️ 樣本僅 2 則，參考性有限,2026-07-21 18:24:58
DIOR,迪奧極淨舒緩潔顏慕斯,新版,洗面乳,起泡力,4.13,5,True,False,核心指標 ×1.3,2026-07-21 18:24:58
DIOR,迪奧極淨舒緩潔顏慕斯,新版,洗面乳,膚質適配性,,0,False,False,資料不足，評論中未提及此指標,2026-07-21 18:24:58
DIOR,迪奧極淨舒緩潔顏慕斯,新版,洗面乳,保濕度,3.27,4,True,False,核心指標 ×1.3,2026-07-21 18:24:58
DIOR,迪奧極淨舒緩潔顏慕斯,新版,洗面乳,綜合評分,3.5,,,,排除 0 則業配/疑似業配、0 則商品不符,2026-07-21 18:24:58
DIOR,迪奧極淨舒緩潔顏慕斯,,洗面乳,清潔力,3.88,14,True,False,核心指標 ×1.3,2026-07-21 18:24:58
DIOR,迪奧極淨舒緩潔顏慕斯,,洗面乳,成分溫和度,3.38,7,False,False,,2026-07-21 18:24:58
DIOR,迪奧極淨舒緩潔顏慕斯,,洗面乳,起泡力,4.03,13,True,False,核心指標 ×1.3,2026-07-21 18:24:58
DIOR,迪奧極淨舒緩潔顏慕斯,,洗面乳,膚質適配性,2.49,5,False,False,,2026-07-21 18:24:58
DIOR,迪奧極淨舒緩潔顏慕斯,,洗面乳,保濕度,4.16,16,True,False,核心指標 ×1.3,2026-07-21 18:24:58
DIOR,迪奧極淨舒緩潔顏慕斯,,洗面乳,綜合評分,3.7,,,,排除 1 則業配/疑似業配、0 則商品不符,2026-07-21 18:24:58
CHANEL,香奈兒深海精萃山茶花潔顏慕斯,,洗面乳,清潔力,3.99,13,True,False,核心指標 ×1.3,2026-07-21 18:24:58
CHANEL,香奈兒深海精萃山茶花潔顏慕斯,,洗面乳,成分溫和度,3.38,4,False,False,,2026-07-21 18:24:58
CHANEL,香奈兒深海精萃山茶花潔顏慕斯,,洗面乳,起泡力,4.26,13,True,False,核心指標 ×1.3,2026-07-21 18:24:58
CHANEL,香奈兒深海精萃山茶花潔顏慕斯,,洗面乳,膚質適配性,3.45,2,False,False,⚠️ 樣本僅 2 則且評論分歧，參考性有限,2026-07-21 18:24:58
CHANEL,香奈兒深海精萃山茶花潔顏慕斯,,洗面乳,保濕度,3.95,11,True,False,核心指標 ×1.3,2026-07-21 18:24:58
CHANEL,香奈兒深海精萃山茶花潔顏慕斯,,洗面乳,綜合評分,3.8,,,,排除 6 則業配/疑似業配、0 則商品不符,2026-07-21 18:24:58
雅詩蘭黛,Advanced Night 特潤超導醒膚潔顏蜜,,洗面乳,清潔力,3.18,9,True,False,核心指標 ×1.3,2026-07-21 18:24:58
雅詩蘭黛,Advanced Night 特潤超導醒膚潔顏蜜,,洗面乳,成分溫和度,3.98,5,False,False,,2026-07-21 18:24:58
雅詩蘭黛,Advanced Night 特潤超導醒膚潔顏蜜,,洗面乳,起泡力,3.62,9,True,False,核心指標 ×1.3,2026-07-21 18:24:58
雅詩蘭黛,Advanced Night 特潤超導醒膚潔顏蜜,,洗面乳,膚質適配性,3.45,4,False,False,,2026-07-21 18:24:58
雅詩蘭黛,Advanced Night 特潤超導醒膚潔顏蜜,,洗面乳,保濕度,3.69,9,True,False,核心指標 ×1.3,2026-07-21 18:24:58
雅詩蘭黛,Advanced Night 特潤超導醒膚潔顏蜜,,洗面乳,綜合評分,3.6,,,,排除 10 則業配/疑似業配、5 則商品不符,2026-07-21 18:24:58
蘭蔻,超極光淨緻毛孔洗面乳,,洗面乳,清潔力,3.65,7,True,False,核心指標 ×1.3,2026-07-21 18:24:58
蘭蔻,超極光淨緻毛孔洗面乳,,洗面乳,成分溫和度,3.52,5,False,False,,2026-07-21 18:24:58
蘭蔻,超極光淨緻毛孔洗面乳,,洗面乳,起泡力,3.44,12,True,False,核心指標 ×1.3,2026-07-21 18:24:58
蘭蔻,超極光淨緻毛孔洗面乳,,洗面乳,膚質適配性,3.1,1,False,False,⚠️ 樣本僅 2 則，參考性有限,2026-07-21 18:24:58
蘭蔻,超極光淨緻毛孔洗面乳,,洗面乳,保濕度,3.69,12,True,False,核心指標 ×1.3,2026-07-21 18:24:58
蘭蔻,超極光淨緻毛孔洗面乳,,洗面乳,綜合評分,3.5,,,,排除 6 則業配/疑似業配、6 則商品不符,2026-07-21 18:24:58
Bobbi Brown,潔膚洗顏乳,,洗面乳,清潔力,3.8,15,True,False,核心指標 ×1.3,2026-07-21 18:24:58
Bobbi Brown,潔膚洗顏乳,,洗面乳,成分溫和度,3.16,6,False,False,,2026-07-21 18:24:58
Bobbi Brown,潔膚洗顏乳,,洗面乳,起泡力,3.72,11,True,False,核心指標 ×1.3,2026-07-21 18:24:58
Bobbi Brown,潔膚洗顏乳,,洗面乳,膚質適配性,,0,False,False,資料不足，評論中未提及此指標,2026-07-21 18:24:58
Bobbi Brown,潔膚洗顏乳,,洗面乳,保濕度,3.44,14,True,False,核心指標 ×1.3,2026-07-21 18:24:58
Bobbi Brown,潔膚洗顏乳,,洗面乳,綜合評分,3.6,,,,排除 3 則業配/疑似業配、5 則商品不符,2026-07-21 18:24:58
DIOR,DIOR精萃再生玫瑰去角質霜,,去角質,成分溫和度,3.74,9,False,False,,2026-07-21 18:24:58
DIOR,DIOR精萃再生玫瑰去角質霜,,去角質,粉刺毛孔淨化度,3.1,2,False,False,⚠️ 樣本僅 2 則，參考性有限,2026-07-21 18:24:58
DIOR,DIOR精萃再生玫瑰去角質霜,,去角質,清潔力,3.45,2,True,False,⚠️ 樣本僅 2 則且評論分歧，參考性有限,2026-07-21 18:24:58
DIOR,DIOR精萃再生玫瑰去角質霜,,去角質,膚質適配性,3.57,4,False,False,,2026-07-21 18:24:58
DIOR,DIOR精萃再生玫瑰去角質霜,,去角質,保濕度,4.06,13,True,False,核心指標 ×1.3,2026-07-21 18:24:58
DIOR,DIOR精萃再生玫瑰去角質霜,,去角質,去角質機制,4.0,11,True,False,核心指標 ×1.3,2026-07-21 18:24:58
DIOR,DIOR精萃再生玫瑰去角質霜,,去角質,綜合評分,3.7,,,,排除 8 則業配/疑似業配、0 則商品不符,2026-07-21 18:24:58
CHANEL,香奈兒奢華金燦梵尼蘭去角質霜,,去角質,成分溫和度,4.0,5,False,False,,2026-07-21 18:24:58
CHANEL,香奈兒奢華金燦梵尼蘭去角質霜,,去角質,粉刺毛孔淨化度,3.8,3,False,False,,2026-07-21 18:24:58
CHANEL,香奈兒奢華金燦梵尼蘭去角質霜,,去角質,清潔力,2.78,15,True,False,核心指標 ×1.3,2026-07-21 18:24:58
CHANEL,香奈兒奢華金燦梵尼蘭去角質霜,,去角質,膚質適配性,3.8,1,False,False,⚠️ 樣本僅 2 則，參考性有限,2026-07-21 18:24:58
CHANEL,香奈兒奢華金燦梵尼蘭去角質霜,,去角質,保濕度,4.01,5,True,False,核心指標 ×1.3,2026-07-21 18:24:58
CHANEL,香奈兒奢華金燦梵尼蘭去角質霜,,去角質,去角質機制,4.08,14,True,False,核心指標 ×1.3,2026-07-21 18:24:58
CHANEL,香奈兒奢華金燦梵尼蘭去角質霜,,去角質,綜合評分,3.7,,,,排除 0 則業配/疑似業配、4 則商品不符,2026-07-21 18:24:58
蘭蔻,溫和去角質玫瑰凝膠,,去角質,成分溫和度,3.75,8,False,False,,2026-07-21 18:24:58
蘭蔻,溫和去角質玫瑰凝膠,,去角質,粉刺毛孔淨化度,4.1,2,False,False,⚠️ 樣本僅 2 則且評論分歧，參考性有限,2026-07-21 18:24:58
蘭蔻,溫和去角質玫瑰凝膠,,去角質,清潔力,3.8,3,True,False,核心指標 ×1.3,2026-07-21 18:24:58
蘭蔻,溫和去角質玫瑰凝膠,,去角質,膚質適配性,,0,False,False,資料不足，評論中未提及此指標,2026-07-21 18:24:58
蘭蔻,溫和去角質玫瑰凝膠,,去角質,保濕度,4.01,5,True,False,核心指標 ×1.3,2026-07-21 18:24:58
蘭蔻,溫和去角質玫瑰凝膠,,去角質,去角質機制,4.2,8,True,False,核心指標 ×1.3,2026-07-21 18:24:58
蘭蔻,溫和去角質玫瑰凝膠,,去角質,綜合評分,4.0,,,,排除 0 則業配/疑似業配、17 則商品不符,2026-07-21 18:24:58
植村秀,全新抹茶精萃潔顏油,,卸妝油,卸妝力,,0,True,False,資料不足，評論中未提及此指標,2026-07-21 18:24:58
植村秀,全新抹茶精萃潔顏油,,卸妝油,乳化速度,,0,False,False,資料不足，評論中未提及此指標,2026-07-21 18:24:58
植村秀,全新抹茶精萃潔顏油,,卸妝油,毛孔清潔度,,0,False,False,資料不足，評論中未提及此指標,2026-07-21 18:24:58
植村秀,全新抹茶精萃潔顏油,,卸妝油,殘妝溶解力,,0,True,False,資料不足，評論中未提及此指標,2026-07-21 18:24:58
植村秀,全新抹茶精萃潔顏油,,卸妝油,溫和不熏眼,,0,True,False,資料不足，評論中未提及此指標,2026-07-21 18:24:58
植村秀,全新抹茶精萃潔顏油,,卸妝油,致痘風險,,0,False,False,資料不足，評論中未提及此指標,2026-07-21 18:24:58
資生堂,完美水漾潔顏油,,卸妝油,卸妝力,4.09,9,True,False,核心指標 ×1.3,2026-07-21 18:24:58
資生堂,完美水漾潔顏油,,卸妝油,乳化速度,3.61,9,False,False,,2026-07-21 18:24:58
資生堂,完美水漾潔顏油,,卸妝油,毛孔清潔度,,0,False,False,資料不足，評論中未提及此指標,2026-07-21 18:24:58
資生堂,完美水漾潔顏油,,卸妝油,殘妝溶解力,3.9,6,True,False,核心指標 ×1.3,2026-07-21 18:24:58
資生堂,完美水漾潔顏油,,卸妝油,溫和不熏眼,3.49,6,True,False,核心指標 ×1.3,2026-07-21 18:24:58
資生堂,完美水漾潔顏油,,卸妝油,致痘風險,3.68,5,False,False,,2026-07-21 18:24:58
資生堂,完美水漾潔顏油,,卸妝油,綜合評分,3.8,,,,排除 2 則業配/疑似業配、14 則商品不符,2026-07-21 18:24:58
M.A.C,超奇肌清爽花瓣淨妝油,,卸妝油,卸妝力,3.8,4,True,False,核心指標 ×1.3,2026-07-21 18:24:58
M.A.C,超奇肌清爽花瓣淨妝油,,卸妝油,乳化速度,4.12,5,False,False,,2026-07-21 18:24:58
M.A.C,超奇肌清爽花瓣淨妝油,,卸妝油,毛孔清潔度,4.05,2,False,False,⚠️ 樣本僅 2 則且評論分歧，參考性有限,2026-07-21 18:24:58
M.A.C,超奇肌清爽花瓣淨妝油,,卸妝油,殘妝溶解力,3.8,1,True,False,⚠️ 樣本僅 2 則，參考性有限,2026-07-21 18:24:58
M.A.C,超奇肌清爽花瓣淨妝油,,卸妝油,溫和不熏眼,4.12,5,True,False,核心指標 ×1.3,2026-07-21 18:24:58
M.A.C,超奇肌清爽花瓣淨妝油,,卸妝油,致痘風險,4.16,3,False,False,,2026-07-21 18:24:58
M.A.C,超奇肌清爽花瓣淨妝油,,卸妝油,綜合評分,4.0,,,,排除 24 則業配/疑似業配、0 則商品不符,2026-07-21 18:24:58
DIOR,迪奧極淨舒緩卸妝油,,卸妝油,卸妝力,3.85,18,True,False,核心指標 ×1.3,2026-07-21 18:24:58
DIOR,迪奧極淨舒緩卸妝油,,卸妝油,乳化速度,4.02,9,False,False,,2026-07-21 18:24:58
DIOR,迪奧極淨舒緩卸妝油,,卸妝油,毛孔清潔度,,0,False,False,資料不足，評論中未提及此指標,2026-07-21 18:24:58
DIOR,迪奧極淨舒緩卸妝油,,卸妝油,殘妝溶解力,3.85,7,True,False,核心指標 ×1.3,2026-07-21 18:24:58
DIOR,迪奧極淨舒緩卸妝油,,卸妝油,溫和不熏眼,4.14,9,True,False,核心指標 ×1.3,2026-07-21 18:24:58
DIOR,迪奧極淨舒緩卸妝油,,卸妝油,致痘風險,4.3,1,False,False,⚠️ 樣本僅 2 則，參考性有限,2026-07-21 18:24:58
DIOR,迪奧極淨舒緩卸妝油,,卸妝油,綜合評分,4.0,,,,排除 3 則業配/疑似業配、0 則商品不符,2026-07-21 18:24:58
CHANEL,香奈兒深海精萃卸妝油,,卸妝油,卸妝力,4.13,9,True,False,核心指標 ×1.3,2026-07-21 18:24:58
CHANEL,香奈兒深海精萃卸妝油,,卸妝油,乳化速度,4.07,5,False,False,,2026-07-21 18:24:58
CHANEL,香奈兒深海精萃卸妝油,,卸妝油,毛孔清潔度,,0,False,False,資料不足，評論中未提及此指標,2026-07-21 18:24:58
CHANEL,香奈兒深海精萃卸妝油,,卸妝油,殘妝溶解力,3.8,3,True,False,核心指標 ×1.3,2026-07-21 18:24:58
CHANEL,香奈兒深海精萃卸妝油,,卸妝油,溫和不熏眼,4.06,11,True,False,核心指標 ×1.3,2026-07-21 18:24:58
CHANEL,香奈兒深海精萃卸妝油,,卸妝油,致痘風險,4.11,3,False,False,,2026-07-21 18:24:58
CHANEL,香奈兒深海精萃卸妝油,,卸妝油,綜合評分,4.0,,,,排除 2 則業配/疑似業配、8 則商品不符,2026-07-21 18:24:58
蘭蔻,溫和卸妝乳,,卸妝油,卸妝力,3.12,11,True,False,核心指標 ×1.3,2026-07-21 18:24:58
蘭蔻,溫和卸妝乳,,卸妝油,乳化速度,,0,False,False,資料不足，評論中未提及此指標,2026-07-21 18:24:58
蘭蔻,溫和卸妝乳,,卸妝油,毛孔清潔度,,0,False,False,資料不足，評論中未提及此指標,2026-07-21 18:24:58
蘭蔻,溫和卸妝乳,,卸妝油,殘妝溶解力,2.63,8,True,False,核心指標 ×1.3,2026-07-21 18:24:58
蘭蔻,溫和卸妝乳,,卸妝油,溫和不熏眼,3.59,3,True,False,核心指標 ×1.3,2026-07-21 18:24:58
蘭蔻,溫和卸妝乳,,卸妝油,致痘風險,2.4,1,False,False,⚠️ 樣本僅 2 則，參考性有限,2026-07-21 18:24:58
蘭蔻,溫和卸妝乳,,卸妝油,綜合評分,3.0,,,,排除 0 則業配/疑似業配、14 則商品不符,2026-07-21 18:24:58
Bobbi Brown,超輕水感茉莉淨妝油,,卸妝油,卸妝力,3.76,12,True,False,核心指標 ×1.3,2026-07-21 18:24:58
Bobbi Brown,超輕水感茉莉淨妝油,,卸妝油,乳化速度,4.05,6,False,False,,2026-07-21 18:24:58
Bobbi Brown,超輕水感茉莉淨妝油,,卸妝油,毛孔清潔度,,0,False,False,資料不足，評論中未提及此指標,2026-07-21 18:24:58
Bobbi Brown,超輕水感茉莉淨妝油,,卸妝油,殘妝溶解力,3.38,5,True,False,核心指標 ×1.3,2026-07-21 18:24:58
Bobbi Brown,超輕水感茉莉淨妝油,,卸妝油,溫和不熏眼,3.32,8,True,False,核心指標 ×1.3,2026-07-21 18:24:58
Bobbi Brown,超輕水感茉莉淨妝油,,卸妝油,致痘風險,3.1,3,False,False,,2026-07-21 18:24:58
Bobbi Brown,超輕水感茉莉淨妝油,,卸妝油,綜合評分,3.5,,,,排除 8 則業配/疑似業配、3 則商品不符,2026-07-21 18:24:58
植村秀,全能奇蹟金萃潔顏霜,,卸妝膏,卸妝力,4.09,15,True,False,核心指標 ×1.3,2026-07-21 18:24:58
植村秀,全能奇蹟金萃潔顏霜,,卸妝膏,乳化速度,4.09,19,True,False,核心指標 ×1.3,2026-07-21 18:24:58
植村秀,全能奇蹟金萃潔顏霜,,卸妝膏,毛孔清潔度,3.92,5,False,False,,2026-07-21 18:24:58
植村秀,全能奇蹟金萃潔顏霜,,卸妝膏,殘妝溶解力,,0,True,False,資料不足，評論中未提及此指標,2026-07-21 18:24:58
植村秀,全能奇蹟金萃潔顏霜,,卸妝膏,溫和不熏眼,4.17,4,False,False,,2026-07-21 18:24:58
植村秀,全能奇蹟金萃潔顏霜,,卸妝膏,致痘風險,4.13,3,False,False,,2026-07-21 18:24:58
植村秀,全能奇蹟金萃潔顏霜,,卸妝膏,挖勺便利性,3.49,3,False,False,,2026-07-21 18:24:58
植村秀,全能奇蹟金萃潔顏霜,,卸妝膏,綜合評分,4.0,,,,排除 4 則業配/疑似業配、4 則商品不符,2026-07-21 18:24:58
YSL,金緻奢華賦活卸妝精萃,,卸妝膏,卸妝力,3.55,8,True,False,核心指標 ×1.3,2026-07-21 18:24:58
YSL,金緻奢華賦活卸妝精萃,,卸妝膏,乳化速度,4.0,2,True,False,⚠️ 樣本僅 2 則且評論分歧，參考性有限,2026-07-21 18:24:58
YSL,金緻奢華賦活卸妝精萃,,卸妝膏,毛孔清潔度,,0,False,False,資料不足，評論中未提及此指標,2026-07-21 18:24:58
YSL,金緻奢華賦活卸妝精萃,,卸妝膏,殘妝溶解力,2.63,4,True,False,核心指標 ×1.3,2026-07-21 18:24:58
YSL,金緻奢華賦活卸妝精萃,,卸妝膏,溫和不熏眼,4.1,2,False,False,⚠️ 樣本僅 2 則且評論分歧，參考性有限,2026-07-21 18:24:58
YSL,金緻奢華賦活卸妝精萃,,卸妝膏,致痘風險,4.3,1,False,False,⚠️ 樣本僅 2 則，參考性有限,2026-07-21 18:24:58
YSL,金緻奢華賦活卸妝精萃,,卸妝膏,挖勺便利性,2.4,1,False,False,⚠️ 樣本僅 2 則，參考性有限,2026-07-21 18:24:58
YSL,金緻奢華賦活卸妝精萃,,卸妝膏,綜合評分,3.5,,,,排除 2 則業配/疑似業配、17 則商品不符,2026-07-21 18:24:58
DIOR,DIOR精萃再生玫瑰卸妝霜,,卸妝膏,卸妝力,3.72,16,True,False,核心指標 ×1.3,2026-07-21 18:24:58
DIOR,DIOR精萃再生玫瑰卸妝霜,,卸妝膏,乳化速度,,0,True,False,資料不足，評論中未提及此指標,2026-07-21 18:24:58
DIOR,DIOR精萃再生玫瑰卸妝霜,,卸妝膏,毛孔清潔度,,0,False,False,資料不足，評論中未提及此指標,2026-07-21 18:24:58
DIOR,DIOR精萃再生玫瑰卸妝霜,,卸妝膏,殘妝溶解力,2.8,18,True,False,核心指標 ×1.3,2026-07-21 18:24:58
DIOR,DIOR精萃再生玫瑰卸妝霜,,卸妝膏,溫和不熏眼,,0,False,False,資料不足，評論中未提及此指標,2026-07-21 18:24:58
DIOR,DIOR精萃再生玫瑰卸妝霜,,卸妝膏,致痘風險,2.93,3,False,False,,2026-07-21 18:24:58
DIOR,DIOR精萃再生玫瑰卸妝霜,,卸妝膏,挖勺便利性,2.88,2,False,False,⚠️ 樣本僅 2 則且評論分歧，參考性有限,2026-07-21 18:24:58
DIOR,DIOR精萃再生玫瑰卸妝霜,,卸妝膏,綜合評分,3.1,,,,排除 4 則業配/疑似業配、1 則商品不符,2026-07-21 18:24:58
MAKE UP FOREVER,三效完美冷霜,,卸妝膏,卸妝力,3.47,3,True,False,核心指標 ×1.3,2026-07-21 18:24:58
MAKE UP FOREVER,三效完美冷霜,,卸妝膏,乳化速度,3.5,1,True,False,⚠️ 樣本僅 2 則，參考性有限,2026-07-21 18:24:58
MAKE UP FOREVER,三效完美冷霜,,卸妝膏,毛孔清潔度,,0,False,False,資料不足，評論中未提及此指標,2026-07-21 18:24:58
MAKE UP FOREVER,三效完美冷霜,,卸妝膏,殘妝溶解力,3.1,3,True,False,核心指標 ×1.3,2026-07-21 18:24:58
MAKE UP FOREVER,三效完美冷霜,,卸妝膏,溫和不熏眼,3.1,1,False,False,⚠️ 樣本僅 2 則，參考性有限,2026-07-21 18:24:58
MAKE UP FOREVER,三效完美冷霜,,卸妝膏,致痘風險,4.3,1,False,False,⚠️ 樣本僅 2 則，參考性有限,2026-07-21 18:24:58
MAKE UP FOREVER,三效完美冷霜,,卸妝膏,挖勺便利性,3.1,1,False,False,⚠️ 樣本僅 2 則，參考性有限,2026-07-21 18:24:58
MAKE UP FOREVER,三效完美冷霜,,卸妝膏,綜合評分,3.4,,,,排除 1 則業配/疑似業配、20 則商品不符,2026-07-21 18:24:58
雅詩蘭黛,Advanced Night 特潤超導三效卸妝精萃膏,,卸妝膏,卸妝力,3.86,7,True,False,核心指標 ×1.3,2026-07-21 18:24:58
雅詩蘭黛,Advanced Night 特潤超導三效卸妝精萃膏,,卸妝膏,乳化速度,4.0,4,True,False,核心指標 ×1.3,2026-07-21 18:24:58
雅詩蘭黛,Advanced Night 特潤超導三效卸妝精萃膏,,卸妝膏,毛孔清潔度,4.3,1,False,False,⚠️ 樣本僅 2 則，參考性有限,2026-07-21 18:24:58
雅詩蘭黛,Advanced Night 特潤超導三效卸妝精萃膏,,卸妝膏,殘妝溶解力,3.1,1,True,False,⚠️ 樣本僅 2 則，參考性有限,2026-07-21 18:24:58
雅詩蘭黛,Advanced Night 特潤超導三效卸妝精萃膏,,卸妝膏,溫和不熏眼,4.13,3,False,False,,2026-07-21 18:24:58
雅詩蘭黛,Advanced Night 特潤超導三效卸妝精萃膏,,卸妝膏,致痘風險,4.05,2,False,False,⚠️ 樣本僅 2 則且評論分歧，參考性有限,2026-07-21 18:24:58
雅詩蘭黛,Advanced Night 特潤超導三效卸妝精萃膏,,卸妝膏,挖勺便利性,2.4,1,False,False,⚠️ 樣本僅 2 則，參考性有限,2026-07-21 18:24:58
雅詩蘭黛,Advanced Night 特潤超導三效卸妝精萃膏,,卸妝膏,綜合評分,3.7,,,,排除 1 則業配/疑似業配、15 則商品不符,2026-07-21 18:24:58
Bobbi Brown,晶鑽桂馥潔膚霜,,卸妝膏,卸妝力,3.76,7,True,False,核心指標 ×1.3,2026-07-21 18:24:58
Bobbi Brown,晶鑽桂馥潔膚霜,,卸妝膏,乳化速度,3.57,6,True,False,核心指標 ×1.3,2026-07-21 18:24:58
Bobbi Brown,晶鑽桂馥潔膚霜,,卸妝膏,毛孔清潔度,4.05,2,False,False,⚠️ 樣本僅 2 則且評論分歧，參考性有限,2026-07-21 18:24:58
Bobbi Brown,晶鑽桂馥潔膚霜,,卸妝膏,殘妝溶解力,3.82,2,True,False,⚠️ 樣本僅 2 則且評論分歧，參考性有限,2026-07-21 18:24:58
Bobbi Brown,晶鑽桂馥潔膚霜,,卸妝膏,溫和不熏眼,2.69,3,False,False,,2026-07-21 18:24:58
Bobbi Brown,晶鑽桂馥潔膚霜,,卸妝膏,致痘風險,,0,False,False,資料不足，評論中未提及此指標,2026-07-21 18:24:58
Bobbi Brown,晶鑽桂馥潔膚霜,,卸妝膏,挖勺便利性,3.1,1,False,False,⚠️ 樣本僅 2 則，參考性有限,2026-07-21 18:24:58
Bobbi Brown,晶鑽桂馥潔膚霜,,卸妝膏,綜合評分,3.5,,,,排除 5 則業配/疑似業配、8 則商品不符,2026-07-21 18:24:58
資生堂,完美水漾卸妝水,,卸妝水,卸妝力,3.73,5,True,False,核心指標 ×1.3,2026-07-21 18:24:58
資生堂,完美水漾卸妝水,,卸妝水,清爽度,4.13,2,True,False,⚠️ 樣本僅 2 則且評論分歧，參考性有限,2026-07-21 18:24:58
資生堂,完美水漾卸妝水,,卸妝水,毛孔清潔度,,0,False,False,資料不足，評論中未提及此指標,2026-07-21 18:24:58
資生堂,完美水漾卸妝水,,卸妝水,低摩擦度,,0,False,False,資料不足，評論中未提及此指標,2026-07-21 18:24:58
資生堂,完美水漾卸妝水,,卸妝水,溫和不熏眼,,0,True,False,資料不足，評論中未提及此指標,2026-07-21 18:24:58
資生堂,完美水漾卸妝水,,卸妝水,殘妝溶解力,,0,False,False,資料不足，評論中未提及此指標,2026-07-21 18:24:58
資生堂,完美水漾卸妝水,,卸妝水,致痘風險,,0,False,False,資料不足，評論中未提及此指標,2026-07-21 18:24:58
資生堂,完美水漾卸妝水,,卸妝水,保濕度,,0,False,False,資料不足，評論中未提及此指標,2026-07-21 18:24:58
資生堂,完美水漾卸妝水,,卸妝水,綜合評分,3.9,,,,排除 0 則業配/疑似業配、25 則商品不符,2026-07-21 18:24:58
DIOR,迪奧極淨舒緩卸妝水,,卸妝水,卸妝力,3.3,2,True,False,⚠️ 樣本僅 2 則且評論分歧，參考性有限 ⚠️ 有效評論樣本較少，結果僅供參考,2026-07-21 18:24:58
DIOR,迪奧極淨舒緩卸妝水,,卸妝水,清爽度,,0,True,False,資料不足，評論中未提及此指標,2026-07-21 18:24:58
DIOR,迪奧極淨舒緩卸妝水,,卸妝水,毛孔清潔度,,0,False,False,資料不足，評論中未提及此指標,2026-07-21 18:24:58
DIOR,迪奧極淨舒緩卸妝水,,卸妝水,低摩擦度,,0,False,False,資料不足，評論中未提及此指標,2026-07-21 18:24:58
DIOR,迪奧極淨舒緩卸妝水,,卸妝水,溫和不熏眼,3.8,1,True,False,⚠️ 樣本僅 2 則，參考性有限 ⚠️ 有效評論樣本較少，結果僅供參考,2026-07-21 18:24:58
DIOR,迪奧極淨舒緩卸妝水,,卸妝水,殘妝溶解力,3.1,1,False,False,⚠️ 樣本僅 2 則，參考性有限 ⚠️ 有效評論樣本較少，結果僅供參考,2026-07-21 18:24:58
DIOR,迪奧極淨舒緩卸妝水,,卸妝水,致痘風險,,0,False,False,資料不足，評論中未提及此指標,2026-07-21 18:24:58
DIOR,迪奧極淨舒緩卸妝水,,卸妝水,保濕度,,0,False,False,資料不足，評論中未提及此指標,2026-07-21 18:24:58
DIOR,迪奧極淨舒緩卸妝水,,卸妝水,綜合評分,3.4,,,,排除 3 則業配/疑似業配、22 則商品不符,2026-07-21 18:24:58
CHANEL,香奈兒深海精萃卸妝水,,卸妝水,卸妝力,3.88,10,True,False,核心指標 ×1.3,2026-07-21 18:24:58
CHANEL,香奈兒深海精萃卸妝水,,卸妝水,清爽度,3.95,4,True,False,核心指標 ×1.3,2026-07-21 18:24:58
CHANEL,香奈兒深海精萃卸妝水,,卸妝水,毛孔清潔度,3.97,3,False,False,,2026-07-21 18:24:58
CHANEL,香奈兒深海精萃卸妝水,,卸妝水,低摩擦度,,0,False,False,資料不足，評論中未提及此指標,2026-07-21 18:24:58
CHANEL,香奈兒深海精萃卸妝水,,卸妝水,溫和不熏眼,4.2,5,True,False,核心指標 ×1.3,2026-07-21 18:24:58
CHANEL,香奈兒深海精萃卸妝水,,卸妝水,殘妝溶解力,,0,False,False,資料不足，評論中未提及此指標,2026-07-21 18:24:58
CHANEL,香奈兒深海精萃卸妝水,,卸妝水,致痘風險,,0,False,False,資料不足，評論中未提及此指標,2026-07-21 18:24:58
CHANEL,香奈兒深海精萃卸妝水,,卸妝水,保濕度,3.98,6,False,False,,2026-07-21 18:24:58
CHANEL,香奈兒深海精萃卸妝水,,卸妝水,綜合評分,4.0,,,,排除 1 則業配/疑似業配、8 則商品不符,2026-07-21 18:24:58
Bobbi Brown,瞬間雙效卸妝液,,卸妝水,卸妝力,,0,True,False,資料不足，評論中未提及此指標,2026-07-21 18:24:58
Bobbi Brown,瞬間雙效卸妝液,,卸妝水,清爽度,4.3,1,True,False,⚠️ 樣本僅 2 則，參考性有限 ⚠️ 有效評論樣本較少，結果僅供參考,2026-07-21 18:24:58
Bobbi Brown,瞬間雙效卸妝液,,卸妝水,毛孔清潔度,,0,False,False,資料不足，評論中未提及此指標,2026-07-21 18:24:58
Bobbi Brown,瞬間雙效卸妝液,,卸妝水,低摩擦度,,0,False,False,資料不足，評論中未提及此指標,2026-07-21 18:24:58
Bobbi Brown,瞬間雙效卸妝液,,卸妝水,溫和不熏眼,4.3,1,True,False,⚠️ 樣本僅 2 則，參考性有限 ⚠️ 有效評論樣本較少，結果僅供參考,2026-07-21 18:24:58
Bobbi Brown,瞬間雙效卸妝液,,卸妝水,殘妝溶解力,,0,False,False,資料不足，評論中未提及此指標,2026-07-21 18:24:58
Bobbi Brown,瞬間雙效卸妝液,,卸妝水,致痘風險,4.3,1,False,False,⚠️ 樣本僅 2 則，參考性有限 ⚠️ 有效評論樣本較少，結果僅供參考,2026-07-21 18:24:58
Bobbi Brown,瞬間雙效卸妝液,,卸妝水,保濕度,,0,False,False,資料不足，評論中未提及此指標,2026-07-21 18:24:58
Bobbi Brown,瞬間雙效卸妝液,,卸妝水,綜合評分,4.3,,,,排除 0 則業配/疑似業配、28 則商品不符,2026-07-21 18:24:58
M.A.C,清爽眼唇淨妝露,,眼唇卸妝液,卸妝力,3.52,11,True,False,核心指標 ×1.3,2026-07-21 18:24:58
M.A.C,清爽眼唇淨妝露,,眼唇卸妝液,乳化速度,,0,False,False,資料不足，評論中未提及此指標,2026-07-21 18:24:58
M.A.C,清爽眼唇淨妝露,,眼唇卸妝液,殘妝溶解力,2.41,9,True,False,核心指標 ×1.3,2026-07-21 18:24:58
M.A.C,清爽眼唇淨妝露,,眼唇卸妝液,溫和不熏眼,3.52,14,True,False,核心指標 ×1.3,2026-07-21 18:24:58
M.A.C,清爽眼唇淨妝露,,眼唇卸妝液,低摩擦度,,0,False,False,資料不足，評論中未提及此指標,2026-07-21 18:24:58
M.A.C,清爽眼唇淨妝露,,眼唇卸妝液,綜合評分,3.2,,,,排除 2 則業配/疑似業配、5 則商品不符,2026-07-21 18:24:58
DIOR,迪奧極淨舒緩眼唇卸妝液,,眼唇卸妝液,卸妝力,,0,True,False,資料不足，評論中未提及此指標,2026-07-21 18:24:58
DIOR,迪奧極淨舒緩眼唇卸妝液,,眼唇卸妝液,乳化速度,,0,False,False,資料不足，評論中未提及此指標,2026-07-21 18:24:58
DIOR,迪奧極淨舒緩眼唇卸妝液,,眼唇卸妝液,殘妝溶解力,3.1,1,True,False,⚠️ 樣本僅 2 則，參考性有限 ⚠️ 有效評論樣本較少，結果僅供參考,2026-07-21 18:24:58
DIOR,迪奧極淨舒緩眼唇卸妝液,,眼唇卸妝液,溫和不熏眼,,0,True,False,資料不足，評論中未提及此指標,2026-07-21 18:24:58
DIOR,迪奧極淨舒緩眼唇卸妝液,,眼唇卸妝液,低摩擦度,,0,False,False,資料不足，評論中未提及此指標,2026-07-21 18:24:58
DIOR,迪奧極淨舒緩眼唇卸妝液,,眼唇卸妝液,綜合評分,3.1,,,,排除 10 則業配/疑似業配、17 則商品不符,2026-07-21 18:24:58
CHANEL,香奈兒溫和雙效眼部卸妝液,新版,眼唇卸妝液,卸妝力,3.5,1,True,False,⚠️ 樣本僅 2 則，參考性有限,2026-07-21 18:24:58
CHANEL,香奈兒溫和雙效眼部卸妝液,新版,眼唇卸妝液,乳化速度,,0,False,False,資料不足，評論中未提及此指標,2026-07-21 18:24:58
CHANEL,香奈兒溫和雙效眼部卸妝液,新版,眼唇卸妝液,殘妝溶解力,1.83,3,True,False,核心指標 ×1.3,2026-07-21 18:24:58
CHANEL,香奈兒溫和雙效眼部卸妝液,新版,眼唇卸妝液,溫和不熏眼,2.17,3,True,False,核心指標 ×1.3,2026-07-21 18:24:58
CHANEL,香奈兒溫和雙效眼部卸妝液,新版,眼唇卸妝液,低摩擦度,,0,False,False,資料不足，評論中未提及此指標,2026-07-21 18:24:58
CHANEL,香奈兒溫和雙效眼部卸妝液,新版,眼唇卸妝液,綜合評分,2.5,,,,排除 0 則業配/疑似業配、0 則商品不符,2026-07-21 18:24:58
CHANEL,香奈兒溫和雙效眼部卸妝液,,眼唇卸妝液,卸妝力,3.69,10,True,False,核心指標 ×1.3,2026-07-21 18:24:58
CHANEL,香奈兒溫和雙效眼部卸妝液,,眼唇卸妝液,乳化速度,,0,False,False,資料不足，評論中未提及此指標,2026-07-21 18:24:58
CHANEL,香奈兒溫和雙效眼部卸妝液,,眼唇卸妝液,殘妝溶解力,3.52,7,True,False,核心指標 ×1.3,2026-07-21 18:24:58
CHANEL,香奈兒溫和雙效眼部卸妝液,,眼唇卸妝液,溫和不熏眼,3.84,12,True,False,核心指標 ×1.3,2026-07-21 18:24:58
CHANEL,香奈兒溫和雙效眼部卸妝液,,眼唇卸妝液,低摩擦度,4.3,1,False,False,⚠️ 樣本僅 2 則，參考性有限,2026-07-21 18:24:58
CHANEL,香奈兒溫和雙效眼部卸妝液,,眼唇卸妝液,綜合評分,3.8,,,,排除 8 則業配/疑似業配、0 則商品不符,2026-07-21 18:24:58
MAKE UP FOREVER,完美舒緩眼唇卸妝乳,,眼唇卸妝液,卸妝力,4.0,3,True,False,核心指標 ×1.3,2026-07-21 18:24:58
MAKE UP FOREVER,完美舒緩眼唇卸妝乳,,眼唇卸妝液,乳化速度,,0,False,False,資料不足，評論中未提及此指標,2026-07-21 18:24:58
MAKE UP FOREVER,完美舒緩眼唇卸妝乳,,眼唇卸妝液,殘妝溶解力,4.3,3,True,False,核心指標 ×1.3,2026-07-21 18:24:58
MAKE UP FOREVER,完美舒緩眼唇卸妝乳,,眼唇卸妝液,溫和不熏眼,3.78,7,True,False,核心指標 ×1.3,2026-07-21 18:24:58
MAKE UP FOREVER,完美舒緩眼唇卸妝乳,,眼唇卸妝液,低摩擦度,,0,False,False,資料不足，評論中未提及此指標,2026-07-21 18:24:58
MAKE UP FOREVER,完美舒緩眼唇卸妝乳,,眼唇卸妝液,綜合評分,4.0,,,,排除 4 則業配/疑似業配、18 則商品不符,2026-07-21 18:24:58
資生堂,完美淨嫩卸妝布,,卸妝棉,卸妝力,4.3,1,True,False,⚠️ 樣本僅 2 則，參考性有限 ⚠️ 有效評論樣本較少，結果僅供參考,2026-07-21 18:24:58
資生堂,完美淨嫩卸妝布,,卸妝棉,殘妝溶解力,,0,False,False,資料不足，評論中未提及此指標,2026-07-21 18:24:58
資生堂,完美淨嫩卸妝布,,卸妝棉,溫和不熏眼,,0,False,False,資料不足，評論中未提及此指標,2026-07-21 18:24:58
資生堂,完美淨嫩卸妝布,,卸妝棉,低摩擦度,4.3,1,True,False,⚠️ 樣本僅 2 則，參考性有限 ⚠️ 有效評論樣本較少，結果僅供參考,2026-07-21 18:24:58
資生堂,完美淨嫩卸妝布,,卸妝棉,棉片材質親膚度,4.3,1,True,False,⚠️ 樣本僅 2 則，參考性有限 ⚠️ 有效評論樣本較少，結果僅供參考,2026-07-21 18:24:58
資生堂,完美淨嫩卸妝布,,卸妝棉,包裝密封設計,4.3,1,False,False,⚠️ 樣本僅 2 則，參考性有限 ⚠️ 有效評論樣本較少，結果僅供參考,2026-07-21 18:24:58
資生堂,完美淨嫩卸妝布,,卸妝棉,綜合評分,4.3,,,,排除 0 則業配/疑似業配、23 則商品不符,2026-07-21 18:24:58
M.A.C,舒緩保濕潔膚膜,,卸妝棉,卸妝力,3.85,4,True,False,核心指標 ×1.3,2026-07-21 18:24:58
M.A.C,舒緩保濕潔膚膜,,卸妝棉,殘妝溶解力,3.1,1,False,False,⚠️ 樣本僅 2 則，參考性有限,2026-07-21 18:24:58
M.A.C,舒緩保濕潔膚膜,,卸妝棉,溫和不熏眼,3.8,1,False,False,⚠️ 樣本僅 2 則，參考性有限,2026-07-21 18:24:58
M.A.C,舒緩保濕潔膚膜,,卸妝棉,低摩擦度,2.4,1,True,False,⚠️ 樣本僅 2 則，參考性有限,2026-07-21 18:24:58
M.A.C,舒緩保濕潔膚膜,,卸妝棉,棉片材質親膚度,3.2,3,True,False,核心指標 ×1.3,2026-07-21 18:24:58
M.A.C,舒緩保濕潔膚膜,,卸妝棉,包裝密封設計,,0,False,False,資料不足，評論中未提及此指標,2026-07-21 18:24:58
M.A.C,舒緩保濕潔膚膜,,卸妝棉,綜合評分,3.3,,,,排除 1 則業配/疑似業配、25 則商品不符,2026-07-21 18:24:58
植村秀,全能奇蹟金萃精華水,,化妝水,吸收滲透力,4.41,8,True,False,核心指標 ×1.3,2026-07-22 17:46:29
植村秀,全能奇蹟金萃精華水,,化妝水,保濕鎖水度,4.5,16,True,False,核心指標 ×1.3,2026-07-22 17:46:29
植村秀,全能奇蹟金萃精華水,,化妝水,清爽度,4.18,10,False,False,,2026-07-22 17:46:29
植村秀,全能奇蹟金萃精華水,,化妝水,膚況穩定度,5.0,1,False,False,⚠️ 樣本僅 2 則，參考性有限,2026-07-22 17:46:29
植村秀,全能奇蹟金萃精華水,,化妝水,成分安全性,3.8,2,False,False,⚠️ 樣本僅 2 則，參考性有限,2026-07-22 17:46:29
植村秀,全能奇蹟金萃精華水,,化妝水,功效顯著度,3.97,7,True,False,核心指標 ×1.3,2026-07-22 17:46:29
植村秀,全能奇蹟金萃精華水,,化妝水,綜合評分,4.3,,,,排除 11 則業配/疑似業配、1 則商品不符,2026-07-22 17:46:29
資生堂,激抗痕亮采緊緻露,,化妝水,吸收滲透力,4.13,3,True,False,核心指標 ×1.3,2026-07-22 17:46:29
資生堂,激抗痕亮采緊緻露,,化妝水,保濕鎖水度,4.16,5,True,False,核心指標 ×1.3,2026-07-22 17:46:29
資生堂,激抗痕亮采緊緻露,,化妝水,清爽度,,0,False,False,資料不足，評論中未提及此指標,2026-07-22 17:46:29
資生堂,激抗痕亮采緊緻露,,化妝水,膚況穩定度,3.61,4,False,False,,2026-07-22 17:46:29
資生堂,激抗痕亮采緊緻露,,化妝水,成分安全性,2.4,1,False,False,⚠️ 樣本僅 2 則，參考性有限,2026-07-22 17:46:29
資生堂,激抗痕亮采緊緻露,,化妝水,功效顯著度,4.22,3,True,False,核心指標 ×1.3,2026-07-22 17:46:29
資生堂,激抗痕亮采緊緻露,,化妝水,綜合評分,3.8,,,,排除 22 則業配/疑似業配、0 則商品不符,2026-07-22 17:46:29
YSL,極效活萃細緻柔膚露,,化妝水,吸收滲透力,3.99,13,True,False,核心指標 ×1.3,2026-07-22 17:46:29
YSL,極效活萃細緻柔膚露,,化妝水,保濕鎖水度,3.45,2,True,False,⚠️ 樣本僅 2 則且評論分歧，參考性有限,2026-07-22 17:46:29
YSL,極效活萃細緻柔膚露,,化妝水,清爽度,3.92,7,False,False,,2026-07-22 17:46:29
YSL,極效活萃細緻柔膚露,,化妝水,膚況穩定度,4.7,2,False,False,⚠️ 樣本僅 2 則且評論分歧，參考性有限,2026-07-22 17:46:29
YSL,極效活萃細緻柔膚露,,化妝水,成分安全性,3.71,12,False,False,,2026-07-22 17:46:29
YSL,極效活萃細緻柔膚露,,化妝水,功效顯著度,4.34,26,True,False,核心指標 ×1.3,2026-07-22 17:46:29
YSL,極效活萃細緻柔膚露,,化妝水,綜合評分,4.0,,,,排除 1 則業配/疑似業配、1 則商品不符,2026-07-22 17:46:29
DIOR,迪奧精萃再生微導凝露,,化妝水,吸收滲透力,4.27,5,True,False,核心指標 ×1.3,2026-07-22 17:46:29
DIOR,迪奧精萃再生微導凝露,,化妝水,保濕鎖水度,4.01,10,True,False,核心指標 ×1.3,2026-07-22 17:46:29
DIOR,迪奧精萃再生微導凝露,,化妝水,清爽度,3.33,10,False,False,,2026-07-22 17:46:29
DIOR,迪奧精萃再生微導凝露,,化妝水,膚況穩定度,3.72,5,False,False,,2026-07-22 17:46:29
DIOR,迪奧精萃再生微導凝露,,化妝水,成分安全性,2.69,4,False,False,,2026-07-22 17:46:29
DIOR,迪奧精萃再生微導凝露,,化妝水,功效顯著度,3.55,8,True,False,核心指標 ×1.3,2026-07-22 17:46:29
DIOR,迪奧精萃再生微導凝露,,化妝水,綜合評分,3.6,,,,排除 13 則業配/疑似業配、1 則商品不符,2026-07-22 17:46:29
CHANEL,香奈兒山茶花保濕微滴精萃再生露,,化妝水,吸收滲透力,3.93,14,True,False,核心指標 ×1.3,2026-07-22 17:46:29
CHANEL,香奈兒山茶花保濕微滴精萃再生露,,化妝水,保濕鎖水度,4.03,19,True,False,核心指標 ×1.3,2026-07-22 17:46:29
CHANEL,香奈兒山茶花保濕微滴精萃再生露,,化妝水,清爽度,4.0,16,False,False,,2026-07-22 17:46:29
CHANEL,香奈兒山茶花保濕微滴精萃再生露,,化妝水,膚況穩定度,4.12,4,False,False,,2026-07-22 17:46:29
CHANEL,香奈兒山茶花保濕微滴精萃再生露,,化妝水,成分安全性,3.37,4,False,False,,2026-07-22 17:46:29
CHANEL,香奈兒山茶花保濕微滴精萃再生露,,化妝水,功效顯著度,3.05,11,True,False,核心指標 ×1.3,2026-07-22 17:46:29
CHANEL,香奈兒山茶花保濕微滴精萃再生露,,化妝水,綜合評分,3.7,,,,排除 2 則業配/疑似業配、0 則商品不符,2026-07-22 17:46:29
雅詩蘭黛,Micro Essence 微分子肌底原生露,,化妝水,吸收滲透力,3.8,3,True,False,核心指標 ×1.3,2026-07-22 17:46:29
雅詩蘭黛,Micro Essence 微分子肌底原生露,,化妝水,保濕鎖水度,3.6,11,True,False,核心指標 ×1.3,2026-07-22 17:46:29
雅詩蘭黛,Micro Essence 微分子肌底原生露,,化妝水,清爽度,2.4,1,False,False,⚠️ 樣本僅 2 則，參考性有限,2026-07-22 17:46:29
雅詩蘭黛,Micro Essence 微分子肌底原生露,,化妝水,膚況穩定度,2.62,5,False,False,,2026-07-22 17:46:29
雅詩蘭黛,Micro Essence 微分子肌底原生露,,化妝水,成分安全性,3.82,2,False,False,⚠️ 樣本僅 2 則且評論分歧，參考性有限,2026-07-22 17:46:29
雅詩蘭黛,Micro Essence 微分子肌底原生露,,化妝水,功效顯著度,3.73,4,True,False,核心指標 ×1.3,2026-07-22 17:46:29
雅詩蘭黛,Micro Essence 微分子肌底原生露,,化妝水,綜合評分,3.4,,,,排除 5 則業配/疑似業配、12 則商品不符,2026-07-22 17:46:29
蘭蔻,超極光活粹晶露,,化妝水,吸收滲透力,3.91,6,True,False,核心指標 ×1.3,2026-07-22 17:46:29
蘭蔻,超極光活粹晶露,,化妝水,保濕鎖水度,3.41,5,True,False,核心指標 ×1.3,2026-07-22 17:46:29
蘭蔻,超極光活粹晶露,,化妝水,清爽度,4.3,4,False,False,,2026-07-22 17:46:29
蘭蔻,超極光活粹晶露,,化妝水,膚況穩定度,4.3,1,False,False,⚠️ 樣本僅 2 則，參考性有限,2026-07-22 17:46:29
蘭蔻,超極光活粹晶露,,化妝水,成分安全性,2.95,4,False,False,,2026-07-22 17:46:29
蘭蔻,超極光活粹晶露,,化妝水,功效顯著度,3.92,14,True,False,核心指標 ×1.3,2026-07-22 17:46:29
蘭蔻,超極光活粹晶露,,化妝水,綜合評分,3.8,,,,排除 13 則業配/疑似業配、0 則商品不符,2026-07-22 17:46:29
Bobbi Brown,高保濕化妝水,,化妝水,吸收滲透力,5.0,2,True,False,⚠️ 樣本僅 2 則，參考性有限,2026-07-22 17:46:29
Bobbi Brown,高保濕化妝水,,化妝水,保濕鎖水度,4.18,21,True,False,核心指標 ×1.3,2026-07-22 17:46:29
Bobbi Brown,高保濕化妝水,,化妝水,清爽度,4.3,7,False,False,,2026-07-22 17:46:29
Bobbi Brown,高保濕化妝水,,化妝水,膚況穩定度,4.21,5,False,False,,2026-07-22 17:46:29
Bobbi Brown,高保濕化妝水,,化妝水,成分安全性,3.44,10,False,False,,2026-07-22 17:46:29
Bobbi Brown,高保濕化妝水,,化妝水,功效顯著度,3.42,8,True,False,核心指標 ×1.3,2026-07-22 17:46:29
Bobbi Brown,高保濕化妝水,,化妝水,綜合評分,4.1,,,,排除 1 則業配/疑似業配、2 則商品不符,2026-07-22 17:46:29
植村秀,全能奇蹟金萃乳液,,乳液,吸收滲透力,3.56,10,False,False,,2026-07-22 17:46:29
植村秀,全能奇蹟金萃乳液,,乳液,保濕鎖水度,3.84,14,True,False,核心指標 ×1.3,2026-07-22 17:46:29
植村秀,全能奇蹟金萃乳液,,乳液,清爽度,4.05,9,True,False,核心指標 ×1.3,2026-07-22 17:46:29
植村秀,全能奇蹟金萃乳液,,乳液,膚況穩定度,4.11,3,False,False,,2026-07-22 17:46:29
植村秀,全能奇蹟金萃乳液,,乳液,致痘風險,1.2,2,False,False,⚠️ 樣本僅 2 則，參考性有限,2026-07-22 17:46:29
植村秀,全能奇蹟金萃乳液,,乳液,成分安全性,3.8,2,False,False,⚠️ 樣本僅 2 則，參考性有限,2026-07-22 17:46:29
植村秀,全能奇蹟金萃乳液,,乳液,功效顯著度,3.73,12,True,False,核心指標 ×1.3,2026-07-22 17:46:29
植村秀,全能奇蹟金萃乳液,,乳液,綜合評分,3.5,,,,排除 2 則業配/疑似業配、0 則商品不符,2026-07-22 17:46:29
資生堂,激抗痕亮采緊緻乳,,乳液,吸收滲透力,4.3,5,False,False,,2026-07-22 17:46:29
資生堂,激抗痕亮采緊緻乳,,乳液,保濕鎖水度,4.21,14,True,False,核心指標 ×1.3,2026-07-22 17:46:29
資生堂,激抗痕亮采緊緻乳,,乳液,清爽度,4.19,10,True,False,核心指標 ×1.3,2026-07-22 17:46:29
資生堂,激抗痕亮采緊緻乳,,乳液,膚況穩定度,4.3,6,False,False,,2026-07-22 17:46:29
資生堂,激抗痕亮采緊緻乳,,乳液,致痘風險,4.3,4,False,False,,2026-07-22 17:46:29
資生堂,激抗痕亮采緊緻乳,,乳液,成分安全性,4.19,4,False,False,,2026-07-22 17:46:29
資生堂,激抗痕亮采緊緻乳,,乳液,功效顯著度,4.19,18,True,False,核心指標 ×1.3,2026-07-22 17:46:29
資生堂,激抗痕亮采緊緻乳,,乳液,綜合評分,4.2,,,,排除 8 則業配/疑似業配、0 則商品不符,2026-07-22 17:46:29
M.A.C,妝前乳液,,乳液,吸收滲透力,3.96,4,False,False,,2026-07-22 17:46:29
M.A.C,妝前乳液,,乳液,保濕鎖水度,4.15,11,True,False,核心指標 ×1.3,2026-07-22 17:46:29
M.A.C,妝前乳液,,乳液,清爽度,4.05,4,True,False,核心指標 ×1.3,2026-07-22 17:46:29
M.A.C,妝前乳液,,乳液,膚況穩定度,3.81,9,False,False,,2026-07-22 17:46:29
M.A.C,妝前乳液,,乳液,致痘風險,,0,False,False,資料不足，評論中未提及此指標,2026-07-22 17:46:29
M.A.C,妝前乳液,,乳液,成分安全性,,0,False,False,資料不足，評論中未提及此指標,2026-07-22 17:46:29
M.A.C,妝前乳液,,乳液,功效顯著度,3.79,17,True,False,核心指標 ×1.3,2026-07-22 17:46:29
M.A.C,妝前乳液,,乳液,綜合評分,4.0,,,,排除 5 則業配/疑似業配、1 則商品不符,2026-07-22 17:46:29
YSL,極效活萃水感穩膚乳,,乳液,吸收滲透力,4.3,7,False,False,,2026-07-22 17:46:29
YSL,極效活萃水感穩膚乳,,乳液,保濕鎖水度,4.22,5,True,False,核心指標 ×1.3,2026-07-22 17:46:29
YSL,極效活萃水感穩膚乳,,乳液,清爽度,4.13,7,True,False,核心指標 ×1.3,2026-07-22 17:46:29
YSL,極效活萃水感穩膚乳,,乳液,膚況穩定度,4.04,21,False,False,,2026-07-22 17:46:29
YSL,極效活萃水感穩膚乳,,乳液,致痘風險,4.24,4,False,False,,2026-07-22 17:46:29
YSL,極效活萃水感穩膚乳,,乳液,成分安全性,3.86,7,False,False,,2026-07-22 17:46:29
YSL,極效活萃水感穩膚乳,,乳液,功效顯著度,4.39,5,True,False,核心指標 ×1.3,2026-07-22 17:46:29
YSL,極效活萃水感穩膚乳,,乳液,綜合評分,4.2,,,,排除 3 則業配/疑似業配、0 則商品不符,2026-07-22 17:46:29
DIOR,迪奧精萃再生光燦淨白修護乳,,乳液,吸收滲透力,4.3,1,False,False,⚠️ 樣本僅 2 則，參考性有限,2026-07-22 17:46:29
DIOR,迪奧精萃再生光燦淨白修護乳,,乳液,保濕鎖水度,4.3,1,True,False,⚠️ 樣本僅 2 則，參考性有限,2026-07-22 17:46:29
DIOR,迪奧精萃再生光燦淨白修護乳,,乳液,清爽度,3.98,3,True,False,核心指標 ×1.3,2026-07-22 17:46:29
DIOR,迪奧精萃再生光燦淨白修護乳,,乳液,膚況穩定度,3.8,2,False,False,⚠️ 樣本僅 2 則，參考性有限,2026-07-22 17:46:29
DIOR,迪奧精萃再生光燦淨白修護乳,,乳液,致痘風險,,0,False,False,資料不足，評論中未提及此指標,2026-07-22 17:46:29
DIOR,迪奧精萃再生光燦淨白修護乳,,乳液,成分安全性,4.3,1,False,False,⚠️ 樣本僅 2 則，參考性有限,2026-07-22 17:46:29
DIOR,迪奧精萃再生光燦淨白修護乳,,乳液,功效顯著度,3.05,5,True,False,核心指標 ×1.3,2026-07-22 17:46:29
DIOR,迪奧精萃再生光燦淨白修護乳,,乳液,綜合評分,3.9,,,,排除 5 則業配/疑似業配、17 則商品不符,2026-07-22 17:46:29
CHANEL,香奈兒山茶花保濕瞬透乳,,乳液,吸收滲透力,3.76,10,False,False,,2026-07-22 17:46:29
CHANEL,香奈兒山茶花保濕瞬透乳,,乳液,保濕鎖水度,3.99,14,True,False,核心指標 ×1.3,2026-07-22 17:46:29
CHANEL,香奈兒山茶花保濕瞬透乳,,乳液,清爽度,4.02,8,True,False,核心指標 ×1.3,2026-07-22 17:46:29
CHANEL,香奈兒山茶花保濕瞬透乳,,乳液,膚況穩定度,3.33,3,False,False,,2026-07-22 17:46:29
CHANEL,香奈兒山茶花保濕瞬透乳,,乳液,致痘風險,,0,False,False,資料不足，評論中未提及此指標,2026-07-22 17:46:29
CHANEL,香奈兒山茶花保濕瞬透乳,,乳液,成分安全性,3.1,1,False,False,⚠️ 樣本僅 2 則，參考性有限,2026-07-22 17:46:29
CHANEL,香奈兒山茶花保濕瞬透乳,,乳液,功效顯著度,3.14,11,True,False,核心指標 ×1.3,2026-07-22 17:46:29
CHANEL,香奈兒山茶花保濕瞬透乳,,乳液,綜合評分,3.6,,,,排除 1 則業配/疑似業配、4 則商品不符,2026-07-22 17:46:29
雅詩蘭黛,Revitalizing Supreme+ 年輕無敵膠原霜,乳霜款,乳液,吸收滲透力,,0,False,False,資料不足，評論中未提及此指標,2026-07-22 17:46:29
雅詩蘭黛,Revitalizing Supreme+ 年輕無敵膠原霜,乳霜款,乳液,保濕鎖水度,,0,True,False,資料不足，評論中未提及此指標,2026-07-22 17:46:29
雅詩蘭黛,Revitalizing Supreme+ 年輕無敵膠原霜,乳霜款,乳液,清爽度,,0,True,False,資料不足，評論中未提及此指標,2026-07-22 17:46:29
雅詩蘭黛,Revitalizing Supreme+ 年輕無敵膠原霜,乳霜款,乳液,膚況穩定度,,0,False,False,資料不足，評論中未提及此指標,2026-07-22 17:46:29
雅詩蘭黛,Revitalizing Supreme+ 年輕無敵膠原霜,乳霜款,乳液,致痘風險,,0,False,False,資料不足，評論中未提及此指標,2026-07-22 17:46:29
雅詩蘭黛,Revitalizing Supreme+ 年輕無敵膠原霜,乳霜款,乳液,成分安全性,,0,False,False,資料不足，評論中未提及此指標,2026-07-22 17:46:29
雅詩蘭黛,Revitalizing Supreme+ 年輕無敵膠原霜,乳霜款,乳液,功效顯著度,5.0,1,True,False,⚠️ 樣本僅 2 則，參考性有限 ⚠️ 有效評論樣本較少，結果僅供參考,2026-07-22 17:46:29
雅詩蘭黛,Revitalizing Supreme+ 年輕無敵膠原霜,乳霜款,乳液,綜合評分,5.0,,,,排除 8 則業配/疑似業配、0 則商品不符,2026-07-22 17:46:29
雅詩蘭黛,Revitalizing Supreme+ 年輕無敵膠原霜,滋潤款,乳液,吸收滲透力,,0,False,False,資料不足，評論中未提及此指標,2026-07-22 17:46:29
雅詩蘭黛,Revitalizing Supreme+ 年輕無敵膠原霜,滋潤款,乳液,保濕鎖水度,,0,True,False,資料不足，評論中未提及此指標,2026-07-22 17:46:29
雅詩蘭黛,Revitalizing Supreme+ 年輕無敵膠原霜,滋潤款,乳液,清爽度,,0,True,False,資料不足，評論中未提及此指標,2026-07-22 17:46:29
雅詩蘭黛,Revitalizing Supreme+ 年輕無敵膠原霜,滋潤款,乳液,膚況穩定度,,0,False,False,資料不足，評論中未提及此指標,2026-07-22 17:46:29
雅詩蘭黛,Revitalizing Supreme+ 年輕無敵膠原霜,滋潤款,乳液,致痘風險,,0,False,False,資料不足，評論中未提及此指標,2026-07-22 17:46:29
雅詩蘭黛,Revitalizing Supreme+ 年輕無敵膠原霜,滋潤款,乳液,成分安全性,,0,False,False,資料不足，評論中未提及此指標,2026-07-22 17:46:29
雅詩蘭黛,Revitalizing Supreme+ 年輕無敵膠原霜,滋潤款,乳液,功效顯著度,,0,True,False,資料不足，評論中未提及此指標,2026-07-22 17:46:29
雅詩蘭黛,Revitalizing Supreme+ 年輕無敵膠原霜,,乳液,吸收滲透力,4.17,4,False,False,,2026-07-22 17:46:29
雅詩蘭黛,Revitalizing Supreme+ 年輕無敵膠原霜,,乳液,保濕鎖水度,3.38,2,True,False,⚠️ 樣本僅 2 則且評論分歧，參考性有限,2026-07-22 17:46:29
雅詩蘭黛,Revitalizing Supreme+ 年輕無敵膠原霜,,乳液,清爽度,3.89,5,True,False,核心指標 ×1.3,2026-07-22 17:46:29
雅詩蘭黛,Revitalizing Supreme+ 年輕無敵膠原霜,,乳液,膚況穩定度,,0,False,False,資料不足，評論中未提及此指標,2026-07-22 17:46:29
雅詩蘭黛,Revitalizing Supreme+ 年輕無敵膠原霜,,乳液,致痘風險,,0,False,False,資料不足，評論中未提及此指標,2026-07-22 17:46:29
雅詩蘭黛,Revitalizing Supreme+ 年輕無敵膠原霜,,乳液,成分安全性,,0,False,False,資料不足，評論中未提及此指標,2026-07-22 17:46:29
雅詩蘭黛,Revitalizing Supreme+ 年輕無敵膠原霜,,乳液,功效顯著度,4.19,5,True,False,核心指標 ×1.3,2026-07-22 17:46:29
雅詩蘭黛,Revitalizing Supreme+ 年輕無敵膠原霜,,乳液,綜合評分,3.9,,,,排除 5 則業配/疑似業配、0 則商品不符,2026-07-22 17:46:29
蘭蔻,超極光亮白保濕精華乳,,乳液,吸收滲透力,4.3,5,False,False,,2026-07-22 17:46:29
蘭蔻,超極光亮白保濕精華乳,,乳液,保濕鎖水度,3.58,2,True,False,⚠️ 樣本僅 2 則且評論分歧，參考性有限,2026-07-22 17:46:29
蘭蔻,超極光亮白保濕精華乳,,乳液,清爽度,3.98,6,True,False,核心指標 ×1.3,2026-07-22 17:46:29
蘭蔻,超極光亮白保濕精華乳,,乳液,膚況穩定度,,0,False,False,資料不足，評論中未提及此指標,2026-07-22 17:46:29
蘭蔻,超極光亮白保濕精華乳,,乳液,致痘風險,3.27,3,False,False,,2026-07-22 17:46:29
蘭蔻,超極光亮白保濕精華乳,,乳液,成分安全性,,0,False,False,資料不足，評論中未提及此指標,2026-07-22 17:46:29
蘭蔻,超極光亮白保濕精華乳,,乳液,功效顯著度,4.27,13,True,False,核心指標 ×1.3,2026-07-22 17:46:29
蘭蔻,超極光亮白保濕精華乳,,乳液,綜合評分,3.9,,,,排除 14 則業配/疑似業配、0 則商品不符,2026-07-22 17:46:29
M.A.C,#231專業小型眼彩刷,,眼線刷,刷痕殘留度,,0,False,False,資料不足，評論中未提及此指標,2026-07-23 01:16:22
M.A.C,#231專業小型眼彩刷,,眼線刷,吃粉程度,,0,False,False,資料不足，評論中未提及此指標,2026-07-23 01:16:22
M.A.C,#231專業小型眼彩刷,,眼線刷,釋粉力,,0,False,False,資料不足，評論中未提及此指標,2026-07-23 01:16:22
M.A.C,#231專業小型眼彩刷,,眼線刷,刷毛彈性,,0,False,False,資料不足，評論中未提及此指標,2026-07-23 01:16:22
M.A.C,#231專業小型眼彩刷,,眼線刷,刷毛密度,,0,False,False,資料不足，評論中未提及此指標,2026-07-23 01:16:22
M.A.C,#231專業小型眼彩刷,,眼線刷,上妝順手度,,0,False,False,資料不足，評論中未提及此指標,2026-07-23 01:16:22
M.A.C,#231專業小型眼彩刷,,眼線刷,耐用度,,0,False,False,資料不足，評論中未提及此指標,2026-07-23 01:16:22
M.A.C,#231專業小型眼彩刷,,眼線刷,毛質觸感,,0,False,False,資料不足，評論中未提及此指標,2026-07-23 01:16:22
M.A.C,#231專業小型眼彩刷,,眼線刷,暈染均勻度,,0,False,False,資料不足，評論中未提及此指標,2026-07-23 01:16:22
M.A.C,#231專業小型眼彩刷,,眼線刷,顯色度,,0,False,False,資料不足，評論中未提及此指標,2026-07-23 01:16:22
YSL,斜面刷,,眼線刷,刷痕殘留度,,0,False,False,資料不足，評論中未提及此指標,2026-07-23 01:16:22
YSL,斜面刷,,眼線刷,吃粉程度,,0,False,False,資料不足，評論中未提及此指標,2026-07-23 01:16:22
YSL,斜面刷,,眼線刷,釋粉力,,0,False,False,資料不足，評論中未提及此指標,2026-07-23 01:16:22
YSL,斜面刷,,眼線刷,刷毛彈性,,0,False,False,資料不足，評論中未提及此指標,2026-07-23 01:16:22
YSL,斜面刷,,眼線刷,刷毛密度,,0,False,False,資料不足，評論中未提及此指標,2026-07-23 01:16:22
YSL,斜面刷,,眼線刷,上妝順手度,,0,False,False,資料不足，評論中未提及此指標,2026-07-23 01:16:22
YSL,斜面刷,,眼線刷,耐用度,,0,False,False,資料不足，評論中未提及此指標,2026-07-23 01:16:22
YSL,斜面刷,,眼線刷,毛質觸感,,0,False,False,資料不足，評論中未提及此指標,2026-07-23 01:16:22
YSL,斜面刷,,眼線刷,暈染均勻度,,0,False,False,資料不足，評論中未提及此指標,2026-07-23 01:16:22
YSL,斜面刷,,眼線刷,顯色度,,0,False,False,資料不足，評論中未提及此指標,2026-07-23 01:16:22
DIOR,迪奧專業後台眼線刷,,眼線刷,刷痕殘留度,,0,False,False,資料不足，評論中未提及此指標,2026-07-23 01:16:22
DIOR,迪奧專業後台眼線刷,,眼線刷,吃粉程度,,0,False,False,資料不足，評論中未提及此指標,2026-07-23 01:16:22
DIOR,迪奧專業後台眼線刷,,眼線刷,釋粉力,,0,False,False,資料不足，評論中未提及此指標,2026-07-23 01:16:22
DIOR,迪奧專業後台眼線刷,,眼線刷,刷毛彈性,,0,False,False,資料不足，評論中未提及此指標,2026-07-23 01:16:22
DIOR,迪奧專業後台眼線刷,,眼線刷,刷毛密度,,0,False,False,資料不足，評論中未提及此指標,2026-07-23 01:16:22
DIOR,迪奧專業後台眼線刷,,眼線刷,上妝順手度,,0,False,False,資料不足，評論中未提及此指標,2026-07-23 01:16:22
DIOR,迪奧專業後台眼線刷,,眼線刷,耐用度,,0,False,False,資料不足，評論中未提及此指標,2026-07-23 01:16:22
DIOR,迪奧專業後台眼線刷,,眼線刷,毛質觸感,,0,False,False,資料不足，評論中未提及此指標,2026-07-23 01:16:22
DIOR,迪奧專業後台眼線刷,,眼線刷,暈染均勻度,,0,False,False,資料不足，評論中未提及此指標,2026-07-23 01:16:22
DIOR,迪奧專業後台眼線刷,,眼線刷,顯色度,,0,False,False,資料不足，評論中未提及此指標,2026-07-23 01:16:22
CHANEL,Nº206香奈兒斜角眼線刷,,眼線刷,刷痕殘留度,,0,False,False,資料不足，評論中未提及此指標,2026-07-23 01:16:22
CHANEL,Nº206香奈兒斜角眼線刷,,眼線刷,吃粉程度,,0,False,False,資料不足，評論中未提及此指標,2026-07-23 01:16:22
CHANEL,Nº206香奈兒斜角眼線刷,,眼線刷,釋粉力,,0,False,False,資料不足，評論中未提及此指標,2026-07-23 01:16:22
CHANEL,Nº206香奈兒斜角眼線刷,,眼線刷,刷毛彈性,,0,False,False,資料不足，評論中未提及此指標,2026-07-23 01:16:22
CHANEL,Nº206香奈兒斜角眼線刷,,眼線刷,刷毛密度,,0,False,False,資料不足，評論中未提及此指標,2026-07-23 01:16:22
CHANEL,Nº206香奈兒斜角眼線刷,,眼線刷,上妝順手度,,0,False,False,資料不足，評論中未提及此指標,2026-07-23 01:16:22
CHANEL,Nº206香奈兒斜角眼線刷,,眼線刷,耐用度,,0,False,False,資料不足，評論中未提及此指標,2026-07-23 01:16:22
CHANEL,Nº206香奈兒斜角眼線刷,,眼線刷,毛質觸感,,0,False,False,資料不足，評論中未提及此指標,2026-07-23 01:16:22
CHANEL,Nº206香奈兒斜角眼線刷,,眼線刷,暈染均勻度,,0,False,False,資料不足，評論中未提及此指標,2026-07-23 01:16:22
CHANEL,Nº206香奈兒斜角眼線刷,,眼線刷,顯色度,,0,False,False,資料不足，評論中未提及此指標,2026-07-23 01:16:22
MAKE UP FOREVER,折角眼線刷#260,,眼線刷,刷痕殘留度,,0,False,False,資料不足，評論中未提及此指標,2026-07-23 01:16:22
MAKE UP FOREVER,折角眼線刷#260,,眼線刷,吃粉程度,,0,False,False,資料不足，評論中未提及此指標,2026-07-23 01:16:22
MAKE UP FOREVER,折角眼線刷#260,,眼線刷,釋粉力,,0,False,False,資料不足，評論中未提及此指標,2026-07-23 01:16:22
MAKE UP FOREVER,折角眼線刷#260,,眼線刷,刷毛彈性,,0,False,False,資料不足，評論中未提及此指標,2026-07-23 01:16:22
MAKE UP FOREVER,折角眼線刷#260,,眼線刷,刷毛密度,,0,False,False,資料不足，評論中未提及此指標,2026-07-23 01:16:22
MAKE UP FOREVER,折角眼線刷#260,,眼線刷,上妝順手度,,0,False,False,資料不足，評論中未提及此指標,2026-07-23 01:16:22
MAKE UP FOREVER,折角眼線刷#260,,眼線刷,耐用度,,0,False,False,資料不足，評論中未提及此指標,2026-07-23 01:16:22
MAKE UP FOREVER,折角眼線刷#260,,眼線刷,毛質觸感,,0,False,False,資料不足，評論中未提及此指標,2026-07-23 01:16:22
MAKE UP FOREVER,折角眼線刷#260,,眼線刷,暈染均勻度,,0,False,False,資料不足，評論中未提及此指標,2026-07-23 01:16:22
MAKE UP FOREVER,折角眼線刷#260,,眼線刷,顯色度,,0,False,False,資料不足，評論中未提及此指標,2026-07-23 01:16:22
Bobbi Brown,精細眼線刷,,眼線刷,刷痕殘留度,,0,False,False,資料不足，評論中未提及此指標,2026-07-23 01:16:22
Bobbi Brown,精細眼線刷,,眼線刷,吃粉程度,,0,False,False,資料不足，評論中未提及此指標,2026-07-23 01:16:22
Bobbi Brown,精細眼線刷,,眼線刷,釋粉力,,0,False,False,資料不足，評論中未提及此指標,2026-07-23 01:16:22
Bobbi Brown,精細眼線刷,,眼線刷,刷毛彈性,,0,False,False,資料不足，評論中未提及此指標,2026-07-23 01:16:22
Bobbi Brown,精細眼線刷,,眼線刷,刷毛密度,,0,False,False,資料不足，評論中未提及此指標,2026-07-23 01:16:22
Bobbi Brown,精細眼線刷,,眼線刷,上妝順手度,,0,False,False,資料不足，評論中未提及此指標,2026-07-23 01:16:22
Bobbi Brown,精細眼線刷,,眼線刷,耐用度,,0,False,False,資料不足，評論中未提及此指標,2026-07-23 01:16:22
Bobbi Brown,精細眼線刷,,眼線刷,毛質觸感,,0,False,False,資料不足，評論中未提及此指標,2026-07-23 01:16:22
Bobbi Brown,精細眼線刷,,眼線刷,暈染均勻度,,0,False,False,資料不足，評論中未提及此指標,2026-07-23 01:16:22
Bobbi Brown,精細眼線刷,,眼線刷,顯色度,,0,False,False,資料不足，評論中未提及此指標,2026-07-23 01:16:22
植村秀,自然瞬翹專業睫毛夾,,睫毛夾,眼型契合度,,0,False,False,資料不足，評論中未提及此指標,2026-07-23 01:16:22
植村秀,自然瞬翹專業睫毛夾,,睫毛夾,夾翹持久力,,0,False,False,資料不足，評論中未提及此指標,2026-07-23 01:16:22
植村秀,自然瞬翹專業睫毛夾,,睫毛夾,膠墊彈力,,0,False,False,資料不足，評論中未提及此指標,2026-07-23 01:16:22
植村秀,自然瞬翹專業睫毛夾,,睫毛夾,施力手感設計,,0,False,False,資料不足，評論中未提及此指標,2026-07-23 01:16:22
植村秀,自然瞬翹專業睫毛夾,,睫毛夾,死角兼顧度,,0,False,False,資料不足，評論中未提及此指標,2026-07-23 01:16:22
M.A.C,專業後台睫毛夾,,睫毛夾,眼型契合度,,0,False,False,資料不足，評論中未提及此指標,2026-07-23 01:16:22
M.A.C,專業後台睫毛夾,,睫毛夾,夾翹持久力,,0,False,False,資料不足，評論中未提及此指標,2026-07-23 01:16:22
M.A.C,專業後台睫毛夾,,睫毛夾,膠墊彈力,,0,False,False,資料不足，評論中未提及此指標,2026-07-23 01:16:22
M.A.C,專業後台睫毛夾,,睫毛夾,施力手感設計,,0,False,False,資料不足，評論中未提及此指標,2026-07-23 01:16:22
M.A.C,專業後台睫毛夾,,睫毛夾,死角兼顧度,,0,False,False,資料不足，評論中未提及此指標,2026-07-23 01:16:22
DIOR,迪奧專業後台飛翹睫毛夾,,睫毛夾,眼型契合度,,0,False,False,資料不足，評論中未提及此指標,2026-07-23 01:16:22
DIOR,迪奧專業後台飛翹睫毛夾,,睫毛夾,夾翹持久力,,0,False,False,資料不足，評論中未提及此指標,2026-07-23 01:16:22
DIOR,迪奧專業後台飛翹睫毛夾,,睫毛夾,膠墊彈力,,0,False,False,資料不足，評論中未提及此指標,2026-07-23 01:16:22
DIOR,迪奧專業後台飛翹睫毛夾,,睫毛夾,施力手感設計,,0,False,False,資料不足，評論中未提及此指標,2026-07-23 01:16:22
DIOR,迪奧專業後台飛翹睫毛夾,,睫毛夾,死角兼顧度,,0,False,False,資料不足，評論中未提及此指標,2026-07-23 01:16:22
CHANEL,香奈兒極致卷翹睫毛夾,,睫毛夾,眼型契合度,,0,False,False,資料不足，評論中未提及此指標,2026-07-23 01:16:22
CHANEL,香奈兒極致卷翹睫毛夾,,睫毛夾,夾翹持久力,,0,False,False,資料不足，評論中未提及此指標,2026-07-23 01:16:22
CHANEL,香奈兒極致卷翹睫毛夾,,睫毛夾,膠墊彈力,,0,False,False,資料不足，評論中未提及此指標,2026-07-23 01:16:22
CHANEL,香奈兒極致卷翹睫毛夾,,睫毛夾,施力手感設計,,0,False,False,資料不足，評論中未提及此指標,2026-07-23 01:16:22
CHANEL,香奈兒極致卷翹睫毛夾,,睫毛夾,死角兼顧度,,0,False,False,資料不足，評論中未提及此指標,2026-07-23 01:16:22
M.A.C,假睫毛#4,,假睫毛,配戴舒適度,,0,False,False,資料不足，評論中未提及此指標,2026-07-23 01:16:22
M.A.C,假睫毛#4,,假睫毛,造型仿真度,,0,False,False,資料不足，評論中未提及此指標,2026-07-23 01:16:22
M.A.C,假睫毛#4,,假睫毛,睫毛梗部設計,,0,False,False,資料不足，評論中未提及此指標,2026-07-23 01:16:22
M.A.C,假睫毛#4,,假睫毛,牢固力,,0,False,False,資料不足，評論中未提及此指標,2026-07-23 01:16:22
M.A.C,假睫毛#4,,假睫毛,上手操作便利性,,0,False,False,資料不足，評論中未提及此指標,2026-07-23 01:16:22
M.A.C,假睫毛#4,,假睫毛,重複使用率,,0,False,False,資料不足，評論中未提及此指標,2026-07-23 01:16:22
植村秀,專業唇刷 6F,,唇刷,刷痕殘留度,,0,False,False,資料不足，評論中未提及此指標,2026-07-23 01:16:22
植村秀,專業唇刷 6F,,唇刷,吃粉程度,,0,False,False,資料不足，評論中未提及此指標,2026-07-23 01:16:22
植村秀,專業唇刷 6F,,唇刷,釋粉力,,0,False,False,資料不足，評論中未提及此指標,2026-07-23 01:16:22
植村秀,專業唇刷 6F,,唇刷,刷毛彈性,,0,False,False,資料不足，評論中未提及此指標,2026-07-23 01:16:22
植村秀,專業唇刷 6F,,唇刷,刷毛密度,,0,False,False,資料不足，評論中未提及此指標,2026-07-23 01:16:22
植村秀,專業唇刷 6F,,唇刷,上妝順手度,,0,False,False,資料不足，評論中未提及此指標,2026-07-23 01:16:22
植村秀,專業唇刷 6F,,唇刷,耐用度,,0,False,False,資料不足，評論中未提及此指標,2026-07-23 01:16:22
植村秀,專業唇刷 6F,,唇刷,毛質觸感,,0,False,False,資料不足，評論中未提及此指標,2026-07-23 01:16:22
植村秀,專業唇刷 6F,,唇刷,暈染均勻度,,0,False,False,資料不足，評論中未提及此指標,2026-07-23 01:16:22
植村秀,專業唇刷 6F,,唇刷,顯色度,,0,False,False,資料不足，評論中未提及此指標,2026-07-23 01:16:22
M.A.C,#316時尚附蓋式唇刷,,唇刷,刷痕殘留度,,0,False,False,資料不足，評論中未提及此指標,2026-07-23 01:16:22
M.A.C,#316時尚附蓋式唇刷,,唇刷,吃粉程度,,0,False,False,資料不足，評論中未提及此指標,2026-07-23 01:16:22
M.A.C,#316時尚附蓋式唇刷,,唇刷,釋粉力,,0,False,False,資料不足，評論中未提及此指標,2026-07-23 01:16:22
M.A.C,#316時尚附蓋式唇刷,,唇刷,刷毛彈性,,0,False,False,資料不足，評論中未提及此指標,2026-07-23 01:16:22
M.A.C,#316時尚附蓋式唇刷,,唇刷,刷毛密度,,0,False,False,資料不足，評論中未提及此指標,2026-07-23 01:16:22
M.A.C,#316時尚附蓋式唇刷,,唇刷,上妝順手度,,0,False,False,資料不足，評論中未提及此指標,2026-07-23 01:16:22
M.A.C,#316時尚附蓋式唇刷,,唇刷,耐用度,,0,False,False,資料不足，評論中未提及此指標,2026-07-23 01:16:22
M.A.C,#316時尚附蓋式唇刷,,唇刷,毛質觸感,,0,False,False,資料不足，評論中未提及此指標,2026-07-23 01:16:22
M.A.C,#316時尚附蓋式唇刷,,唇刷,暈染均勻度,,0,False,False,資料不足，評論中未提及此指標,2026-07-23 01:16:22
M.A.C,#316時尚附蓋式唇刷,,唇刷,顯色度,,0,False,False,資料不足，評論中未提及此指標,2026-07-23 01:16:22
DIOR,迪奧專業後台唇刷,,唇刷,刷痕殘留度,,0,False,False,資料不足，評論中未提及此指標,2026-07-23 01:16:22
DIOR,迪奧專業後台唇刷,,唇刷,吃粉程度,,0,False,False,資料不足，評論中未提及此指標,2026-07-23 01:16:22
DIOR,迪奧專業後台唇刷,,唇刷,釋粉力,,0,False,False,資料不足，評論中未提及此指標,2026-07-23 01:16:22
DIOR,迪奧專業後台唇刷,,唇刷,刷毛彈性,,0,False,False,資料不足，評論中未提及此指標,2026-07-23 01:16:22
DIOR,迪奧專業後台唇刷,,唇刷,刷毛密度,,0,False,False,資料不足，評論中未提及此指標,2026-07-23 01:16:22
DIOR,迪奧專業後台唇刷,,唇刷,上妝順手度,,0,False,False,資料不足，評論中未提及此指標,2026-07-23 01:16:22
DIOR,迪奧專業後台唇刷,,唇刷,耐用度,,0,False,False,資料不足，評論中未提及此指標,2026-07-23 01:16:22
DIOR,迪奧專業後台唇刷,,唇刷,毛質觸感,,0,False,False,資料不足，評論中未提及此指標,2026-07-23 01:16:22
DIOR,迪奧專業後台唇刷,,唇刷,暈染均勻度,,0,False,False,資料不足，評論中未提及此指標,2026-07-23 01:16:22
DIOR,迪奧專業後台唇刷,,唇刷,顯色度,,0,False,False,資料不足，評論中未提及此指標,2026-07-23 01:16:22
CHANEL,Nº300香奈兒雙重唇刷,,唇刷,刷痕殘留度,,0,False,False,資料不足，評論中未提及此指標,2026-07-23 01:16:22
CHANEL,Nº300香奈兒雙重唇刷,,唇刷,吃粉程度,,0,False,False,資料不足，評論中未提及此指標,2026-07-23 01:16:22
CHANEL,Nº300香奈兒雙重唇刷,,唇刷,釋粉力,,0,False,False,資料不足，評論中未提及此指標,2026-07-23 01:16:22
CHANEL,Nº300香奈兒雙重唇刷,,唇刷,刷毛彈性,,0,False,False,資料不足，評論中未提及此指標,2026-07-23 01:16:22
CHANEL,Nº300香奈兒雙重唇刷,,唇刷,刷毛密度,,0,False,False,資料不足，評論中未提及此指標,2026-07-23 01:16:22
CHANEL,Nº300香奈兒雙重唇刷,,唇刷,上妝順手度,,0,False,False,資料不足，評論中未提及此指標,2026-07-23 01:16:22
CHANEL,Nº300香奈兒雙重唇刷,,唇刷,耐用度,,0,False,False,資料不足，評論中未提及此指標,2026-07-23 01:16:22
CHANEL,Nº300香奈兒雙重唇刷,,唇刷,毛質觸感,,0,False,False,資料不足，評論中未提及此指標,2026-07-23 01:16:22
CHANEL,Nº300香奈兒雙重唇刷,,唇刷,暈染均勻度,,0,False,False,資料不足，評論中未提及此指標,2026-07-23 01:16:22
CHANEL,Nº300香奈兒雙重唇刷,,唇刷,顯色度,,0,False,False,資料不足，評論中未提及此指標,2026-07-23 01:16:22
MAKE UP FOREVER,攜帶式唇刷 #304,,唇刷,刷痕殘留度,,0,False,False,資料不足，評論中未提及此指標,2026-07-23 01:16:22
MAKE UP FOREVER,攜帶式唇刷 #304,,唇刷,吃粉程度,,0,False,False,資料不足，評論中未提及此指標,2026-07-23 01:16:22
MAKE UP FOREVER,攜帶式唇刷 #304,,唇刷,釋粉力,,0,False,False,資料不足，評論中未提及此指標,2026-07-23 01:16:22
MAKE UP FOREVER,攜帶式唇刷 #304,,唇刷,刷毛彈性,,0,False,False,資料不足，評論中未提及此指標,2026-07-23 01:16:22
MAKE UP FOREVER,攜帶式唇刷 #304,,唇刷,刷毛密度,,0,False,False,資料不足，評論中未提及此指標,2026-07-23 01:16:22
MAKE UP FOREVER,攜帶式唇刷 #304,,唇刷,上妝順手度,,0,False,False,資料不足，評論中未提及此指標,2026-07-23 01:16:22
MAKE UP FOREVER,攜帶式唇刷 #304,,唇刷,耐用度,,0,False,False,資料不足，評論中未提及此指標,2026-07-23 01:16:22
MAKE UP FOREVER,攜帶式唇刷 #304,,唇刷,毛質觸感,,0,False,False,資料不足，評論中未提及此指標,2026-07-23 01:16:22
MAKE UP FOREVER,攜帶式唇刷 #304,,唇刷,暈染均勻度,,0,False,False,資料不足，評論中未提及此指標,2026-07-23 01:16:22
MAKE UP FOREVER,攜帶式唇刷 #304,,唇刷,顯色度,,0,False,False,資料不足，評論中未提及此指標,2026-07-23 01:16:22
植村秀,全能奇蹟金萃乳霜,琥珀臻萃精華面霜,面霜,吸收滲透力,4.71,2,False,False,⚠️ 樣本僅 2 則且評論分歧，參考性有限,2026-07-28 16:12:24
植村秀,全能奇蹟金萃乳霜,琥珀臻萃精華面霜,面霜,保濕鎖水度,2.63,1,True,False,⚠️ 樣本僅 2 則，參考性有限,2026-07-28 16:12:24
植村秀,全能奇蹟金萃乳霜,琥珀臻萃精華面霜,面霜,清爽度,2.63,1,False,False,⚠️ 樣本僅 2 則，參考性有限,2026-07-28 16:12:24
植村秀,全能奇蹟金萃乳霜,琥珀臻萃精華面霜,面霜,膚況穩定度,,0,True,False,資料不足，評論中未提及此指標,2026-07-28 16:12:24
植村秀,全能奇蹟金萃乳霜,琥珀臻萃精華面霜,面霜,致痘風險,,0,False,False,資料不足，評論中未提及此指標,2026-07-28 16:12:24
植村秀,全能奇蹟金萃乳霜,琥珀臻萃精華面霜,面霜,成分配方,,0,False,False,資料不足，評論中未提及此指標,2026-07-28 16:12:24
植村秀,全能奇蹟金萃乳霜,琥珀臻萃精華面霜,面霜,功效顯著度,4.03,2,True,False,⚠️ 樣本僅 2 則且評論分歧，參考性有限,2026-07-28 16:12:24
植村秀,全能奇蹟金萃乳霜,琥珀臻萃精華面霜,面霜,修復改善,,0,False,False,資料不足，評論中未提及此指標,2026-07-28 16:12:24
植村秀,全能奇蹟金萃乳霜,琥珀臻萃精華面霜,面霜,綜合評分,3.6,,,,排除 0 則業配/疑似業配、0 則商品不符,2026-07-28 16:12:24
植村秀,全能奇蹟金萃乳霜,,面霜,吸收滲透力,4.67,8,False,False,,2026-07-28 16:12:24
植村秀,全能奇蹟金萃乳霜,,面霜,保濕鎖水度,4.87,10,True,False,核心指標 ×1.3,2026-07-28 16:12:24
植村秀,全能奇蹟金萃乳霜,,面霜,清爽度,2.65,5,False,False,,2026-07-28 16:12:24
植村秀,全能奇蹟金萃乳霜,,面霜,膚況穩定度,4.79,4,True,False,核心指標 ×1.3,2026-07-28 16:12:24
植村秀,全能奇蹟金萃乳霜,,面霜,致痘風險,,0,False,False,資料不足，評論中未提及此指標,2026-07-28 16:12:24
植村秀,全能奇蹟金萃乳霜,,面霜,成分配方,4.3,8,False,False,,2026-07-28 16:12:24
植村秀,全能奇蹟金萃乳霜,,面霜,功效顯著度,4.66,7,True,False,核心指標 ×1.3,2026-07-28 16:12:24
植村秀,全能奇蹟金萃乳霜,,面霜,修復改善,4.94,4,False,False,,2026-07-28 16:12:24
植村秀,全能奇蹟金萃乳霜,,面霜,綜合評分,4.5,,,,排除 0 則業配/疑似業配、16 則商品不符,2026-07-28 16:12:24
資生堂,資生堂百優精純乳霜,,面霜,吸收滲透力,5.0,4,False,False,,2026-07-28 16:12:24
資生堂,資生堂百優精純乳霜,,面霜,保濕鎖水度,4.25,13,True,False,核心指標 ×1.3,2026-07-28 16:12:24
資生堂,資生堂百優精純乳霜,,面霜,清爽度,4.22,9,False,False,,2026-07-28 16:12:24
資生堂,資生堂百優精純乳霜,,面霜,膚況穩定度,4.16,9,True,False,核心指標 ×1.3,2026-07-28 16:12:24
資生堂,資生堂百優精純乳霜,,面霜,致痘風險,4.94,1,False,False,⚠️ 樣本僅 2 則，參考性有限,2026-07-28 16:12:24
資生堂,資生堂百優精純乳霜,,面霜,成分配方,2.04,4,False,False,,2026-07-28 16:12:24
資生堂,資生堂百優精純乳霜,,面霜,功效顯著度,3.45,10,True,False,核心指標 ×1.3,2026-07-28 16:12:24
資生堂,資生堂百優精純乳霜,,面霜,修復改善,4.94,3,False,False,,2026-07-28 16:12:24
資生堂,資生堂百優精純乳霜,,面霜,綜合評分,4.1,,,,排除 12 則業配/疑似業配、1 則商品不符,2026-07-28 16:12:24
M.A.C,超奇肌嫩顏花瓣霜,,面霜,吸收滲透力,4.94,3,False,False,,2026-07-28 16:12:24
M.A.C,超奇肌嫩顏花瓣霜,,面霜,保濕鎖水度,4.83,4,True,False,核心指標 ×1.3,2026-07-28 16:12:24
M.A.C,超奇肌嫩顏花瓣霜,,面霜,清爽度,4.11,4,False,False,,2026-07-28 16:12:24
M.A.C,超奇肌嫩顏花瓣霜,,面霜,膚況穩定度,4.94,2,True,False,⚠️ 樣本僅 2 則，參考性有限,2026-07-28 16:12:24
M.A.C,超奇肌嫩顏花瓣霜,,面霜,致痘風險,,0,False,False,資料不足，評論中未提及此指標,2026-07-28 16:12:24
M.A.C,超奇肌嫩顏花瓣霜,,面霜,成分配方,2.24,3,False,False,,2026-07-28 16:12:24
M.A.C,超奇肌嫩顏花瓣霜,,面霜,功效顯著度,3.86,6,True,False,核心指標 ×1.3,2026-07-28 16:12:24
M.A.C,超奇肌嫩顏花瓣霜,,面霜,修復改善,4.94,1,False,False,⚠️ 樣本僅 2 則，參考性有限,2026-07-28 16:12:24
M.A.C,超奇肌嫩顏花瓣霜,,面霜,綜合評分,4.3,,,,排除 4 則業配/疑似業配、17 則商品不符,2026-07-28 16:12:24
YSL,金緻奢華賦活乳霜經典版,,面霜,吸收滲透力,4.33,8,False,False,,2026-07-28 16:12:24
YSL,金緻奢華賦活乳霜經典版,,面霜,保濕鎖水度,3.61,5,True,False,核心指標 ×1.3,2026-07-28 16:12:24
YSL,金緻奢華賦活乳霜經典版,,面霜,清爽度,4.17,4,False,False,,2026-07-28 16:12:24
YSL,金緻奢華賦活乳霜經典版,,面霜,膚況穩定度,4.49,5,True,False,核心指標 ×1.3,2026-07-28 16:12:24
YSL,金緻奢華賦活乳霜經典版,,面霜,致痘風險,4.94,1,False,False,⚠️ 樣本僅 2 則，參考性有限,2026-07-28 16:12:24
YSL,金緻奢華賦活乳霜經典版,,面霜,成分配方,4.94,2,False,False,⚠️ 樣本僅 2 則，參考性有限,2026-07-28 16:12:24
YSL,金緻奢華賦活乳霜經典版,,面霜,功效顯著度,3.81,6,True,False,核心指標 ×1.3,2026-07-28 16:12:24
YSL,金緻奢華賦活乳霜經典版,,面霜,修復改善,4.48,4,False,False,,2026-07-28 16:12:24
YSL,金緻奢華賦活乳霜經典版,,面霜,綜合評分,4.3,,,,排除 12 則業配/疑似業配、4 則商品不符,2026-07-28 16:12:24
DIOR,迪奧精萃再生玫瑰賦活乳霜,經典款,面霜,吸收滲透力,,0,False,False,資料不足，評論中未提及此指標,2026-07-28 16:12:24
DIOR,迪奧精萃再生玫瑰賦活乳霜,經典款,面霜,保濕鎖水度,,0,True,False,資料不足，評論中未提及此指標,2026-07-28 16:12:24
DIOR,迪奧精萃再生玫瑰賦活乳霜,經典款,面霜,清爽度,,0,False,False,資料不足，評論中未提及此指標,2026-07-28 16:12:24
DIOR,迪奧精萃再生玫瑰賦活乳霜,經典款,面霜,膚況穩定度,,0,True,False,資料不足，評論中未提及此指標,2026-07-28 16:12:24
DIOR,迪奧精萃再生玫瑰賦活乳霜,經典款,面霜,致痘風險,,0,False,False,資料不足，評論中未提及此指標,2026-07-28 16:12:24
DIOR,迪奧精萃再生玫瑰賦活乳霜,經典款,面霜,成分配方,,0,False,False,資料不足，評論中未提及此指標,2026-07-28 16:12:24
DIOR,迪奧精萃再生玫瑰賦活乳霜,經典款,面霜,功效顯著度,,0,True,False,資料不足，評論中未提及此指標,2026-07-28 16:12:24
DIOR,迪奧精萃再生玫瑰賦活乳霜,經典款,面霜,修復改善,,0,False,False,資料不足，評論中未提及此指標,2026-07-28 16:12:24
DIOR,迪奧精萃再生玫瑰賦活乳霜,經典版,面霜,吸收滲透力,,0,False,False,資料不足，評論中未提及此指標,2026-07-28 16:12:24
DIOR,迪奧精萃再生玫瑰賦活乳霜,經典版,面霜,保濕鎖水度,,0,True,False,資料不足，評論中未提及此指標,2026-07-28 16:12:24
DIOR,迪奧精萃再生玫瑰賦活乳霜,經典版,面霜,清爽度,,0,False,False,資料不足，評論中未提及此指標,2026-07-28 16:12:24
DIOR,迪奧精萃再生玫瑰賦活乳霜,經典版,面霜,膚況穩定度,,0,True,False,資料不足，評論中未提及此指標,2026-07-28 16:12:24
DIOR,迪奧精萃再生玫瑰賦活乳霜,經典版,面霜,致痘風險,,0,False,False,資料不足，評論中未提及此指標,2026-07-28 16:12:24
DIOR,迪奧精萃再生玫瑰賦活乳霜,經典版,面霜,成分配方,,0,False,False,資料不足，評論中未提及此指標,2026-07-28 16:12:24
DIOR,迪奧精萃再生玫瑰賦活乳霜,經典版,面霜,功效顯著度,,0,True,False,資料不足，評論中未提及此指標,2026-07-28 16:12:24
DIOR,迪奧精萃再生玫瑰賦活乳霜,經典版,面霜,修復改善,,0,False,False,資料不足，評論中未提及此指標,2026-07-28 16:12:24
DIOR,迪奧精萃再生玫瑰賦活乳霜,,面霜,吸收滲透力,3.65,3,False,False,,2026-07-28 16:12:24
DIOR,迪奧精萃再生玫瑰賦活乳霜,,面霜,保濕鎖水度,4.94,4,True,False,核心指標 ×1.3,2026-07-28 16:12:24
DIOR,迪奧精萃再生玫瑰賦活乳霜,,面霜,清爽度,4.03,4,False,False,,2026-07-28 16:12:24
DIOR,迪奧精萃再生玫瑰賦活乳霜,,面霜,膚況穩定度,4.37,1,True,False,⚠️ 樣本僅 2 則，參考性有限,2026-07-28 16:12:24
DIOR,迪奧精萃再生玫瑰賦活乳霜,,面霜,致痘風險,,0,False,False,資料不足，評論中未提及此指標,2026-07-28 16:12:24
DIOR,迪奧精萃再生玫瑰賦活乳霜,,面霜,成分配方,3.5,1,False,False,⚠️ 樣本僅 2 則，參考性有限,2026-07-28 16:12:24
DIOR,迪奧精萃再生玫瑰賦活乳霜,,面霜,功效顯著度,4.34,7,True,False,核心指標 ×1.3,2026-07-28 16:12:24
DIOR,迪奧精萃再生玫瑰賦活乳霜,,面霜,修復改善,4.37,1,False,False,⚠️ 樣本僅 2 則，參考性有限,2026-07-28 16:12:24
DIOR,迪奧精萃再生玫瑰賦活乳霜,,面霜,綜合評分,4.2,,,,排除 15 則業配/疑似業配、0 則商品不符,2026-07-28 16:12:24
CHANEL,香奈兒山茶花保濕微滴水凝霜,,面霜,吸收滲透力,4.94,1,False,False,⚠️ 樣本僅 2 則，參考性有限,2026-07-28 16:12:24
CHANEL,香奈兒山茶花保濕微滴水凝霜,,面霜,保濕鎖水度,4.31,8,True,False,核心指標 ×1.3,2026-07-28 16:12:24
CHANEL,香奈兒山茶花保濕微滴水凝霜,,面霜,清爽度,4.82,9,False,False,,2026-07-28 16:12:24
CHANEL,香奈兒山茶花保濕微滴水凝霜,,面霜,膚況穩定度,1.74,4,True,False,核心指標 ×1.3,2026-07-28 16:12:24
CHANEL,香奈兒山茶花保濕微滴水凝霜,,面霜,致痘風險,1.3,4,False,False,,2026-07-28 16:12:24
CHANEL,香奈兒山茶花保濕微滴水凝霜,,面霜,成分配方,1.63,2,False,False,⚠️ 樣本僅 2 則且評論分歧，參考性有限,2026-07-28 16:12:24
CHANEL,香奈兒山茶花保濕微滴水凝霜,,面霜,功效顯著度,3.0,4,True,False,核心指標 ×1.3,2026-07-28 16:12:24
CHANEL,香奈兒山茶花保濕微滴水凝霜,,面霜,修復改善,,0,False,False,資料不足，評論中未提及此指標,2026-07-28 16:12:24
CHANEL,香奈兒山茶花保濕微滴水凝霜,,面霜,綜合評分,3.2,,,,排除 7 則業配/疑似業配、8 則商品不符,2026-07-28 16:12:24
雅詩蘭黛,Revitalizing Supreme+ 年輕無敵一夜修護膠原霜,,面霜,吸收滲透力,2.63,1,False,False,⚠️ 樣本僅 2 則，參考性有限,2026-07-28 16:12:24
雅詩蘭黛,Revitalizing Supreme+ 年輕無敵一夜修護膠原霜,,面霜,保濕鎖水度,2.72,2,True,False,⚠️ 樣本僅 2 則且評論分歧，參考性有限,2026-07-28 16:12:24
雅詩蘭黛,Revitalizing Supreme+ 年輕無敵一夜修護膠原霜,,面霜,清爽度,1.02,1,False,False,⚠️ 樣本僅 2 則，參考性有限,2026-07-28 16:12:24
雅詩蘭黛,Revitalizing Supreme+ 年輕無敵一夜修護膠原霜,,面霜,膚況穩定度,3.5,2,True,False,⚠️ 樣本僅 2 則，參考性有限,2026-07-28 16:12:24
雅詩蘭黛,Revitalizing Supreme+ 年輕無敵一夜修護膠原霜,,面霜,致痘風險,,0,False,False,資料不足，評論中未提及此指標,2026-07-28 16:12:24
雅詩蘭黛,Revitalizing Supreme+ 年輕無敵一夜修護膠原霜,,面霜,成分配方,,0,False,False,資料不足，評論中未提及此指標,2026-07-28 16:12:24
雅詩蘭黛,Revitalizing Supreme+ 年輕無敵一夜修護膠原霜,,面霜,功效顯著度,3.5,1,True,False,⚠️ 樣本僅 2 則，參考性有限,2026-07-28 16:12:24
雅詩蘭黛,Revitalizing Supreme+ 年輕無敵一夜修護膠原霜,,面霜,修復改善,1.67,2,False,False,⚠️ 樣本僅 2 則且評論分歧，參考性有限,2026-07-28 16:12:24
雅詩蘭黛,Revitalizing Supreme+ 年輕無敵一夜修護膠原霜,,面霜,綜合評分,2.6,,,,排除 19 則業配/疑似業配、6 則商品不符,2026-07-28 16:12:24
蘭蔻,絕對完美永生玫瑰逆齡乳霜,輕盈版,面霜,吸收滲透力,,0,False,False,資料不足，評論中未提及此指標,2026-07-28 16:12:24
蘭蔻,絕對完美永生玫瑰逆齡乳霜,輕盈版,面霜,保濕鎖水度,,0,True,False,資料不足，評論中未提及此指標,2026-07-28 16:12:24
蘭蔻,絕對完美永生玫瑰逆齡乳霜,輕盈版,面霜,清爽度,,0,False,False,資料不足，評論中未提及此指標,2026-07-28 16:12:24
蘭蔻,絕對完美永生玫瑰逆齡乳霜,輕盈版,面霜,膚況穩定度,,0,True,False,資料不足，評論中未提及此指標,2026-07-28 16:12:24
蘭蔻,絕對完美永生玫瑰逆齡乳霜,輕盈版,面霜,致痘風險,,0,False,False,資料不足，評論中未提及此指標,2026-07-28 16:12:24
蘭蔻,絕對完美永生玫瑰逆齡乳霜,輕盈版,面霜,成分配方,,0,False,False,資料不足，評論中未提及此指標,2026-07-28 16:12:24
蘭蔻,絕對完美永生玫瑰逆齡乳霜,輕盈版,面霜,功效顯著度,,0,True,False,資料不足，評論中未提及此指標,2026-07-28 16:12:24
蘭蔻,絕對完美永生玫瑰逆齡乳霜,輕盈版,面霜,修復改善,,0,False,False,資料不足，評論中未提及此指標,2026-07-28 16:12:24
蘭蔻,絕對完美永生玫瑰逆齡乳霜,,面霜,吸收滲透力,,0,False,False,資料不足，評論中未提及此指標,2026-07-28 16:12:24
蘭蔻,絕對完美永生玫瑰逆齡乳霜,,面霜,保濕鎖水度,,0,True,False,資料不足，評論中未提及此指標,2026-07-28 16:12:24
蘭蔻,絕對完美永生玫瑰逆齡乳霜,,面霜,清爽度,4.71,2,False,False,⚠️ 樣本僅 2 則且評論分歧，參考性有限,2026-07-28 16:12:24
蘭蔻,絕對完美永生玫瑰逆齡乳霜,,面霜,膚況穩定度,,0,True,False,資料不足，評論中未提及此指標,2026-07-28 16:12:24
蘭蔻,絕對完美永生玫瑰逆齡乳霜,,面霜,致痘風險,,0,False,False,資料不足，評論中未提及此指標,2026-07-28 16:12:24
蘭蔻,絕對完美永生玫瑰逆齡乳霜,,面霜,成分配方,2.04,1,False,False,⚠️ 樣本僅 2 則，參考性有限,2026-07-28 16:12:24
蘭蔻,絕對完美永生玫瑰逆齡乳霜,,面霜,功效顯著度,2.04,1,True,False,⚠️ 樣本僅 2 則，參考性有限,2026-07-28 16:12:24
蘭蔻,絕對完美永生玫瑰逆齡乳霜,,面霜,修復改善,4.94,1,False,False,⚠️ 樣本僅 2 則，參考性有限,2026-07-28 16:12:24
蘭蔻,絕對完美永生玫瑰逆齡乳霜,,面霜,綜合評分,3.3,,,,排除 22 則業配/疑似業配、3 則商品不符,2026-07-28 16:12:24
Bobbi Brown,維他命完美乳霜,,面霜,吸收滲透力,4.67,8,False,False,,2026-07-28 16:12:24
Bobbi Brown,維他命完美乳霜,,面霜,保濕鎖水度,4.9,13,True,False,核心指標 ×1.3,2026-07-28 16:12:24
Bobbi Brown,維他命完美乳霜,,面霜,清爽度,3.58,11,False,False,,2026-07-28 16:12:24
Bobbi Brown,維他命完美乳霜,,面霜,膚況穩定度,3.42,3,True,True,🔀 兩極分化,2026-07-28 16:12:24
Bobbi Brown,維他命完美乳霜,,面霜,致痘風險,2.49,2,False,False,⚠️ 樣本僅 2 則且評論分歧，參考性有限,2026-07-28 16:12:24
Bobbi Brown,維他命完美乳霜,,面霜,成分配方,2.9,7,False,False,,2026-07-28 16:12:24
Bobbi Brown,維他命完美乳霜,,面霜,功效顯著度,5.0,6,True,False,核心指標 ×1.3,2026-07-28 16:12:24
Bobbi Brown,維他命完美乳霜,,面霜,修復改善,4.8,2,False,False,⚠️ 樣本僅 2 則且評論分歧，參考性有限,2026-07-28 16:12:24
Bobbi Brown,維他命完美乳霜,,面霜,綜合評分,4.0,,,,排除 8 則業配/疑似業配、0 則商品不符,2026-07-28 16:12:24
植村秀,全能奇蹟精華,,精華液,吸收滲透力,,0,False,False,資料不足，評論中未提及此指標,2026-07-28 16:12:24
植村秀,全能奇蹟精華,,精華液,清爽度,,0,True,False,資料不足，評論中未提及此指標,2026-07-28 16:12:24
植村秀,全能奇蹟精華,,精華液,膚況穩定度,,0,True,False,資料不足，評論中未提及此指標,2026-07-28 16:12:24
植村秀,全能奇蹟精華,,精華液,致痘風險,,0,False,False,資料不足，評論中未提及此指標,2026-07-28 16:12:24
植村秀,全能奇蹟精華,,精華液,成分配方,,0,False,False,資料不足，評論中未提及此指標,2026-07-28 16:12:24
植村秀,全能奇蹟精華,,精華液,功效顯著度,,0,True,False,資料不足，評論中未提及此指標,2026-07-28 16:12:24
植村秀,全能奇蹟精華,,精華液,修復改善,,0,False,False,資料不足，評論中未提及此指標,2026-07-28 16:12:24
資生堂,紅妍山茶花修護精華（小紅瓶）,第四代,精華液,吸收滲透力,4.94,1,False,False,⚠️ 樣本僅 2 則，參考性有限,2026-07-28 16:12:24
資生堂,紅妍山茶花修護精華（小紅瓶）,第四代,精華液,清爽度,4.94,2,True,False,⚠️ 樣本僅 2 則，參考性有限,2026-07-28 16:12:24
資生堂,紅妍山茶花修護精華（小紅瓶）,第四代,精華液,膚況穩定度,4.64,2,True,False,⚠️ 樣本僅 2 則且評論分歧，參考性有限,2026-07-28 16:12:24
資生堂,紅妍山茶花修護精華（小紅瓶）,第四代,精華液,致痘風險,3.5,1,False,False,⚠️ 樣本僅 2 則，參考性有限,2026-07-28 16:12:24
資生堂,紅妍山茶花修護精華（小紅瓶）,第四代,精華液,成分配方,3.5,1,False,False,⚠️ 樣本僅 2 則，參考性有限,2026-07-28 16:12:24
資生堂,紅妍山茶花修護精華（小紅瓶）,第四代,精華液,功效顯著度,4.66,2,True,False,⚠️ 樣本僅 2 則且評論分歧，參考性有限,2026-07-28 16:12:24
資生堂,紅妍山茶花修護精華（小紅瓶）,第四代,精華液,修復改善,,0,False,False,資料不足，評論中未提及此指標,2026-07-28 16:12:24
資生堂,紅妍山茶花修護精華（小紅瓶）,第四代,精華液,綜合評分,4.4,,,,排除 4 則業配/疑似業配、0 則商品不符,2026-07-28 16:12:24
資生堂,紅妍山茶花修護精華（小紅瓶）,,精華液,吸收滲透力,5.0,5,False,False,,2026-07-28 16:12:24
資生堂,紅妍山茶花修護精華（小紅瓶）,,精華液,清爽度,4.12,11,True,False,核心指標 ×1.3,2026-07-28 16:12:24
資生堂,紅妍山茶花修護精華（小紅瓶）,,精華液,膚況穩定度,3.41,11,True,False,核心指標 ×1.3,2026-07-28 16:12:24
資生堂,紅妍山茶花修護精華（小紅瓶）,,精華液,致痘風險,1.02,1,False,False,⚠️ 樣本僅 2 則，參考性有限,2026-07-28 16:12:24
資生堂,紅妍山茶花修護精華（小紅瓶）,,精華液,成分配方,2.72,9,False,False,,2026-07-28 16:12:24
資生堂,紅妍山茶花修護精華（小紅瓶）,,精華液,功效顯著度,3.06,12,True,False,核心指標 ×1.3,2026-07-28 16:12:24
資生堂,紅妍山茶花修護精華（小紅瓶）,,精華液,修復改善,2.23,3,False,False,,2026-07-28 16:12:24
資生堂,紅妍山茶花修護精華（小紅瓶）,,精華液,綜合評分,3.2,,,,排除 3 則業配/疑似業配、0 則商品不符,2026-07-28 16:12:24
M.A.C,超奇肌修護花瓣精萃,,精華液,吸收滲透力,1.02,1,False,False,⚠️ 樣本僅 2 則，參考性有限,2026-07-28 16:12:24
M.A.C,超奇肌修護花瓣精萃,,精華液,清爽度,4.94,2,True,False,⚠️ 樣本僅 2 則，參考性有限,2026-07-28 16:12:24
M.A.C,超奇肌修護花瓣精萃,,精華液,膚況穩定度,,0,True,False,資料不足，評論中未提及此指標,2026-07-28 16:12:24
M.A.C,超奇肌修護花瓣精萃,,精華液,致痘風險,,0,False,False,資料不足，評論中未提及此指標,2026-07-28 16:12:24
M.A.C,超奇肌修護花瓣精萃,,精華液,成分配方,,0,False,False,資料不足，評論中未提及此指標,2026-07-28 16:12:24
M.A.C,超奇肌修護花瓣精萃,,精華液,功效顯著度,4.37,2,True,False,⚠️ 樣本僅 2 則，參考性有限,2026-07-28 16:12:24
M.A.C,超奇肌修護花瓣精萃,,精華液,修復改善,,0,False,False,資料不足，評論中未提及此指標,2026-07-28 16:12:24
M.A.C,超奇肌修護花瓣精萃,,精華液,綜合評分,3.8,,,,排除 4 則業配/疑似業配、8 則商品不符,2026-07-28 16:12:24
YSL,極效活萃夜光仙人掌超級精華,,精華液,吸收滲透力,,0,False,False,資料不足，評論中未提及此指標,2026-07-28 16:12:24
YSL,極效活萃夜光仙人掌超級精華,,精華液,清爽度,3.48,5,True,False,核心指標 ×1.3,2026-07-28 16:12:24
YSL,極效活萃夜光仙人掌超級精華,,精華液,膚況穩定度,2.5,6,True,False,核心指標 ×1.3,2026-07-28 16:12:24
YSL,極效活萃夜光仙人掌超級精華,,精華液,致痘風險,2.47,4,False,False,,2026-07-28 16:12:24
YSL,極效活萃夜光仙人掌超級精華,,精華液,成分配方,3.34,3,False,False,,2026-07-28 16:12:24
YSL,極效活萃夜光仙人掌超級精華,,精華液,功效顯著度,4.18,8,True,False,核心指標 ×1.3,2026-07-28 16:12:24
YSL,極效活萃夜光仙人掌超級精華,,精華液,修復改善,4.5,5,False,False,,2026-07-28 16:12:24
YSL,極效活萃夜光仙人掌超級精華,,精華液,綜合評分,3.4,,,,排除 16 則業配/疑似業配、0 則商品不符,2026-07-28 16:12:24
DIOR,迪奧精萃再生玫瑰微導精露,,精華液,吸收滲透力,4.79,3,False,False,,2026-07-28 16:12:24
DIOR,迪奧精萃再生玫瑰微導精露,,精華液,清爽度,4.32,5,True,False,核心指標 ×1.3,2026-07-28 16:12:24
DIOR,迪奧精萃再生玫瑰微導精露,,精華液,膚況穩定度,2.91,2,True,False,⚠️ 樣本僅 2 則且評論分歧，參考性有限,2026-07-28 16:12:24
DIOR,迪奧精萃再生玫瑰微導精露,,精華液,致痘風險,,0,False,False,資料不足，評論中未提及此指標,2026-07-28 16:12:24
DIOR,迪奧精萃再生玫瑰微導精露,,精華液,成分配方,3.5,2,False,False,⚠️ 樣本僅 2 則，參考性有限,2026-07-28 16:12:24
DIOR,迪奧精萃再生玫瑰微導精露,,精華液,功效顯著度,4.92,12,True,False,核心指標 ×1.3,2026-07-28 16:12:24
DIOR,迪奧精萃再生玫瑰微導精露,,精華液,修復改善,3.5,1,False,False,⚠️ 樣本僅 2 則，參考性有限,2026-07-28 16:12:24
DIOR,迪奧精萃再生玫瑰微導精露,,精華液,綜合評分,4.0,,,,排除 7 則業配/疑似業配、3 則商品不符,2026-07-28 16:12:24
CHANEL,香奈兒山茶花保濕微滴精萃,,精華液,吸收滲透力,4.86,14,False,False,,2026-07-28 16:12:24
CHANEL,香奈兒山茶花保濕微滴精萃,,精華液,清爽度,4.29,14,True,False,核心指標 ×1.3,2026-07-28 16:12:24
CHANEL,香奈兒山茶花保濕微滴精萃,,精華液,膚況穩定度,4.94,2,True,False,⚠️ 樣本僅 2 則，參考性有限,2026-07-28 16:12:24
CHANEL,香奈兒山茶花保濕微滴精萃,,精華液,致痘風險,4.94,2,False,False,⚠️ 樣本僅 2 則，參考性有限,2026-07-28 16:12:24
CHANEL,香奈兒山茶花保濕微滴精萃,,精華液,成分配方,3.5,1,False,False,⚠️ 樣本僅 2 則，參考性有限,2026-07-28 16:12:24
CHANEL,香奈兒山茶花保濕微滴精萃,,精華液,功效顯著度,4.56,16,True,False,核心指標 ×1.3,2026-07-28 16:12:24
CHANEL,香奈兒山茶花保濕微滴精萃,,精華液,修復改善,5.0,5,False,False,,2026-07-28 16:12:24
CHANEL,香奈兒山茶花保濕微滴精萃,,精華液,綜合評分,4.6,,,,排除 8 則業配/疑似業配、1 則商品不符,2026-07-28 16:12:24
MAKE UP FOREVER,ULTRA HD 超進化無瑕瞬效保濕精華,,精華液,吸收滲透力,,0,False,False,資料不足，評論中未提及此指標,2026-07-28 16:12:24
MAKE UP FOREVER,ULTRA HD 超進化無瑕瞬效保濕精華,,精華液,清爽度,,0,True,False,資料不足，評論中未提及此指標,2026-07-28 16:12:24
MAKE UP FOREVER,ULTRA HD 超進化無瑕瞬效保濕精華,,精華液,膚況穩定度,,0,True,False,資料不足，評論中未提及此指標,2026-07-28 16:12:24
MAKE UP FOREVER,ULTRA HD 超進化無瑕瞬效保濕精華,,精華液,致痘風險,,0,False,False,資料不足，評論中未提及此指標,2026-07-28 16:12:24
MAKE UP FOREVER,ULTRA HD 超進化無瑕瞬效保濕精華,,精華液,成分配方,,0,False,False,資料不足，評論中未提及此指標,2026-07-28 16:12:24
MAKE UP FOREVER,ULTRA HD 超進化無瑕瞬效保濕精華,,精華液,功效顯著度,,0,True,False,資料不足，評論中未提及此指標,2026-07-28 16:12:24
MAKE UP FOREVER,ULTRA HD 超進化無瑕瞬效保濕精華,,精華液,修復改善,,0,False,False,資料不足，評論中未提及此指標,2026-07-28 16:12:24
雅詩蘭黛,Advanced Night Repair 特潤超導全方位修護露（小棕瓶）,第七代,精華液,吸收滲透力,4.94,2,False,False,⚠️ 樣本僅 2 則，參考性有限,2026-07-28 16:12:24
雅詩蘭黛,Advanced Night Repair 特潤超導全方位修護露（小棕瓶）,第七代,精華液,清爽度,4.71,2,True,False,⚠️ 樣本僅 2 則且評論分歧，參考性有限,2026-07-28 16:12:24
雅詩蘭黛,Advanced Night Repair 特潤超導全方位修護露（小棕瓶）,第七代,精華液,膚況穩定度,4.94,2,True,False,⚠️ 樣本僅 2 則，參考性有限,2026-07-28 16:12:24
雅詩蘭黛,Advanced Night Repair 特潤超導全方位修護露（小棕瓶）,第七代,精華液,致痘風險,4.94,1,False,False,⚠️ 樣本僅 2 則，參考性有限,2026-07-28 16:12:24
雅詩蘭黛,Advanced Night Repair 特潤超導全方位修護露（小棕瓶）,第七代,精華液,成分配方,3.5,1,False,False,⚠️ 樣本僅 2 則，參考性有限,2026-07-28 16:12:24
雅詩蘭黛,Advanced Night Repair 特潤超導全方位修護露（小棕瓶）,第七代,精華液,功效顯著度,3.51,2,True,False,⚠️ 樣本僅 2 則且評論分歧，參考性有限,2026-07-28 16:12:24
雅詩蘭黛,Advanced Night Repair 特潤超導全方位修護露（小棕瓶）,第七代,精華液,修復改善,5.0,1,False,False,⚠️ 樣本僅 2 則，參考性有限,2026-07-28 16:12:24
雅詩蘭黛,Advanced Night Repair 特潤超導全方位修護露（小棕瓶）,第七代,精華液,綜合評分,4.5,,,,排除 6 則業配/疑似業配、0 則商品不符,2026-07-28 16:12:24
雅詩蘭黛,Advanced Night Repair 特潤超導全方位修護露（小棕瓶）,,精華液,吸收滲透力,4.94,2,False,False,⚠️ 樣本僅 2 則，參考性有限,2026-07-28 16:12:24
雅詩蘭黛,Advanced Night Repair 特潤超導全方位修護露（小棕瓶）,,精華液,清爽度,3.76,3,True,False,核心指標 ×1.3,2026-07-28 16:12:24
雅詩蘭黛,Advanced Night Repair 特潤超導全方位修護露（小棕瓶）,,精華液,膚況穩定度,4.86,9,True,False,核心指標 ×1.3,2026-07-28 16:12:24
雅詩蘭黛,Advanced Night Repair 特潤超導全方位修護露（小棕瓶）,,精華液,致痘風險,3.18,2,False,False,⚠️ 樣本僅 2 則且評論分歧，參考性有限,2026-07-28 16:12:24
雅詩蘭黛,Advanced Night Repair 特潤超導全方位修護露（小棕瓶）,,精華液,成分配方,4.94,1,False,False,⚠️ 樣本僅 2 則，參考性有限,2026-07-28 16:12:24
雅詩蘭黛,Advanced Night Repair 特潤超導全方位修護露（小棕瓶）,,精華液,功效顯著度,4.33,12,True,False,核心指標 ×1.3,2026-07-28 16:12:24
雅詩蘭黛,Advanced Night Repair 特潤超導全方位修護露（小棕瓶）,,精華液,修復改善,3.47,6,False,False,,2026-07-28 16:12:24
雅詩蘭黛,Advanced Night Repair 特潤超導全方位修護露（小棕瓶）,,精華液,綜合評分,4.2,,,,排除 5 則業配/疑似業配、0 則商品不符,2026-07-28 16:12:24
蘭蔻,超極限肌因賦活露（小黑瓶）,,精華液,吸收滲透力,4.04,8,False,False,,2026-07-28 16:12:24
蘭蔻,超極限肌因賦活露（小黑瓶）,,精華液,清爽度,4.94,4,True,False,核心指標 ×1.3,2026-07-28 16:12:24
蘭蔻,超極限肌因賦活露（小黑瓶）,,精華液,膚況穩定度,4.02,9,True,False,核心指標 ×1.3,2026-07-28 16:12:24
蘭蔻,超極限肌因賦活露（小黑瓶）,,精華液,致痘風險,3.79,4,False,False,,2026-07-28 16:12:24
蘭蔻,超極限肌因賦活露（小黑瓶）,,精華液,成分配方,2.63,2,False,False,⚠️ 樣本僅 2 則，參考性有限,2026-07-28 16:12:24
蘭蔻,超極限肌因賦活露（小黑瓶）,,精華液,功效顯著度,4.37,9,True,False,核心指標 ×1.3,2026-07-28 16:12:24
蘭蔻,超極限肌因賦活露（小黑瓶）,,精華液,修復改善,4.95,7,False,False,,2026-07-28 16:12:24
蘭蔻,超極限肌因賦活露（小黑瓶）,,精華液,綜合評分,4.1,,,,排除 16 則業配/疑似業配、0 則商品不符,2026-07-28 16:12:24
Bobbi Brown,維他命完美精華,,精華液,吸收滲透力,4.37,2,False,False,⚠️ 樣本僅 2 則，參考性有限,2026-07-28 16:12:24
Bobbi Brown,維他命完美精華,,精華液,清爽度,3.8,6,True,False,核心指標 ×1.3,2026-07-28 16:12:24
Bobbi Brown,維他命完美精華,,精華液,膚況穩定度,,0,True,False,資料不足，評論中未提及此指標,2026-07-28 16:12:24
Bobbi Brown,維他命完美精華,,精華液,致痘風險,,0,False,False,資料不足，評論中未提及此指標,2026-07-28 16:12:24
Bobbi Brown,維他命完美精華,,精華液,成分配方,2.94,4,False,False,,2026-07-28 16:12:24
Bobbi Brown,維他命完美精華,,精華液,功效顯著度,3.46,10,True,False,核心指標 ×1.3,2026-07-28 16:12:24
Bobbi Brown,維他命完美精華,,精華液,修復改善,,0,False,False,資料不足，評論中未提及此指標,2026-07-28 16:12:24
Bobbi Brown,維他命完美精華,,精華液,綜合評分,3.6,,,,排除 9 則業配/疑似業配、9 則商品不符,2026-07-28 16:12:24
資生堂,激抗痕亮采緊緻ACE眼霜,,眼霜,吸收滲透力,,0,False,False,資料不足，評論中未提及此指標,2026-07-28 16:12:24
資生堂,激抗痕亮采緊緻ACE眼霜,,眼霜,保濕鎖水度,4.37,1,True,False,⚠️ 樣本僅 2 則，參考性有限 ⚠️ 有效評論樣本較少，結果僅供參考,2026-07-28 16:12:24
資生堂,激抗痕亮采緊緻ACE眼霜,,眼霜,撫紋抗皺效能,2.63,1,True,False,⚠️ 樣本僅 2 則，參考性有限 ⚠️ 有效評論樣本較少，結果僅供參考,2026-07-28 16:12:24
資生堂,激抗痕亮采緊緻ACE眼霜,,眼霜,修復改善,,0,False,False,資料不足，評論中未提及此指標,2026-07-28 16:12:24
資生堂,激抗痕亮采緊緻ACE眼霜,,眼霜,成分安全性,,0,True,False,資料不足，評論中未提及此指標,2026-07-28 16:12:24
資生堂,激抗痕亮采緊緻ACE眼霜,,眼霜,綜合評分,3.5,,,,排除 3 則業配/疑似業配、20 則商品不符,2026-07-28 16:12:24
M.A.C,超奇肌修護花瓣亮眼精萃,,眼霜,吸收滲透力,,0,False,False,資料不足，評論中未提及此指標,2026-07-28 16:12:24
M.A.C,超奇肌修護花瓣亮眼精萃,,眼霜,保濕鎖水度,,0,True,False,資料不足，評論中未提及此指標,2026-07-28 16:12:24
M.A.C,超奇肌修護花瓣亮眼精萃,,眼霜,撫紋抗皺效能,,0,True,False,資料不足，評論中未提及此指標,2026-07-28 16:12:24
M.A.C,超奇肌修護花瓣亮眼精萃,,眼霜,修復改善,,0,False,False,資料不足，評論中未提及此指標,2026-07-28 16:12:24
M.A.C,超奇肌修護花瓣亮眼精萃,,眼霜,成分安全性,,0,True,False,資料不足，評論中未提及此指標,2026-07-28 16:12:24
YSL,極效活萃撫紋發光眼霜,,眼霜,吸收滲透力,5.0,6,False,False,,2026-07-28 16:12:24
YSL,極效活萃撫紋發光眼霜,,眼霜,保濕鎖水度,3.12,13,True,False,核心指標 ×1.3,2026-07-28 16:12:24
YSL,極效活萃撫紋發光眼霜,,眼霜,撫紋抗皺效能,3.29,4,True,False,核心指標 ×1.3,2026-07-28 16:12:24
YSL,極效活萃撫紋發光眼霜,,眼霜,修復改善,3.36,12,False,False,,2026-07-28 16:12:24
YSL,極效活萃撫紋發光眼霜,,眼霜,成分安全性,2.91,6,True,False,核心指標 ×1.3,2026-07-28 16:12:24
YSL,極效活萃撫紋發光眼霜,,眼霜,綜合評分,3.5,,,,排除 5 則業配/疑似業配、2 則商品不符,2026-07-28 16:12:24
DIOR,迪奧精萃再生玫瑰賦活眼霜,,眼霜,吸收滲透力,3.36,2,False,False,⚠️ 樣本僅 2 則且評論分歧，參考性有限,2026-07-28 16:12:24
DIOR,迪奧精萃再生玫瑰賦活眼霜,,眼霜,保濕鎖水度,3.0,2,True,False,⚠️ 樣本僅 2 則且評論分歧，參考性有限,2026-07-28 16:12:24
DIOR,迪奧精萃再生玫瑰賦活眼霜,,眼霜,撫紋抗皺效能,3.7,3,True,False,核心指標 ×1.3,2026-07-28 16:12:24
DIOR,迪奧精萃再生玫瑰賦活眼霜,,眼霜,修復改善,4.94,1,False,False,⚠️ 樣本僅 2 則，參考性有限,2026-07-28 16:12:24
DIOR,迪奧精萃再生玫瑰賦活眼霜,,眼霜,成分安全性,,0,True,False,資料不足，評論中未提及此指標,2026-07-28 16:12:24
DIOR,迪奧精萃再生玫瑰賦活眼霜,,眼霜,綜合評分,3.7,,,,排除 3 則業配/疑似業配、19 則商品不符,2026-07-28 16:12:24
CHANEL,香奈兒山茶花保濕微滴眼凝霜,,眼霜,吸收滲透力,3.37,4,False,False,,2026-07-28 16:12:24
CHANEL,香奈兒山茶花保濕微滴眼凝霜,,眼霜,保濕鎖水度,3.48,6,True,False,核心指標 ×1.3,2026-07-28 16:12:24
CHANEL,香奈兒山茶花保濕微滴眼凝霜,,眼霜,撫紋抗皺效能,4.8,4,True,False,核心指標 ×1.3,2026-07-28 16:12:24
CHANEL,香奈兒山茶花保濕微滴眼凝霜,,眼霜,修復改善,2.63,1,False,False,⚠️ 樣本僅 2 則，參考性有限,2026-07-28 16:12:24
CHANEL,香奈兒山茶花保濕微滴眼凝霜,,眼霜,成分安全性,,0,True,False,資料不足，評論中未提及此指標,2026-07-28 16:12:24
CHANEL,香奈兒山茶花保濕微滴眼凝霜,,眼霜,綜合評分,3.6,,,,排除 1 則業配/疑似業配、22 則商品不符,2026-07-28 16:12:24
雅詩蘭黛,Advanced Night Repair 特潤全能修護亮眼霜,,眼霜,吸收滲透力,2.72,8,False,False,,2026-07-28 16:12:24
雅詩蘭黛,Advanced Night Repair 特潤全能修護亮眼霜,,眼霜,保濕鎖水度,4.5,5,True,False,核心指標 ×1.3,2026-07-28 16:12:24
雅詩蘭黛,Advanced Night Repair 特潤全能修護亮眼霜,,眼霜,撫紋抗皺效能,2.58,9,True,False,核心指標 ×1.3,2026-07-28 16:12:24
雅詩蘭黛,Advanced Night Repair 特潤全能修護亮眼霜,,眼霜,修復改善,3.28,6,False,False,,2026-07-28 16:12:24
雅詩蘭黛,Advanced Night Repair 特潤全能修護亮眼霜,,眼霜,成分安全性,2.39,6,True,False,核心指標 ×1.3,2026-07-28 16:12:24
雅詩蘭黛,Advanced Night Repair 特潤全能修護亮眼霜,,眼霜,綜合評分,3.1,,,,排除 16 則業配/疑似業配、1 則商品不符,2026-07-28 16:12:24
蘭蔻,超未來肌因冰珠亮眼粹,,眼霜,吸收滲透力,4.57,5,False,False,,2026-07-28 16:12:24
蘭蔻,超未來肌因冰珠亮眼粹,,眼霜,保濕鎖水度,3.6,4,True,False,核心指標 ×1.3,2026-07-28 16:12:24
蘭蔻,超未來肌因冰珠亮眼粹,,眼霜,撫紋抗皺效能,3.29,9,True,False,核心指標 ×1.3,2026-07-28 16:12:24
蘭蔻,超未來肌因冰珠亮眼粹,,眼霜,修復改善,3.06,9,False,False,,2026-07-28 16:12:24
蘭蔻,超未來肌因冰珠亮眼粹,,眼霜,成分安全性,3.44,7,True,False,核心指標 ×1.3,2026-07-28 16:12:24
蘭蔻,超未來肌因冰珠亮眼粹,,眼霜,綜合評分,3.5,,,,排除 8 則業配/疑似業配、4 則商品不符,2026-07-28 16:12:24
Bobbi Brown,維他命完美眼霜,,眼霜,吸收滲透力,,0,False,False,資料不足，評論中未提及此指標,2026-07-28 16:12:24
Bobbi Brown,維他命完美眼霜,,眼霜,保濕鎖水度,,0,True,False,資料不足，評論中未提及此指標,2026-07-28 16:12:24
Bobbi Brown,維他命完美眼霜,,眼霜,撫紋抗皺效能,,0,True,False,資料不足，評論中未提及此指標,2026-07-28 16:12:24
Bobbi Brown,維他命完美眼霜,,眼霜,修復改善,,0,False,False,資料不足，評論中未提及此指標,2026-07-28 16:12:24
Bobbi Brown,維他命完美眼霜,,眼霜,成分安全性,,0,True,False,資料不足，評論中未提及此指標,2026-07-28 16:12:24
植村秀,60秒速效精華水面膜,,面膜,面膜材質,4.94,2,False,False,⚠️ 樣本僅 2 則，參考性有限,2026-07-28 16:12:24
植村秀,60秒速效精華水面膜,,面膜,服貼度,4.25,5,True,False,核心指標 ×1.3,2026-07-28 16:12:24
植村秀,60秒速效精華水面膜,,面膜,功效顯著度,4.41,5,True,False,核心指標 ×1.3,2026-07-28 16:12:24
植村秀,60秒速效精華水面膜,,面膜,吸收滲透力,4.57,4,False,False,,2026-07-28 16:12:24
植村秀,60秒速效精華水面膜,,面膜,修復改善,,0,True,False,資料不足，評論中未提及此指標,2026-07-28 16:12:24
植村秀,60秒速效精華水面膜,,面膜,成分配方,4.37,1,False,False,⚠️ 樣本僅 2 則，參考性有限,2026-07-28 16:12:24
植村秀,60秒速效精華水面膜,,面膜,成分安全性,2.33,6,False,False,,2026-07-28 16:12:24
植村秀,60秒速效精華水面膜,,面膜,綜合評分,4.1,,,,排除 2 則業配/疑似業配、18 則商品不符,2026-07-28 16:12:24
資生堂,美透白淨電力面膜,,面膜,面膜材質,4.94,1,False,False,⚠️ 樣本僅 2 則，參考性有限 ⚠️ 有效評論樣本較少，結果僅供參考,2026-07-28 16:12:24
資生堂,美透白淨電力面膜,,面膜,服貼度,4.94,1,True,False,⚠️ 樣本僅 2 則，參考性有限 ⚠️ 有效評論樣本較少，結果僅供參考,2026-07-28 16:12:24
資生堂,美透白淨電力面膜,,面膜,功效顯著度,5.0,1,True,False,⚠️ 樣本僅 2 則，參考性有限 ⚠️ 有效評論樣本較少，結果僅供參考,2026-07-28 16:12:24
資生堂,美透白淨電力面膜,,面膜,吸收滲透力,,0,False,False,資料不足，評論中未提及此指標,2026-07-28 16:12:24
資生堂,美透白淨電力面膜,,面膜,修復改善,,0,True,False,資料不足，評論中未提及此指標,2026-07-28 16:12:24
資生堂,美透白淨電力面膜,,面膜,成分配方,,0,False,False,資料不足，評論中未提及此指標,2026-07-28 16:12:24
資生堂,美透白淨電力面膜,,面膜,成分安全性,,0,False,False,資料不足，評論中未提及此指標,2026-07-28 16:12:24
資生堂,美透白淨電力面膜,,面膜,綜合評分,5.0,,,,排除 2 則業配/疑似業配、26 則商品不符,2026-07-28 16:12:24
M.A.C,柔礦活性碳淨化面膜,,面膜,面膜材質,4.8,3,False,False,,2026-07-28 16:12:24
M.A.C,柔礦活性碳淨化面膜,,面膜,服貼度,,0,True,False,資料不足，評論中未提及此指標,2026-07-28 16:12:24
M.A.C,柔礦活性碳淨化面膜,,面膜,功效顯著度,4.94,3,True,False,核心指標 ×1.3,2026-07-28 16:12:24
M.A.C,柔礦活性碳淨化面膜,,面膜,吸收滲透力,,0,False,False,資料不足，評論中未提及此指標,2026-07-28 16:12:24
M.A.C,柔礦活性碳淨化面膜,,面膜,修復改善,4.94,2,True,False,⚠️ 樣本僅 2 則，參考性有限,2026-07-28 16:12:24
M.A.C,柔礦活性碳淨化面膜,,面膜,成分配方,4.37,2,False,False,⚠️ 樣本僅 2 則，參考性有限,2026-07-28 16:12:24
M.A.C,柔礦活性碳淨化面膜,,面膜,成分安全性,,0,False,False,資料不足，評論中未提及此指標,2026-07-28 16:12:24
M.A.C,柔礦活性碳淨化面膜,,面膜,綜合評分,4.8,,,,排除 5 則業配/疑似業配、16 則商品不符,2026-07-28 16:12:24
CHANEL,香奈兒逆齡高效煥膚面膜,,面膜,面膜材質,4.14,4,False,False,,2026-07-28 16:12:24
CHANEL,香奈兒逆齡高效煥膚面膜,,面膜,服貼度,4.94,1,True,False,⚠️ 樣本僅 2 則，參考性有限,2026-07-28 16:12:24
CHANEL,香奈兒逆齡高效煥膚面膜,,面膜,功效顯著度,4.14,14,True,False,核心指標 ×1.3,2026-07-28 16:12:24
CHANEL,香奈兒逆齡高效煥膚面膜,,面膜,吸收滲透力,4.66,4,False,False,,2026-07-28 16:12:24
CHANEL,香奈兒逆齡高效煥膚面膜,,面膜,修復改善,4.96,10,True,False,核心指標 ×1.3,2026-07-28 16:12:24
CHANEL,香奈兒逆齡高效煥膚面膜,,面膜,成分配方,4.94,1,False,False,⚠️ 樣本僅 2 則，參考性有限,2026-07-28 16:12:24
CHANEL,香奈兒逆齡高效煥膚面膜,,面膜,成分安全性,,0,False,False,資料不足，評論中未提及此指標,2026-07-28 16:12:24
CHANEL,香奈兒逆齡高效煥膚面膜,,面膜,綜合評分,4.6,,,,排除 6 則業配/疑似業配、5 則商品不符,2026-07-28 16:12:24
雅詩蘭黛,Advanced Night Repair 特潤雙層超導修護面膜,,面膜,面膜材質,2.26,3,False,False,,2026-07-28 16:12:24
雅詩蘭黛,Advanced Night Repair 特潤雙層超導修護面膜,,面膜,服貼度,2.54,5,True,False,核心指標 ×1.3,2026-07-28 16:12:24
雅詩蘭黛,Advanced Night Repair 特潤雙層超導修護面膜,,面膜,功效顯著度,4.28,9,True,False,核心指標 ×1.3,2026-07-28 16:12:24
雅詩蘭黛,Advanced Night Repair 特潤雙層超導修護面膜,,面膜,吸收滲透力,4.3,4,False,False,,2026-07-28 16:12:24
雅詩蘭黛,Advanced Night Repair 特潤雙層超導修護面膜,,面膜,修復改善,,0,True,False,資料不足，評論中未提及此指標,2026-07-28 16:12:24
雅詩蘭黛,Advanced Night Repair 特潤雙層超導修護面膜,,面膜,成分配方,,0,False,False,資料不足，評論中未提及此指標,2026-07-28 16:12:24
雅詩蘭黛,Advanced Night Repair 特潤雙層超導修護面膜,,面膜,成分安全性,2.63,4,False,False,,2026-07-28 16:12:24
雅詩蘭黛,Advanced Night Repair 特潤雙層超導修護面膜,,面膜,綜合評分,3.2,,,,排除 4 則業配/疑似業配、12 則商品不符,2026-07-28 16:12:24
蘭蔻,超未來肌因活性面膜 7片,,面膜,面膜材質,4.15,20,False,False,,2026-07-28 16:12:24
蘭蔻,超未來肌因活性面膜 7片,,面膜,服貼度,2.78,19,True,False,核心指標 ×1.3,2026-07-28 16:12:24
蘭蔻,超未來肌因活性面膜 7片,,面膜,功效顯著度,3.81,23,True,False,核心指標 ×1.3,2026-07-28 16:12:24
蘭蔻,超未來肌因活性面膜 7片,,面膜,吸收滲透力,4.29,16,False,False,,2026-07-28 16:12:24
蘭蔻,超未來肌因活性面膜 7片,,面膜,修復改善,5.0,14,True,False,核心指標 ×1.3,2026-07-28 16:12:24
蘭蔻,超未來肌因活性面膜 7片,,面膜,成分配方,3.0,6,False,False,,2026-07-28 16:12:24
蘭蔻,超未來肌因活性面膜 7片,,面膜,成分安全性,3.04,7,False,False,,2026-07-28 16:12:24
蘭蔻,超未來肌因活性面膜 7片,,面膜,綜合評分,3.8,,,,排除 0 則業配/疑似業配、1 則商品不符,2026-07-28 16:12:24
植村秀,#55零刷痕粉底刷,,粉底刷,刷痕殘留度,4.51,6,True,False,核心指標 ×1.3,2026-07-28 16:12:24
植村秀,#55零刷痕粉底刷,,粉底刷,吃粉程度,5.0,4,False,False,,2026-07-28 16:12:24
植村秀,#55零刷痕粉底刷,,粉底刷,釋粉力,4.94,1,False,False,⚠️ 樣本僅 2 則，參考性有限,2026-07-28 16:12:24
植村秀,#55零刷痕粉底刷,,粉底刷,刷毛彈性,2.81,2,False,False,⚠️ 樣本僅 2 則且評論分歧，參考性有限,2026-07-28 16:12:24
植村秀,#55零刷痕粉底刷,,粉底刷,刷毛密度,4.94,2,False,False,⚠️ 樣本僅 2 則，參考性有限,2026-07-28 16:12:24
植村秀,#55零刷痕粉底刷,,粉底刷,上妝順手度,4.63,16,True,False,核心指標 ×1.3,2026-07-28 16:12:24
植村秀,#55零刷痕粉底刷,,粉底刷,耐用度,3.85,2,False,False,⚠️ 樣本僅 2 則且評論分歧，參考性有限,2026-07-28 16:12:24
植村秀,#55零刷痕粉底刷,,粉底刷,毛質觸感,4.94,2,True,False,⚠️ 樣本僅 2 則，參考性有限,2026-07-28 16:12:24
植村秀,#55零刷痕粉底刷,,粉底刷,綜合評分,4.5,,,,排除 3 則業配/疑似業配、7 則商品不符,2026-07-28 16:12:24
資生堂,立體斜角粉底刷,,粉底刷,刷痕殘留度,5.0,1,True,False,⚠️ 樣本僅 2 則，參考性有限,2026-07-28 16:12:24
資生堂,立體斜角粉底刷,,粉底刷,吃粉程度,4.94,1,False,False,⚠️ 樣本僅 2 則，參考性有限,2026-07-28 16:12:24
資生堂,立體斜角粉底刷,,粉底刷,釋粉力,5.0,1,False,False,⚠️ 樣本僅 2 則，參考性有限,2026-07-28 16:12:24
資生堂,立體斜角粉底刷,,粉底刷,刷毛彈性,4.94,1,False,False,⚠️ 樣本僅 2 則，參考性有限,2026-07-28 16:12:24
資生堂,立體斜角粉底刷,,粉底刷,刷毛密度,,0,False,False,資料不足，評論中未提及此指標,2026-07-28 16:12:24
資生堂,立體斜角粉底刷,,粉底刷,上妝順手度,5.0,1,True,False,⚠️ 樣本僅 2 則，參考性有限,2026-07-28 16:12:24
資生堂,立體斜角粉底刷,,粉底刷,耐用度,,0,False,False,資料不足，評論中未提及此指標,2026-07-28 16:12:24
資生堂,立體斜角粉底刷,,粉底刷,毛質觸感,4.94,1,True,False,⚠️ 樣本僅 2 則，參考性有限,2026-07-28 16:12:24
資生堂,立體斜角粉底刷,,粉底刷,綜合評分,5.0,,,,排除 0 則業配/疑似業配、24 則商品不符,2026-07-28 16:12:24
M.A.C,#170專業時尚彩妝刷,,粉底刷,刷痕殘留度,3.0,4,True,False,核心指標 ×1.3,2026-07-28 16:12:24
M.A.C,#170專業時尚彩妝刷,,粉底刷,吃粉程度,4.71,2,False,False,⚠️ 樣本僅 2 則且評論分歧，參考性有限,2026-07-28 16:12:24
M.A.C,#170專業時尚彩妝刷,,粉底刷,釋粉力,4.94,1,False,False,⚠️ 樣本僅 2 則，參考性有限,2026-07-28 16:12:24
M.A.C,#170專業時尚彩妝刷,,粉底刷,刷毛彈性,4.94,1,False,False,⚠️ 樣本僅 2 則，參考性有限,2026-07-28 16:12:24
M.A.C,#170專業時尚彩妝刷,,粉底刷,刷毛密度,4.94,3,False,False,,2026-07-28 16:12:24
M.A.C,#170專業時尚彩妝刷,,粉底刷,上妝順手度,3.87,15,True,False,核心指標 ×1.3,2026-07-28 16:12:24
M.A.C,#170專業時尚彩妝刷,,粉底刷,耐用度,3.54,5,False,False,,2026-07-28 16:12:24
M.A.C,#170專業時尚彩妝刷,,粉底刷,毛質觸感,3.1,8,True,False,核心指標 ×1.3,2026-07-28 16:12:24
M.A.C,#170專業時尚彩妝刷,,粉底刷,綜合評分,4.0,,,,排除 10 則業配/疑似業配、2 則商品不符,2026-07-28 16:12:24
DIOR,迪奧專業後台無瑕粉底刷,,粉底刷,刷痕殘留度,2.77,5,True,False,核心指標 ×1.3,2026-07-28 16:12:24
DIOR,迪奧專業後台無瑕粉底刷,,粉底刷,吃粉程度,,0,False,False,資料不足，評論中未提及此指標,2026-07-28 16:12:24
DIOR,迪奧專業後台無瑕粉底刷,,粉底刷,釋粉力,,0,False,False,資料不足，評論中未提及此指標,2026-07-28 16:12:24
DIOR,迪奧專業後台無瑕粉底刷,,粉底刷,刷毛彈性,,0,False,False,資料不足，評論中未提及此指標,2026-07-28 16:12:24
DIOR,迪奧專業後台無瑕粉底刷,,粉底刷,刷毛密度,,0,False,False,資料不足，評論中未提及此指標,2026-07-28 16:12:24
DIOR,迪奧專業後台無瑕粉底刷,,粉底刷,上妝順手度,4.94,2,True,False,⚠️ 樣本僅 2 則，參考性有限,2026-07-28 16:12:24
DIOR,迪奧專業後台無瑕粉底刷,,粉底刷,耐用度,,0,False,False,資料不足，評論中未提及此指標,2026-07-28 16:12:24
DIOR,迪奧專業後台無瑕粉底刷,,粉底刷,毛質觸感,2.44,4,True,False,核心指標 ×1.3,2026-07-28 16:12:24
DIOR,迪奧專業後台無瑕粉底刷,,粉底刷,綜合評分,3.3,,,,排除 1 則業配/疑似業配、23 則商品不符,2026-07-28 16:12:24
CHANEL,Nº100香奈兒粉底刷,,粉底刷,刷痕殘留度,2.89,6,True,False,核心指標 ×1.3,2026-07-28 16:12:24
CHANEL,Nº100香奈兒粉底刷,,粉底刷,吃粉程度,2.28,4,False,False,,2026-07-28 16:12:24
CHANEL,Nº100香奈兒粉底刷,,粉底刷,釋粉力,2.04,1,False,False,⚠️ 樣本僅 2 則，參考性有限,2026-07-28 16:12:24
CHANEL,Nº100香奈兒粉底刷,,粉底刷,刷毛彈性,4.94,1,False,False,⚠️ 樣本僅 2 則，參考性有限,2026-07-28 16:12:24
CHANEL,Nº100香奈兒粉底刷,,粉底刷,刷毛密度,,0,False,False,資料不足，評論中未提及此指標,2026-07-28 16:12:24
CHANEL,Nº100香奈兒粉底刷,,粉底刷,上妝順手度,4.36,7,True,False,核心指標 ×1.3,2026-07-28 16:12:24
CHANEL,Nº100香奈兒粉底刷,,粉底刷,耐用度,,0,False,False,資料不足，評論中未提及此指標,2026-07-28 16:12:24
CHANEL,Nº100香奈兒粉底刷,,粉底刷,毛質觸感,2.04,1,True,False,⚠️ 樣本僅 2 則，參考性有限,2026-07-28 16:12:24
CHANEL,Nº100香奈兒粉底刷,,粉底刷,綜合評分,3.1,,,,排除 0 則業配/疑似業配、20 則商品不符,2026-07-28 16:12:24
MAKE UP FOREVER,中型無痕粉底刷 #109,,粉底刷,刷痕殘留度,3.18,2,True,False,⚠️ 樣本僅 2 則且評論分歧，參考性有限,2026-07-28 16:12:24
MAKE UP FOREVER,中型無痕粉底刷 #109,,粉底刷,吃粉程度,,0,False,False,資料不足，評論中未提及此指標,2026-07-28 16:12:24
MAKE UP FOREVER,中型無痕粉底刷 #109,,粉底刷,釋粉力,,0,False,False,資料不足，評論中未提及此指標,2026-07-28 16:12:24
MAKE UP FOREVER,中型無痕粉底刷 #109,,粉底刷,刷毛彈性,2.19,2,False,False,⚠️ 樣本僅 2 則且評論分歧，參考性有限,2026-07-28 16:12:24
MAKE UP FOREVER,中型無痕粉底刷 #109,,粉底刷,刷毛密度,2.63,1,False,False,⚠️ 樣本僅 2 則，參考性有限,2026-07-28 16:12:24
MAKE UP FOREVER,中型無痕粉底刷 #109,,粉底刷,上妝順手度,5.0,3,True,False,核心指標 ×1.3,2026-07-28 16:12:24
MAKE UP FOREVER,中型無痕粉底刷 #109,,粉底刷,耐用度,1.02,1,False,False,⚠️ 樣本僅 2 則，參考性有限,2026-07-28 16:12:24
MAKE UP FOREVER,中型無痕粉底刷 #109,,粉底刷,毛質觸感,1.02,1,True,False,⚠️ 樣本僅 2 則，參考性有限,2026-07-28 16:12:24
MAKE UP FOREVER,中型無痕粉底刷 #109,,粉底刷,綜合評分,2.7,,,,排除 1 則業配/疑似業配、21 則商品不符,2026-07-28 16:12:24
Bobbi Brown,粉底刷,,粉底刷,刷痕殘留度,2.04,2,True,False,⚠️ 樣本僅 2 則，參考性有限,2026-07-28 16:12:24
Bobbi Brown,粉底刷,,粉底刷,吃粉程度,,0,False,False,資料不足，評論中未提及此指標,2026-07-28 16:12:24
Bobbi Brown,粉底刷,,粉底刷,釋粉力,5.0,1,False,False,⚠️ 樣本僅 2 則，參考性有限,2026-07-28 16:12:24
Bobbi Brown,粉底刷,,粉底刷,刷毛彈性,4.94,1,False,False,⚠️ 樣本僅 2 則，參考性有限,2026-07-28 16:12:24
Bobbi Brown,粉底刷,,粉底刷,刷毛密度,,0,False,False,資料不足，評論中未提及此指標,2026-07-28 16:12:24
Bobbi Brown,粉底刷,,粉底刷,上妝順手度,4.7,8,True,False,核心指標 ×1.3,2026-07-28 16:12:24
Bobbi Brown,粉底刷,,粉底刷,耐用度,3.18,2,False,False,⚠️ 樣本僅 2 則且評論分歧，參考性有限,2026-07-28 16:12:24
Bobbi Brown,粉底刷,,粉底刷,毛質觸感,3.29,5,True,False,核心指標 ×1.3,2026-07-28 16:12:24
Bobbi Brown,粉底刷,,粉底刷,綜合評分,3.8,,,,排除 1 則業配/疑似業配、17 則商品不符,2026-07-28 16:12:24
植村秀,專業腮紅刷 20H,,腮紅刷,刷痕殘留度,,0,False,False,資料不足，評論中未提及此指標,2026-07-28 16:12:24
植村秀,專業腮紅刷 20H,,腮紅刷,吃粉程度,4.94,1,False,False,⚠️ 樣本僅 2 則，參考性有限,2026-07-28 16:12:24
植村秀,專業腮紅刷 20H,,腮紅刷,釋粉力,4.94,1,False,False,⚠️ 樣本僅 2 則，參考性有限,2026-07-28 16:12:24
植村秀,專業腮紅刷 20H,,腮紅刷,刷毛彈性,,0,True,False,資料不足，評論中未提及此指標,2026-07-28 16:12:24
植村秀,專業腮紅刷 20H,,腮紅刷,刷毛密度,,0,False,False,資料不足，評論中未提及此指標,2026-07-28 16:12:24
植村秀,專業腮紅刷 20H,,腮紅刷,上妝順手度,4.94,2,True,False,⚠️ 樣本僅 2 則，參考性有限,2026-07-28 16:12:24
植村秀,專業腮紅刷 20H,,腮紅刷,耐用度,5.0,1,True,False,⚠️ 樣本僅 2 則，參考性有限,2026-07-28 16:12:24
植村秀,專業腮紅刷 20H,,腮紅刷,毛質觸感,3.5,1,False,False,⚠️ 樣本僅 2 則，參考性有限,2026-07-28 16:12:24
植村秀,專業腮紅刷 20H,,腮紅刷,暈染均勻度,,0,False,False,資料不足，評論中未提及此指標,2026-07-28 16:12:24
植村秀,專業腮紅刷 20H,,腮紅刷,綜合評分,4.7,,,,排除 0 則業配/疑似業配、27 則商品不符,2026-07-28 16:12:24
M.A.C,#159專業彩妝刷,,腮紅刷,刷痕殘留度,2.63,1,False,False,⚠️ 樣本僅 2 則，參考性有限,2026-07-28 16:12:24
M.A.C,#159專業彩妝刷,,腮紅刷,吃粉程度,,0,False,False,資料不足，評論中未提及此指標,2026-07-28 16:12:24
M.A.C,#159專業彩妝刷,,腮紅刷,釋粉力,4.94,1,False,False,⚠️ 樣本僅 2 則，參考性有限,2026-07-28 16:12:24
M.A.C,#159專業彩妝刷,,腮紅刷,刷毛彈性,,0,True,False,資料不足，評論中未提及此指標,2026-07-28 16:12:24
M.A.C,#159專業彩妝刷,,腮紅刷,刷毛密度,4.68,3,False,False,,2026-07-28 16:12:24
M.A.C,#159專業彩妝刷,,腮紅刷,上妝順手度,4.22,6,True,False,核心指標 ×1.3,2026-07-28 16:12:24
M.A.C,#159專業彩妝刷,,腮紅刷,耐用度,,0,True,False,資料不足，評論中未提及此指標,2026-07-28 16:12:24
M.A.C,#159專業彩妝刷,,腮紅刷,毛質觸感,3.52,2,False,False,⚠️ 樣本僅 2 則且評論分歧，參考性有限,2026-07-28 16:12:24
M.A.C,#159專業彩妝刷,,腮紅刷,暈染均勻度,4.94,2,False,False,⚠️ 樣本僅 2 則，參考性有限,2026-07-28 16:12:24
M.A.C,#159專業彩妝刷,,腮紅刷,綜合評分,4.2,,,,排除 1 則業配/疑似業配、22 則商品不符,2026-07-28 16:12:24
DIOR,迪奧專業後台腮紅刷,,腮紅刷,刷痕殘留度,,0,False,False,資料不足，評論中未提及此指標,2026-07-28 16:12:24
DIOR,迪奧專業後台腮紅刷,,腮紅刷,吃粉程度,,0,False,False,資料不足，評論中未提及此指標,2026-07-28 16:12:24
DIOR,迪奧專業後台腮紅刷,,腮紅刷,釋粉力,,0,False,False,資料不足，評論中未提及此指標,2026-07-28 16:12:24
DIOR,迪奧專業後台腮紅刷,,腮紅刷,刷毛彈性,,0,True,False,資料不足，評論中未提及此指標,2026-07-28 16:12:24
DIOR,迪奧專業後台腮紅刷,,腮紅刷,刷毛密度,,0,False,False,資料不足，評論中未提及此指標,2026-07-28 16:12:24
DIOR,迪奧專業後台腮紅刷,,腮紅刷,上妝順手度,4.94,1,True,False,⚠️ 樣本僅 2 則，參考性有限 ⚠️ 有效評論樣本較少，結果僅供參考,2026-07-28 16:12:24
DIOR,迪奧專業後台腮紅刷,,腮紅刷,耐用度,,0,True,False,資料不足，評論中未提及此指標,2026-07-28 16:12:24
DIOR,迪奧專業後台腮紅刷,,腮紅刷,毛質觸感,4.48,2,False,False,⚠️ 樣本僅 2 則且評論分歧，參考性有限 ⚠️ 有效評論樣本較少，結果僅供參考,2026-07-28 16:12:24
DIOR,迪奧專業後台腮紅刷,,腮紅刷,暈染均勻度,,0,False,False,資料不足，評論中未提及此指標,2026-07-28 16:12:24
DIOR,迪奧專業後台腮紅刷,,腮紅刷,綜合評分,4.7,,,,排除 2 則業配/疑似業配、25 則商品不符,2026-07-28 16:12:24
CHANEL,Nº110香奈兒腮紅刷,,腮紅刷,刷痕殘留度,,0,False,False,資料不足，評論中未提及此指標,2026-07-28 16:12:24
CHANEL,Nº110香奈兒腮紅刷,,腮紅刷,吃粉程度,4.37,1,False,False,⚠️ 樣本僅 2 則，參考性有限,2026-07-28 16:12:24
CHANEL,Nº110香奈兒腮紅刷,,腮紅刷,釋粉力,,0,False,False,資料不足，評論中未提及此指標,2026-07-28 16:12:24
CHANEL,Nº110香奈兒腮紅刷,,腮紅刷,刷毛彈性,,0,True,False,資料不足，評論中未提及此指標,2026-07-28 16:12:24
CHANEL,Nº110香奈兒腮紅刷,,腮紅刷,刷毛密度,,0,False,False,資料不足，評論中未提及此指標,2026-07-28 16:12:24
CHANEL,Nº110香奈兒腮紅刷,,腮紅刷,上妝順手度,2.63,1,True,False,⚠️ 樣本僅 2 則，參考性有限,2026-07-28 16:12:24
CHANEL,Nº110香奈兒腮紅刷,,腮紅刷,耐用度,4.37,1,True,False,⚠️ 樣本僅 2 則，參考性有限,2026-07-28 16:12:24
CHANEL,Nº110香奈兒腮紅刷,,腮紅刷,毛質觸感,4.94,1,False,False,⚠️ 樣本僅 2 則，參考性有限,2026-07-28 16:12:24
CHANEL,Nº110香奈兒腮紅刷,,腮紅刷,暈染均勻度,4.94,1,False,False,⚠️ 樣本僅 2 則，參考性有限,2026-07-28 16:12:24
CHANEL,Nº110香奈兒腮紅刷,,腮紅刷,綜合評分,4.1,,,,排除 0 則業配/疑似業配、26 則商品不符,2026-07-28 16:12:24
MAKE UP FOREVER,腮紅刷 #160,,腮紅刷,刷痕殘留度,,0,False,False,資料不足，評論中未提及此指標,2026-07-28 16:12:24
MAKE UP FOREVER,腮紅刷 #160,,腮紅刷,吃粉程度,4.94,1,False,False,⚠️ 樣本僅 2 則，參考性有限,2026-07-28 16:12:24
MAKE UP FOREVER,腮紅刷 #160,,腮紅刷,釋粉力,,0,False,False,資料不足，評論中未提及此指標,2026-07-28 16:12:24
MAKE UP FOREVER,腮紅刷 #160,,腮紅刷,刷毛彈性,1.02,1,True,False,⚠️ 樣本僅 2 則，參考性有限,2026-07-28 16:12:24
MAKE UP FOREVER,腮紅刷 #160,,腮紅刷,刷毛密度,1.02,1,False,False,⚠️ 樣本僅 2 則，參考性有限,2026-07-28 16:12:24
MAKE UP FOREVER,腮紅刷 #160,,腮紅刷,上妝順手度,4.94,6,True,False,核心指標 ×1.3,2026-07-28 16:12:24
MAKE UP FOREVER,腮紅刷 #160,,腮紅刷,耐用度,,0,True,False,資料不足，評論中未提及此指標,2026-07-28 16:12:24
MAKE UP FOREVER,腮紅刷 #160,,腮紅刷,毛質觸感,4.94,2,False,False,⚠️ 樣本僅 2 則，參考性有限,2026-07-28 16:12:24
MAKE UP FOREVER,腮紅刷 #160,,腮紅刷,暈染均勻度,3.29,4,False,False,,2026-07-28 16:12:24
MAKE UP FOREVER,腮紅刷 #160,,腮紅刷,綜合評分,3.4,,,,排除 0 則業配/疑似業配、24 則商品不符,2026-07-28 16:12:24
Bobbi Brown,腮紅刷,,腮紅刷,刷痕殘留度,,0,False,False,資料不足，評論中未提及此指標,2026-07-28 16:12:24
Bobbi Brown,腮紅刷,,腮紅刷,吃粉程度,4.94,3,False,False,,2026-07-28 16:12:24
Bobbi Brown,腮紅刷,,腮紅刷,釋粉力,4.94,1,False,False,⚠️ 樣本僅 2 則，參考性有限,2026-07-28 16:12:24
Bobbi Brown,腮紅刷,,腮紅刷,刷毛彈性,,0,True,False,資料不足，評論中未提及此指標,2026-07-28 16:12:24
Bobbi Brown,腮紅刷,,腮紅刷,刷毛密度,4.94,1,False,False,⚠️ 樣本僅 2 則，參考性有限,2026-07-28 16:12:24
Bobbi Brown,腮紅刷,,腮紅刷,上妝順手度,4.92,5,True,False,核心指標 ×1.3,2026-07-28 16:12:24
Bobbi Brown,腮紅刷,,腮紅刷,耐用度,4.84,7,True,False,核心指標 ×1.3,2026-07-28 16:12:24
Bobbi Brown,腮紅刷,,腮紅刷,毛質觸感,3.7,7,False,False,,2026-07-28 16:12:24
Bobbi Brown,腮紅刷,,腮紅刷,暈染均勻度,5.0,5,False,False,,2026-07-28 16:12:24
Bobbi Brown,腮紅刷,,腮紅刷,綜合評分,4.7,,,,排除 2 則業配/疑似業配、12 則商品不符,2026-07-28 16:12:24
資生堂,水滴型多效修容刷,,打亮修容刷,刷痕殘留度,,0,False,False,資料不足，評論中未提及此指標,2026-07-28 16:12:24
資生堂,水滴型多效修容刷,,打亮修容刷,吃粉程度,,0,False,False,資料不足，評論中未提及此指標,2026-07-28 16:12:24
資生堂,水滴型多效修容刷,,打亮修容刷,釋粉力,,0,False,False,資料不足，評論中未提及此指標,2026-07-28 16:12:24
資生堂,水滴型多效修容刷,,打亮修容刷,刷毛彈性,,0,False,False,資料不足，評論中未提及此指標,2026-07-28 16:12:24
資生堂,水滴型多效修容刷,,打亮修容刷,刷毛密度,,0,False,False,資料不足，評論中未提及此指標,2026-07-28 16:12:24
資生堂,水滴型多效修容刷,,打亮修容刷,上妝順手度,,0,True,False,資料不足，評論中未提及此指標,2026-07-28 16:12:24
資生堂,水滴型多效修容刷,,打亮修容刷,耐用度,,0,False,False,資料不足，評論中未提及此指標,2026-07-28 16:12:24
資生堂,水滴型多效修容刷,,打亮修容刷,毛質觸感,,0,True,False,資料不足，評論中未提及此指標,2026-07-28 16:12:24
資生堂,水滴型多效修容刷,,打亮修容刷,暈染均勻度,,0,True,False,資料不足，評論中未提及此指標,2026-07-28 16:12:24
資生堂,水滴型多效修容刷,,打亮修容刷,顯色度,,0,False,False,資料不足，評論中未提及此指標,2026-07-28 16:12:24
M.A.C,#187專業彩妝刷,,打亮修容刷,刷痕殘留度,,0,False,False,資料不足，評論中未提及此指標,2026-07-28 16:12:24
M.A.C,#187專業彩妝刷,,打亮修容刷,吃粉程度,4.94,1,False,False,⚠️ 樣本僅 2 則，參考性有限,2026-07-28 16:12:24
M.A.C,#187專業彩妝刷,,打亮修容刷,釋粉力,4.74,5,False,False,,2026-07-28 16:12:24
M.A.C,#187專業彩妝刷,,打亮修容刷,刷毛彈性,4.94,1,False,False,⚠️ 樣本僅 2 則，參考性有限,2026-07-28 16:12:24
M.A.C,#187專業彩妝刷,,打亮修容刷,刷毛密度,2.83,3,False,False,,2026-07-28 16:12:24
M.A.C,#187專業彩妝刷,,打亮修容刷,上妝順手度,4.34,6,True,False,核心指標 ×1.3,2026-07-28 16:12:24
M.A.C,#187專業彩妝刷,,打亮修容刷,耐用度,4.94,1,False,False,⚠️ 樣本僅 2 則，參考性有限,2026-07-28 16:12:24
M.A.C,#187專業彩妝刷,,打亮修容刷,毛質觸感,4.93,7,True,False,核心指標 ×1.3,2026-07-28 16:12:24
M.A.C,#187專業彩妝刷,,打亮修容刷,暈染均勻度,5.0,8,True,False,核心指標 ×1.3,2026-07-28 16:12:24
M.A.C,#187專業彩妝刷,,打亮修容刷,顯色度,,0,False,False,資料不足，評論中未提及此指標,2026-07-28 16:12:24
M.A.C,#187專業彩妝刷,,打亮修容刷,綜合評分,4.6,,,,排除 0 則業配/疑似業配、17 則商品不符,2026-07-28 16:12:24
CHANEL,Nº109香奈兒修容蜜粉刷,,打亮修容刷,刷痕殘留度,,0,False,False,資料不足，評論中未提及此指標,2026-07-28 16:12:24
CHANEL,Nº109香奈兒修容蜜粉刷,,打亮修容刷,吃粉程度,,0,False,False,資料不足，評論中未提及此指標,2026-07-28 16:12:24
CHANEL,Nº109香奈兒修容蜜粉刷,,打亮修容刷,釋粉力,,0,False,False,資料不足，評論中未提及此指標,2026-07-28 16:12:24
CHANEL,Nº109香奈兒修容蜜粉刷,,打亮修容刷,刷毛彈性,,0,False,False,資料不足，評論中未提及此指標,2026-07-28 16:12:24
CHANEL,Nº109香奈兒修容蜜粉刷,,打亮修容刷,刷毛密度,,0,False,False,資料不足，評論中未提及此指標,2026-07-28 16:12:24
CHANEL,Nº109香奈兒修容蜜粉刷,,打亮修容刷,上妝順手度,,0,True,False,資料不足，評論中未提及此指標,2026-07-28 16:12:24
CHANEL,Nº109香奈兒修容蜜粉刷,,打亮修容刷,耐用度,4.94,1,False,False,⚠️ 樣本僅 2 則，參考性有限 ⚠️ 有效評論樣本較少，結果僅供參考,2026-07-28 16:12:24
CHANEL,Nº109香奈兒修容蜜粉刷,,打亮修容刷,毛質觸感,,0,True,False,資料不足，評論中未提及此指標,2026-07-28 16:12:24
CHANEL,Nº109香奈兒修容蜜粉刷,,打亮修容刷,暈染均勻度,,0,True,False,資料不足，評論中未提及此指標,2026-07-28 16:12:24
CHANEL,Nº109香奈兒修容蜜粉刷,,打亮修容刷,顯色度,,0,False,False,資料不足，評論中未提及此指標,2026-07-28 16:12:24
CHANEL,Nº109香奈兒修容蜜粉刷,,打亮修容刷,綜合評分,4.9,,,,排除 2 則業配/疑似業配、27 則商品不符,2026-07-28 16:12:24
MAKE UP FOREVER,精準打亮刷 #144,,打亮修容刷,刷痕殘留度,,0,False,False,資料不足，評論中未提及此指標,2026-07-28 16:12:24
MAKE UP FOREVER,精準打亮刷 #144,,打亮修容刷,吃粉程度,,0,False,False,資料不足，評論中未提及此指標,2026-07-28 16:12:24
MAKE UP FOREVER,精準打亮刷 #144,,打亮修容刷,釋粉力,,0,False,False,資料不足，評論中未提及此指標,2026-07-28 16:12:24
MAKE UP FOREVER,精準打亮刷 #144,,打亮修容刷,刷毛彈性,4.37,1,False,False,⚠️ 樣本僅 2 則，參考性有限,2026-07-28 16:12:24
MAKE UP FOREVER,精準打亮刷 #144,,打亮修容刷,刷毛密度,,0,False,False,資料不足，評論中未提及此指標,2026-07-28 16:12:24
MAKE UP FOREVER,精準打亮刷 #144,,打亮修容刷,上妝順手度,5.0,2,True,False,⚠️ 樣本僅 2 則且評論分歧，參考性有限,2026-07-28 16:12:24
MAKE UP FOREVER,精準打亮刷 #144,,打亮修容刷,耐用度,,0,False,False,資料不足，評論中未提及此指標,2026-07-28 16:12:24
MAKE UP FOREVER,精準打亮刷 #144,,打亮修容刷,毛質觸感,,0,True,False,資料不足，評論中未提及此指標,2026-07-28 16:12:24
MAKE UP FOREVER,精準打亮刷 #144,,打亮修容刷,暈染均勻度,4.94,2,True,False,⚠️ 樣本僅 2 則，參考性有限,2026-07-28 16:12:24
MAKE UP FOREVER,精準打亮刷 #144,,打亮修容刷,顯色度,,0,False,False,資料不足，評論中未提及此指標,2026-07-28 16:12:24
MAKE UP FOREVER,精準打亮刷 #144,,打亮修容刷,綜合評分,4.8,,,,排除 3 則業配/疑似業配、22 則商品不符,2026-07-28 16:12:24
Bobbi Brown,勻臉刷,,打亮修容刷,刷痕殘留度,,0,False,False,資料不足，評論中未提及此指標,2026-07-28 16:12:24
Bobbi Brown,勻臉刷,,打亮修容刷,吃粉程度,4.2,2,False,False,⚠️ 樣本僅 2 則且評論分歧，參考性有限,2026-07-28 16:12:24
Bobbi Brown,勻臉刷,,打亮修容刷,釋粉力,,0,False,False,資料不足，評論中未提及此指標,2026-07-28 16:12:24
Bobbi Brown,勻臉刷,,打亮修容刷,刷毛彈性,,0,False,False,資料不足，評論中未提及此指標,2026-07-28 16:12:24
Bobbi Brown,勻臉刷,,打亮修容刷,刷毛密度,,0,False,False,資料不足，評論中未提及此指標,2026-07-28 16:12:24
Bobbi Brown,勻臉刷,,打亮修容刷,上妝順手度,,0,True,False,資料不足，評論中未提及此指標,2026-07-28 16:12:24
Bobbi Brown,勻臉刷,,打亮修容刷,耐用度,2.63,2,False,False,⚠️ 樣本僅 2 則，參考性有限,2026-07-28 16:12:24
Bobbi Brown,勻臉刷,,打亮修容刷,毛質觸感,2.29,3,True,False,核心指標 ×1.3,2026-07-28 16:12:24
Bobbi Brown,勻臉刷,,打亮修容刷,暈染均勻度,,0,True,False,資料不足，評論中未提及此指標,2026-07-28 16:12:24
Bobbi Brown,勻臉刷,,打亮修容刷,顯色度,2.63,1,False,False,⚠️ 樣本僅 2 則，參考性有限,2026-07-28 16:12:24
Bobbi Brown,勻臉刷,,打亮修容刷,綜合評分,2.9,,,,排除 4 則業配/疑似業配、21 則商品不符,2026-07-28 16:12:24
植村秀,無極限輕柔無痕粉撲,,海綿粉撲,材質回彈力,4.94,1,False,False,⚠️ 樣本僅 2 則，參考性有限,2026-07-28 16:12:24
植村秀,無極限輕柔無痕粉撲,,海綿粉撲,材質柔軟度,5.0,4,True,False,核心指標 ×1.3,2026-07-28 16:12:24
植村秀,無極限輕柔無痕粉撲,,海綿粉撲,吃粉程度,3.54,5,True,False,核心指標 ×1.3,2026-07-28 16:12:24
植村秀,無極限輕柔無痕粉撲,,海綿粉撲,釋粉力,,0,False,False,資料不足，評論中未提及此指標,2026-07-28 16:12:24
植村秀,無極限輕柔無痕粉撲,,海綿粉撲,孔隙密度,4.94,2,False,False,⚠️ 樣本僅 2 則，參考性有限,2026-07-28 16:12:24
植村秀,無極限輕柔無痕粉撲,,海綿粉撲,服貼度,5.0,7,True,False,核心指標 ×1.3,2026-07-28 16:12:24
植村秀,無極限輕柔無痕粉撲,,海綿粉撲,親水性,,0,False,False,資料不足，評論中未提及此指標,2026-07-28 16:12:24
植村秀,無極限輕柔無痕粉撲,,海綿粉撲,耐用度,4.75,3,False,False,,2026-07-28 16:12:24
植村秀,無極限輕柔無痕粉撲,,海綿粉撲,綜合評分,4.6,,,,排除 1 則業配/疑似業配、15 則商品不符,2026-07-28 16:12:24
YSL,極服貼彈力粉撲,,海綿粉撲,材質回彈力,,0,False,False,資料不足，評論中未提及此指標,2026-07-28 16:12:24
YSL,極服貼彈力粉撲,,海綿粉撲,材質柔軟度,3.18,2,True,False,⚠️ 樣本僅 2 則且評論分歧，參考性有限,2026-07-28 16:12:24
YSL,極服貼彈力粉撲,,海綿粉撲,吃粉程度,3.6,6,True,False,核心指標 ×1.3,2026-07-28 16:12:24
YSL,極服貼彈力粉撲,,海綿粉撲,釋粉力,,0,False,False,資料不足，評論中未提及此指標,2026-07-28 16:12:24
YSL,極服貼彈力粉撲,,海綿粉撲,孔隙密度,2.04,1,False,False,⚠️ 樣本僅 2 則，參考性有限,2026-07-28 16:12:24
YSL,極服貼彈力粉撲,,海綿粉撲,服貼度,2.73,3,True,False,核心指標 ×1.3,2026-07-28 16:12:24
YSL,極服貼彈力粉撲,,海綿粉撲,親水性,4.94,1,False,False,⚠️ 樣本僅 2 則，參考性有限,2026-07-28 16:12:24
YSL,極服貼彈力粉撲,,海綿粉撲,耐用度,,0,False,False,資料不足，評論中未提及此指標,2026-07-28 16:12:24
YSL,極服貼彈力粉撲,,海綿粉撲,綜合評分,3.3,,,,排除 1 則業配/疑似業配、20 則商品不符,2026-07-28 16:12:24
MAKE UP FOREVER,彈力美妝蛋,,海綿粉撲,材質回彈力,4.71,3,False,False,,2026-07-28 16:12:24
MAKE UP FOREVER,彈力美妝蛋,,海綿粉撲,材質柔軟度,3.34,7,True,False,核心指標 ×1.3,2026-07-28 16:12:24
MAKE UP FOREVER,彈力美妝蛋,,海綿粉撲,吃粉程度,4.81,11,True,False,核心指標 ×1.3,2026-07-28 16:12:24
MAKE UP FOREVER,彈力美妝蛋,,海綿粉撲,釋粉力,4.94,1,False,False,⚠️ 樣本僅 2 則，參考性有限,2026-07-28 16:12:24
MAKE UP FOREVER,彈力美妝蛋,,海綿粉撲,孔隙密度,4.94,7,False,False,,2026-07-28 16:12:24
MAKE UP FOREVER,彈力美妝蛋,,海綿粉撲,服貼度,4.49,8,True,False,核心指標 ×1.3,2026-07-28 16:12:24
MAKE UP FOREVER,彈力美妝蛋,,海綿粉撲,親水性,3.73,4,False,False,,2026-07-28 16:12:24
MAKE UP FOREVER,彈力美妝蛋,,海綿粉撲,耐用度,3.32,3,False,True,🔀 兩極分化,2026-07-28 16:12:24
MAKE UP FOREVER,彈力美妝蛋,,海綿粉撲,綜合評分,4.3,,,,排除 1 則業配/疑似業配、10 則商品不符,2026-07-28 16:12:24
植村秀,專業眼影刷10N,,眼影刷,刷痕殘留度,,0,False,False,資料不足，評論中未提及此指標,2026-07-28 16:12:24
植村秀,專業眼影刷10N,,眼影刷,吃粉程度,,0,True,False,資料不足，評論中未提及此指標,2026-07-28 16:12:24
植村秀,專業眼影刷10N,,眼影刷,釋粉力,,0,False,False,資料不足，評論中未提及此指標,2026-07-28 16:12:24
植村秀,專業眼影刷10N,,眼影刷,刷毛彈性,,0,False,False,資料不足，評論中未提及此指標,2026-07-28 16:12:24
植村秀,專業眼影刷10N,,眼影刷,刷毛密度,,0,False,False,資料不足，評論中未提及此指標,2026-07-28 16:12:24
植村秀,專業眼影刷10N,,眼影刷,上妝順手度,2.63,1,False,False,⚠️ 樣本僅 2 則，參考性有限 ⚠️ 有效評論樣本較少，結果僅供參考,2026-07-28 16:12:24
植村秀,專業眼影刷10N,,眼影刷,耐用度,5.0,1,True,False,⚠️ 樣本僅 2 則，參考性有限 ⚠️ 有效評論樣本較少，結果僅供參考,2026-07-28 16:12:24
植村秀,專業眼影刷10N,,眼影刷,毛質觸感,5.0,1,False,False,⚠️ 樣本僅 2 則，參考性有限 ⚠️ 有效評論樣本較少，結果僅供參考,2026-07-28 16:12:24
植村秀,專業眼影刷10N,,眼影刷,暈染均勻度,4.94,1,True,False,⚠️ 樣本僅 2 則，參考性有限 ⚠️ 有效評論樣本較少，結果僅供參考,2026-07-28 16:12:24
植村秀,專業眼影刷10N,,眼影刷,顯色度,,0,False,False,資料不足，評論中未提及此指標,2026-07-28 16:12:24
植村秀,專業眼影刷10N,,眼影刷,綜合評分,4.4,,,,排除 1 則業配/疑似業配、26 則商品不符,2026-07-28 16:12:24
資生堂,小斜角多效眼彩刷,,眼影刷,刷痕殘留度,,0,False,False,資料不足，評論中未提及此指標,2026-07-28 16:12:24
資生堂,小斜角多效眼彩刷,,眼影刷,吃粉程度,,0,True,False,資料不足，評論中未提及此指標,2026-07-28 16:12:24
資生堂,小斜角多效眼彩刷,,眼影刷,釋粉力,,0,False,False,資料不足，評論中未提及此指標,2026-07-28 16:12:24
資生堂,小斜角多效眼彩刷,,眼影刷,刷毛彈性,3.5,1,False,False,⚠️ 樣本僅 2 則，參考性有限 ⚠️ 有效評論樣本較少，結果僅供參考,2026-07-28 16:12:24
資生堂,小斜角多效眼彩刷,,眼影刷,刷毛密度,,0,False,False,資料不足，評論中未提及此指標,2026-07-28 16:12:24
資生堂,小斜角多效眼彩刷,,眼影刷,上妝順手度,4.94,1,False,False,⚠️ 樣本僅 2 則，參考性有限 ⚠️ 有效評論樣本較少，結果僅供參考,2026-07-28 16:12:24
資生堂,小斜角多效眼彩刷,,眼影刷,耐用度,,0,True,False,資料不足，評論中未提及此指標,2026-07-28 16:12:24
資生堂,小斜角多效眼彩刷,,眼影刷,毛質觸感,4.94,1,False,False,⚠️ 樣本僅 2 則，參考性有限 ⚠️ 有效評論樣本較少，結果僅供參考,2026-07-28 16:12:24
資生堂,小斜角多效眼彩刷,,眼影刷,暈染均勻度,,0,True,False,資料不足，評論中未提及此指標,2026-07-28 16:12:24
資生堂,小斜角多效眼彩刷,,眼影刷,顯色度,,0,False,False,資料不足，評論中未提及此指標,2026-07-28 16:12:24
資生堂,小斜角多效眼彩刷,,眼影刷,綜合評分,4.4,,,,排除 0 則業配/疑似業配、25 則商品不符,2026-07-28 16:12:24
M.A.C,#217專業彩妝刷,,眼影刷,刷痕殘留度,,0,False,False,資料不足，評論中未提及此指標,2026-07-28 16:12:24
M.A.C,#217專業彩妝刷,,眼影刷,吃粉程度,5.0,3,True,False,核心指標 ×1.3,2026-07-28 16:12:24
M.A.C,#217專業彩妝刷,,眼影刷,釋粉力,4.94,1,False,False,⚠️ 樣本僅 2 則，參考性有限,2026-07-28 16:12:24
M.A.C,#217專業彩妝刷,,眼影刷,刷毛彈性,4.58,2,False,False,⚠️ 樣本僅 2 則且評論分歧，參考性有限,2026-07-28 16:12:24
M.A.C,#217專業彩妝刷,,眼影刷,刷毛密度,4.94,2,False,False,⚠️ 樣本僅 2 則，參考性有限,2026-07-28 16:12:24
M.A.C,#217專業彩妝刷,,眼影刷,上妝順手度,4.89,9,False,False,,2026-07-28 16:12:24
M.A.C,#217專業彩妝刷,,眼影刷,耐用度,2.63,1,True,False,⚠️ 樣本僅 2 則，參考性有限,2026-07-28 16:12:24
M.A.C,#217專業彩妝刷,,眼影刷,毛質觸感,4.94,5,False,False,,2026-07-28 16:12:24
M.A.C,#217專業彩妝刷,,眼影刷,暈染均勻度,5.0,17,True,False,核心指標 ×1.3,2026-07-28 16:12:24
M.A.C,#217專業彩妝刷,,眼影刷,顯色度,4.6,6,False,False,,2026-07-28 16:12:24
M.A.C,#217專業彩妝刷,,眼影刷,綜合評分,4.6,,,,排除 2 則業配/疑似業配、1 則商品不符,2026-07-28 16:12:24
DIOR,迪奧專業後台眼影刷,,眼影刷,刷痕殘留度,,0,False,False,資料不足，評論中未提及此指標,2026-07-28 16:12:24
DIOR,迪奧專業後台眼影刷,,眼影刷,吃粉程度,,0,True,False,資料不足，評論中未提及此指標,2026-07-28 16:12:24
DIOR,迪奧專業後台眼影刷,,眼影刷,釋粉力,4.94,1,False,False,⚠️ 樣本僅 2 則，參考性有限,2026-07-28 16:12:24
DIOR,迪奧專業後台眼影刷,,眼影刷,刷毛彈性,,0,False,False,資料不足，評論中未提及此指標,2026-07-28 16:12:24
DIOR,迪奧專業後台眼影刷,,眼影刷,刷毛密度,,0,False,False,資料不足，評論中未提及此指標,2026-07-28 16:12:24
DIOR,迪奧專業後台眼影刷,,眼影刷,上妝順手度,4.94,1,False,False,⚠️ 樣本僅 2 則，參考性有限,2026-07-28 16:12:24
DIOR,迪奧專業後台眼影刷,,眼影刷,耐用度,,0,True,False,資料不足，評論中未提及此指標,2026-07-28 16:12:24
DIOR,迪奧專業後台眼影刷,,眼影刷,毛質觸感,4.68,5,False,False,,2026-07-28 16:12:24
DIOR,迪奧專業後台眼影刷,,眼影刷,暈染均勻度,4.37,2,True,False,⚠️ 樣本僅 2 則，參考性有限,2026-07-28 16:12:24
DIOR,迪奧專業後台眼影刷,,眼影刷,顯色度,4.37,2,False,False,⚠️ 樣本僅 2 則，參考性有限,2026-07-28 16:12:24
DIOR,迪奧專業後台眼影刷,,眼影刷,綜合評分,4.6,,,,排除 2 則業配/疑似業配、22 則商品不符,2026-07-28 16:12:24
CHANEL,Nº202香奈兒扁平眼影刷,,眼影刷,刷痕殘留度,,0,False,False,資料不足，評論中未提及此指標,2026-07-28 16:12:24
CHANEL,Nº202香奈兒扁平眼影刷,,眼影刷,吃粉程度,,0,True,False,資料不足，評論中未提及此指標,2026-07-28 16:12:24
CHANEL,Nº202香奈兒扁平眼影刷,,眼影刷,釋粉力,,0,False,False,資料不足，評論中未提及此指標,2026-07-28 16:12:24
CHANEL,Nº202香奈兒扁平眼影刷,,眼影刷,刷毛彈性,,0,False,False,資料不足，評論中未提及此指標,2026-07-28 16:12:24
CHANEL,Nº202香奈兒扁平眼影刷,,眼影刷,刷毛密度,,0,False,False,資料不足，評論中未提及此指標,2026-07-28 16:12:24
CHANEL,Nº202香奈兒扁平眼影刷,,眼影刷,上妝順手度,,0,False,False,資料不足，評論中未提及此指標,2026-07-28 16:12:24
CHANEL,Nº202香奈兒扁平眼影刷,,眼影刷,耐用度,,0,True,False,資料不足，評論中未提及此指標,2026-07-28 16:12:24
CHANEL,Nº202香奈兒扁平眼影刷,,眼影刷,毛質觸感,2.04,1,False,False,⚠️ 樣本僅 2 則，參考性有限 ⚠️ 有效評論樣本較少，結果僅供參考,2026-07-28 16:12:24
CHANEL,Nº202香奈兒扁平眼影刷,,眼影刷,暈染均勻度,,0,True,False,資料不足，評論中未提及此指標,2026-07-28 16:12:24
CHANEL,Nº202香奈兒扁平眼影刷,,眼影刷,顯色度,,0,False,False,資料不足，評論中未提及此指標,2026-07-28 16:12:24
CHANEL,Nº202香奈兒扁平眼影刷,,眼影刷,綜合評分,2.0,,,,排除 0 則業配/疑似業配、29 則商品不符,2026-07-28 16:12:24
MAKE UP FOREVER,中型暈染眼影刷 #218,,眼影刷,刷痕殘留度,4.94,1,False,False,⚠️ 樣本僅 2 則，參考性有限 ⚠️ 有效評論樣本較少，結果僅供參考,2026-07-28 16:12:24
MAKE UP FOREVER,中型暈染眼影刷 #218,,眼影刷,吃粉程度,,0,True,False,資料不足，評論中未提及此指標,2026-07-28 16:12:24
MAKE UP FOREVER,中型暈染眼影刷 #218,,眼影刷,釋粉力,,0,False,False,資料不足，評論中未提及此指標,2026-07-28 16:12:24
MAKE UP FOREVER,中型暈染眼影刷 #218,,眼影刷,刷毛彈性,,0,False,False,資料不足，評論中未提及此指標,2026-07-28 16:12:24
MAKE UP FOREVER,中型暈染眼影刷 #218,,眼影刷,刷毛密度,4.94,1,False,False,⚠️ 樣本僅 2 則，參考性有限 ⚠️ 有效評論樣本較少，結果僅供參考,2026-07-28 16:12:24
MAKE UP FOREVER,中型暈染眼影刷 #218,,眼影刷,上妝順手度,4.94,1,False,False,⚠️ 樣本僅 2 則，參考性有限 ⚠️ 有效評論樣本較少，結果僅供參考,2026-07-28 16:12:24
MAKE UP FOREVER,中型暈染眼影刷 #218,,眼影刷,耐用度,,0,True,False,資料不足，評論中未提及此指標,2026-07-28 16:12:24
MAKE UP FOREVER,中型暈染眼影刷 #218,,眼影刷,毛質觸感,,0,False,False,資料不足，評論中未提及此指標,2026-07-28 16:12:24
MAKE UP FOREVER,中型暈染眼影刷 #218,,眼影刷,暈染均勻度,3.5,1,True,False,⚠️ 樣本僅 2 則，參考性有限 ⚠️ 有效評論樣本較少，結果僅供參考,2026-07-28 16:12:24
MAKE UP FOREVER,中型暈染眼影刷 #218,,眼影刷,顯色度,,0,False,False,資料不足，評論中未提及此指標,2026-07-28 16:12:24
MAKE UP FOREVER,中型暈染眼影刷 #218,,眼影刷,綜合評分,4.5,,,,排除 0 則業配/疑似業配、28 則商品不符,2026-07-28 16:12:24
Bobbi Brown,眼影刷,,眼影刷,刷痕殘留度,,0,False,False,資料不足，評論中未提及此指標,2026-07-28 16:12:24
Bobbi Brown,眼影刷,,眼影刷,吃粉程度,,0,True,False,資料不足，評論中未提及此指標,2026-07-28 16:12:24
Bobbi Brown,眼影刷,,眼影刷,釋粉力,,0,False,False,資料不足，評論中未提及此指標,2026-07-28 16:12:24
Bobbi Brown,眼影刷,,眼影刷,刷毛彈性,2.04,1,False,False,⚠️ 樣本僅 2 則，參考性有限,2026-07-28 16:12:24
Bobbi Brown,眼影刷,,眼影刷,刷毛密度,,0,False,False,資料不足，評論中未提及此指標,2026-07-28 16:12:24
Bobbi Brown,眼影刷,,眼影刷,上妝順手度,4.94,2,False,False,⚠️ 樣本僅 2 則，參考性有限,2026-07-28 16:12:24
Bobbi Brown,眼影刷,,眼影刷,耐用度,3.51,2,True,False,⚠️ 樣本僅 2 則且評論分歧，參考性有限,2026-07-28 16:12:24
Bobbi Brown,眼影刷,,眼影刷,毛質觸感,3.15,4,False,False,,2026-07-28 16:12:24
Bobbi Brown,眼影刷,,眼影刷,暈染均勻度,4.66,2,True,False,⚠️ 樣本僅 2 則且評論分歧，參考性有限,2026-07-28 16:12:24
Bobbi Brown,眼影刷,,眼影刷,顯色度,,0,False,False,資料不足，評論中未提及此指標,2026-07-28 16:12:24
Bobbi Brown,眼影刷,,眼影刷,綜合評分,3.7,,,,排除 0 則業配/疑似業配、25 則商品不符,2026-07-28 16:12:24
