 ,Types,Categories,Subcategories,Brand,Items（台灣官網商品名）,Items（中國官網商品名）,Another name（別稱）,Image,Product URL,HashTag,Last Update,Update This Time
1,彩妝,底妝產品,粉底液,植村秀,無極限超持久輕粉底 SPF25 PA+++,植村秀羽沙輕盈持妝粉底液,小方瓶,https://shoplineimg.com/5a8293389f9a4f3b09000791/67ab2b8cd5caed000d4fbf95/800x.webp?source_format=jpg,https://www.shuuemura.com.tw/products/advanced-unlimited,"油肌, 混合肌, 霧面感, 控油, 持久不脫妝, 防水防汗, 不暗沉, 不致痘",2026-07-07,
2,彩妝,底妝產品,粉底液,資生堂,超進化光感緊緻粉底N,資生堂新款亮瓶銀座粉底液,感光粉底,https://www.global-shiseido.com.tw/dw/image/v2/BCSK_PRD/on/demandware.static/-/Sites-itemmaster_shiseido/default/dw475992b8/images/products/21596/21596_S_01.jpg?sw=1000&sh=1000&sm=fit,https://www.global-shiseido.com.tw/%E7%B2%89%E5%BA%95-%E3%80%90%E5%85%A8%E6%96%B0%E5%8D%87%E7%B4%9A%E3%80%91%E8%B6%85%E9%80%B2%E5%8C%96%E5%85%89%E6%84%9F%E7%B7%8A%E7%B7%BB%E7%B2%89%E5%BA%95n-%E6%B0%B4%E5%85%89%E7%B2%89%E5%BA%95-%2F-%E7%B2%89%E5%BA%95%E6%B6%B2-%2F-%E7%B2%89%E5%BA%95%E6%B6%B2%E6%8E%A8%E8%96%A6-10121642301SHI.html?dwvar_10121642301SHI_color=C1012159630&cgid=M2_Face_Foundation,"乾肌, 中性肌, 光澤感, 保濕貼妝, 持久不脫妝, 不卡紋, 敏感肌友善",2026-07-07,
3,彩妝,底妝產品,粉底液,M.A.C,超持妝濾鏡粉底液SPF25/PA++,魅可訂製無瑕粉底液,定制无瑕,https://sdcdn.io/mac/tw/mac_sku_SRMY32_1x1_0.png?width=1080&height=1080,https://www.maccosmetics.com.tw/product/13847/127963/studio-fix-cushion-compact-spf-50-pa-prefill/spf-50pa,"油肌, 混合肌, 霧面感, 防水防汗, 高遮瑕, 控油, 持久不脫妝, 不暗沉, 不致痘",2026-07-07,
4,彩妝,底妝產品,粉底液,YSL,恆久完美無瑕持妝粉底,恆久完美無瑕持妝粉底,恒久粉底液,https://www.yslbeauty.com.tw/dw/image/v2/AARM_PRD/on/demandware.static/-/Sites-ysl-master-catalog/default/dwee60a0a2/images/makeup/APAC-100120-YSL/APAC-100120-YSL-3614273593489-LC2-IMAGE1.jpg?sw=930&sh=930&sm=cut&sfrm=jpg&q=85,https://www.yslbeauty.com.tw/product/%E7%B2%89%E5%BA%95%E6%B6%B2/%E6%81%86%E4%B9%85%E5%AE%8C%E7%BE%8E%E7%84%A1%E7%91%95%E6%8C%81%E5%A6%9D%E7%B2%89%E5%BA%95/APAC-100120-YSL.html,"油肌,霧面感,防水防汗,控油,持久不脫妝,不暗沉, 不卡紋",2026-07-07,
5,彩妝,底妝產品,粉底液,DIOR,迪奧超完美持久柔光粉底液,迪奧鎖妝粉底液,锁妆粉底,https://www.dior.com/dw/image/v2/BGXS_PRD/on/demandware.static/-/Sites-master_dior/zh_TW/dw4635f1a3/Y0000149/Y0000149_E000001363_E01_RHC.jpg?sw=1280,https://www.dior.com/zh_tw/beauty/products/%E8%BF%AA%E5%A5%A7%E8%B6%85%E5%AE%8C%E7%BE%8E%E6%8C%81%E4%B9%85%E6%9F%94%E5%85%89%E7%B2%89%E5%BA%95%E6%B6%B2-Y0000149.html,"油肌, 混合肌, 霧面感, 高遮瑕, 控油, 防水防汗, 持久不脫妝, 不暗沉, 敏感肌友善, 不卡紋",2026-07-07,
6,彩妝,底妝產品,粉底液,CHANEL,香奈兒原生美肌底妝系列,香奈兒時尚粉底液,泡泡粉底,"https://www.chanel.com/images/t_one/w_0.43,h_0.43,c_crop/q_auto:good,f_autoplus,fl_lossy,dpr_1.1/w_1240/les-beiges-healthy-glow-moisturizing-foundation-b10-1fl-oz--packshot-default-184410-9564846161950.jpg",https://www.chanel.com/tw/makeup/p/184410/les-beiges-healthy-glow-moisturizing-foundation/,"乾肌, 中性肌, 敏感肌, 光澤感, 保濕貼妝, 敏感肌友善, 不致痘, 不卡紋",2026-07-07,
7,彩妝,底妝產品,粉底液,MAKE UP FOREVER,HD SKIN 粉無痕平衡肌底粉底液,玫珂菲不挑皮粉底液,HD粉底,https://img.91app.com/webapi/imagesV3/Original/SalePage/11701034/1/639148920705570000?v=1,https://www.makeupforever.com.tw/SalePage/Index/11701034,"混合肌, 中性肌, 霧面感, 防水防汗, 持久不脫妝, 不暗沉, 不致痘, 不卡紋",2026-07-07,
8,彩妝,底妝產品,粉底液,雅詩蘭黛,Double Wear 粉持久極致完美持妝粉底SPF10/PA++,DW持妝粉底液,DW,https://www.esteelauder.com.tw/media/export/cms/products/558x768/el_sku_PH7F82_558x768_0.jpg,https://www.esteelauder.com.tw/product/643/143007/product-catalog/makeup/face/foundation/double-wear/spf10pa#/shade/2W0-Warm-Vanilla,"油肌, 霧面感, 高遮瑕, 控油, 防水防汗, 持久不脫妝",2026-07-07,
9,彩妝,底妝產品,粉底液,蘭蔻,零粉感超持久粉底SPF 48/ PA++,蘭蔻持妝粉底液,持妆粉底液,https://www.lancome.com.tw/dw/image/v2/AARM_PRD/on/demandware.static/-/Sites-lancome-master-catalog/zh_TW/dw221f803d/images/L3_MakeUp_TeintIdoleUltraWear/A03475-LAC/A03475-LAC-3614273793551-PO-01-IMAGE1.jpg?sw=750&sh=750&sm=cut&sfrm=jpg&q=70,https://www.lancome.com.tw/%E5%BD%A9%E5%A6%9D/%E7%94%A2%E5%93%81%E7%B3%BB%E5%88%97/%E9%9B%B6%E7%B2%89%E6%84%9F%E7%B2%89%E5%BA%95%E5%85%A8%E7%B3%BB%E5%88%97/A03475-LAC.html,"混合肌, 油肌, 霧面感, 控油, 防水防汗, 持久不脫妝, 不暗沉, 不卡紋, 不致痘",2026-07-07,
10,彩妝,底妝產品,粉底液,Bobbi Brown,霧光持久粉底液 SPF 15 PA++,芭比波朗黑磁瓶粉底液,黑磁瓶,https://www.bobbibrown.com.tw/media/export/cms/products/responsive/bb_sku_EW7101_1x1_0.png?width=310&height=310,https://www.bobbibrown.com.tw/product/14017/129115/makeup/face-cheek/foundation/spf-15-pa/weightless-skin-foundation-spf-15#/family/all,"混合肌, 油肌, 霧面感, 控油, 高遮瑕, 持久不脫妝, 敏感肌友善, 不致痘",2026-07-07,
11,彩妝,底妝產品,遮瑕膏,植村秀,無極限持久遮瑕筆,無極限持久遮瑕液,小方瓶遮瑕,https://shoplineimg.com/5a8293389f9a4f3b09000791/674577bb26177600102cd5f8/800x.webp?source_format=jpg,https://www.shuuemura.com.tw/products/unlimited-concealer,"油肌, 混合肌, 霧面感, 高遮瑕, 持久不脫妝, 不暗沉, 不致痘",2026-07-07,
12,彩妝,底妝產品,遮瑕膏,資生堂,超進化光感輕潤遮瑕棒,资生堂遮瑕膏,资生堂遮瑕膏,https://www.global-shiseido.com.tw/dw/image/v2/BCSK_PRD/on/demandware.static/-/Sites-itemmaster_shiseido/default/dw19250d64/images/products/18717/18717_S_01.jpg?sw=1000&sh=1000&sm=fit,https://www.global-shiseido.com.tw/%E7%B2%89%E5%BA%95-%E8%B6%85%E9%80%B2%E5%8C%96%E5%85%89%E6%84%9F%E8%BC%95%E6%BD%A4%E9%81%AE%E7%91%95%E6%A3%92-%E9%81%AE%E7%91%95%2F-%E9%81%AE%E7%91%95%E6%8E%A8%E8%96%A6-1011870410SHI.html?dwvar_1011870410SHI_color=C1011871710&cgid=M2_Face_Foundation,"乾肌, 中性肌, 保濕貼妝, 不卡紋, 不拔乾, 持久不脫妝",2026-07-07,
13,彩妝,底妝產品,遮瑕膏,M.A.C,超持妝六色遮瑕盤,MAC六色遮瑕盤,六色遮瑕盘,https://sdcdn.io/mac/tw/mac_sku_SJR301_1x1_0.png?width=1080&height=1080,https://www.maccosmetics.com.tw/product/13844/71406/studio-fix-conceal-and-correct-palette,"油肌, 混合肌, 霧面感, 高遮瑕, 控油, 持久不脫妝",2026-07-07,
14,彩妝,底妝產品,遮瑕膏,YSL,恆久完美精準無瑕遮瑕液,YSL全新恆久遮瑕液,恒久遮瑕,https://www.yslbeauty.com.tw/dw/image/v2/AARM_PRD/on/demandware.static/-/Sites-ysl-master-catalog/default/dw5bd75034/images/makeup-concealer-lighter/APAC-1004599-YSL/APAC-1004599-YSL-3614273954419-LW7-IMAGE1.jpg?sw=136&sh=136&sm=cut&sfrm=jpeg&q=85,https://www.yslbeauty.com.tw/product/%E9%81%AE%E7%91%95%EF%BD%9C%E6%89%93%E4%BA%AE/%E6%81%86%E4%B9%85%E5%AE%8C%E7%BE%8E%E7%B2%BE%E6%BA%96%E7%84%A1%E7%91%95%E9%81%AE%E7%91%95%E6%B6%B2/APAC-1004599-YSL.html,"油肌, 混合肌, 霧面感, 高遮瑕, 成膜快, 不沾染, 持久不脫妝",2026-07-07,
15,彩妝,底妝產品,遮瑕膏,DIOR,DIOR超完美持久遮瑕乳,迪奥锁妆遮瑕蜜,锁妆遮瑕,https://www.dior.com/dw/image/v2/BGXS_PRD/on/demandware.static/-/Sites-master_dior/default/dwc8d77b7f/Y0326000/Y0326000_C032600005_E01_RHC.jpg?sw=1280,https://www.dior.com/zh_tw/beauty/products/dior%E8%B6%85%E5%AE%8C%E7%BE%8E%E6%8C%81%E4%B9%85%E9%81%AE%E7%91%95%E4%B9%B3-Y0326000.html,"乾肌, 混合肌, 保濕貼妝, 高遮瑕, 不卡紋, 持久不脫妝, 不拔乾",2026-07-07,
16,彩妝,底妝產品,遮瑕膏,CHANEL,香奈兒原生美肌遮瑕精萃,香奈儿遮瑕膏,香奈儿遮瑕膏,"https://www.chanel.com/images/t_one/w_0.43,h_0.43,c_crop/q_auto:good,f_autoplus,fl_lossy,dpr_1.1/w_1240/les-beiges-natural-healthy-glow-b20-0-29oz--packshot-default-184016-9582248755230.jpg",https://www.chanel.com/tw/makeup/p/184016/les-beiges-serum-concealer-natural-healthy-glow/,"乾肌, 中性肌, 敏感肌, 光澤感, 水潤感, 保濕貼妝, 敏感肌友善, 溫和不刺激",2026-07-07,
17,彩妝,底妝產品,遮瑕膏,MAKE UP FOREVER,HD SKIN 粉無痕魔力防水遮瑕霜,玫珂菲清晰无痕遮瑕霜,HD遮瑕,https://img.91app.com/webapi/imagesV3/Original/SalePage/10906292/1/639148929069630000?v=1,https://www.makeupforever.com.tw/SalePage/Index/10906292,"混合肌, 油肌, 霧面感, 防水防汗, 持久不脫妝, 不暗沉, 不卡紋",2026-07-07,
18,彩妝,底妝產品,遮瑕膏,雅詩蘭黛,Futurist 粉保濕遮瑕亮眼精萃,雅诗兰黛沁水遮瑕膏,沁水遮瑕,https://www.esteelauder.com.tw/media/export/cms/products/558x768/el_sku_GXKY02_558x768_0.jpg,https://www.esteelauder.com.tw/product/642/117110/product-catalog/makeup/face/concealer/futurist#/shade/1C,"乾肌, 混合肌, 光澤感, 保濕貼妝, 水潤感, 不起死皮, 不拔乾",2026-07-07,
19,彩妝,底妝產品,遮瑕膏,蘭蔻,零粉感超持久遮瑕提亮液,兰蔻持妆遮瑕液,持妆遮瑕,https://www.lancome.com.tw/dw/image/v2/AARM_PRD/on/demandware.static/-/Sites-lancome-master-catalog/default/dwc37525de/images/L3_MakeUp_Face_Foundation/A04160-LAC/3614274110333/3614274110333-IMAGE1.jpg?sw=930&sh=930&sm=cut&sfrm=jpg&q=70,https://www.lancome.com.tw/%E9%80%B1%E5%B9%B4%E6%85%B6%E6%8E%92%E9%99%A4/A04160-LAC.html,"混合肌, 油肌, 霧面感, 持久不脫妝, 不卡紋, 不暗沉, 不致痘",2026-07-07,
20,彩妝,底妝產品,遮瑕膏,Bobbi Brown,全方位奶油遮瑕盤,芭比波朗完美修饰遮瑕盘,遮瑕盘,https://www.bobbibrown.com.tw/media/export/cms/products/responsive/bb_sku_EYXT01_1x1_0.png?width=440&height=440,https://www.bobbibrown.com.tw/product/14018/127278/makeup/face-cheek/corrector-concealer/skin-touch-up-palette#/shade/Fair%231_%2F_%E6%9A%96%E8%B1%A1%E7%89%99%E7%B1%B3Warm_Ivory,"乾肌, 混合肌, 保濕貼妝, 高遮瑕, 水潤感, 不拔乾, 不起死皮",2026-07-07,
21,彩妝,底妝產品,氣墊粉餅,植村秀,,,,,,,,
22,彩妝,底妝產品,氣墊粉餅,資生堂,,,,,,,,
23,彩妝,底妝產品,氣墊粉餅,M.A.C,超持妝霧絲絨氣墊粉餅SPF 50/PA+++,魅可定制无瑕气垫霜,无瑕气垫,https://sdcdn.io/mac/tw/mac_sku_NY3T01_1x1_0.png?width=1080&height=1080,https://www.maccosmetics.com.tw/product/13847/127963/studio-fix-cushion-compact-spf-50-pa-prefill/spf-50pa,"油肌, 混合肌, 霧面感, 高遮瑕, 控油, 持久不脫妝, 不暗沉",2026-07-07,
24,彩妝,底妝產品,氣墊粉餅,YSL,恆久完美霧光氣墊粉餅SPF23 / PA++,圣罗兰恒久完美气垫,皮气垫/黑气垫,https://www.yslbeauty.com.tw/dw/image/v2/AARM_PRD/on/demandware.static/-/Sites-ysl-master-catalog/default/dwf52790cc/images/makeup-cushion/WW-50654YSL/WW-50654YSL-4936968808333-20-IMAGE1.jpg?sw=930&sh=930&sm=cut&sfrm=png&q=85,https://www.yslbeauty.com.tw/product/%E6%B0%A3%E5%A2%8A%E7%B2%89%E9%A4%85/%E6%81%86%E4%B9%85%E5%AE%8C%E7%BE%8E%E9%9C%A7%E5%85%89%E6%B0%A3%E5%A2%8A%E7%B2%89%E9%A4%85spf23-%2F-pa/WW-50654YSL.html,"油肌, 混合肌, 霧面感, 高遮瑕, 控油, 持久不脫妝, 不卡紋",2026-07-07,
25,彩妝,底妝產品,氣墊粉餅,DIOR,迪奧超完美氣墊粉餅,迪奥锁妆气垫粉底,锁妆气垫,https://www.dior.com/dw/image/v2/BGXS_PRD/on/demandware.static/-/Sites-master_dior/default/dwe507b2c1/Y0997130/Y0997130_C099700228_dynamicalt.png?sw=1280,https://www.dior.com/zh_tw/beauty/products/%E8%BF%AA%E5%A5%A7%E8%B6%85%E5%AE%8C%E7%BE%8E%E6%B0%A3%E5%A2%8A%E7%B2%89%E9%A4%85-Y2997130.html?tabId=T2299713000,"混合肌, 乾肌, 霧面感, 保濕貼妝, 持久不脫妝, 不卡紋, 不暗沉",2026-07-07,
26,彩妝,底妝產品,氣墊粉餅,CHANEL,香奈兒雪紡輕霧持久氣墊粉餅,香奈儿柔光气垫粉底,果冻气垫,"https://www.chanel.com/images/t_one/w_0.43,h_0.43,c_crop/q_auto:good,f_autoplus,fl_lossy,dpr_1.1/w_1240/ultra-le-teint-cushion-longwear-touch-foundation-hydration-flawless-finish-bd01-0-42oz--packshot-default-146460-9543849017374.jpg",https://www.chanel.com/tw/makeup/p/146460/ultra-le-teint-cushion-longwear-touch-foundation-hydration-flawless-finish/,"混合肌, 中性肌, 霧面感, 保濕貼妝, 持久不脫妝, 不卡紋",2026-07-07,
27,彩妝,底妝產品,氣墊粉餅,MAKE UP FOREVER,HD SKIN 粉無痕美肌氣墊粉餅,玫珂菲清晰无痕气垫,HD气垫,https://img.91app.com/webapi/imagesV3/Original/SalePage/9172408/1/639148929069630000?v=1,https://www.makeupforever.com.tw/SalePage/Index/9172408,"混合肌, 油肌, 霧面感, 高遮瑕, 持久不脫妝, 不暗沉",2026-07-07,
28,彩妝,底妝產品,氣墊粉餅,雅詩蘭黛,Double Wear 粉持久完美鎖妝氣墊粉餅SPF45/PA+++,雅诗兰黛DW持妆气垫,DW气垫,https://www.esteelauder.com.tw/media/export/cms/products/558x768/el_sku_G0ZU17_558x768_0.jpg,https://www.esteelauder.com.tw/product/631/127593/product-catalog/makeup/double-wear/spf45pa#/shade/1W1-Bone,"油肌, 霧面感, 高遮瑕, 控油, 防水防汗, 持久不脫妝",2026-07-07,
29,彩妝,底妝產品,氣墊粉餅,蘭蔻,唯我水霧光精華持久氣墊,兰蔻持妆气垫粉底液,小飞碟气垫,https://www.lancome.com.tw/dw/image/v2/AARM_PRD/on/demandware.static/-/Sites-lancome-master-catalog/zh_TW/dw3eb3586a/images/L3_MakeUp_Face_Cushion/A03981-LAC/A03981-LAC_4936968877568%20_IMAGE1.jpg?sw=930&sh=930&sm=cut&sfrm=jpg&q=70,https://www.lancome.com.tw/%E5%BD%A9%E5%A6%9D/%E8%87%89%E9%83%A8%E5%BD%A9%E5%A6%9D/%E6%B0%A3%E5%A2%8A%E7%B2%89%E9%A4%85/A03981-LAC.html,"混合肌, 乾肌, 霧面感, 保濕貼妝, 持久不脫妝, 不暗沉, 不致痘",2026-07-07,
30,彩妝,底妝產品,氣墊粉餅,Bobbi Brown,霧光持久氣墊粉餅,芭比波朗清透持妆气垫,黑气垫,https://www.bobbibrown.com.tw/media/export/cms/products/responsive/bb_sku_H82M06_1x1_0.png?width=440&height=440,https://www.bobbibrown.com.tw/product/14017/128173/makeup/face-cheek/foundation/weightless-skin-cushion-foundationn,"混合肌, 油肌, 霧面感, 控油, 持久不脫妝, 不致痘",2026-07-07,
31,彩妝,底妝產品,蜜粉,植村秀,無極限持妝輕蜜粉,植村秀羽纱持妆蜜粉,小方罐蜜粉,https://shoplineimg.com/5a8293389f9a4f3b09000791/61f0c38afc044400201d6def/800x.webp?source_format=jpg,https://www.shuuemura.com.tw/categories/face-powder,"油肌, 混合肌, 霧面感, 控油, 持久不脫妝, 不飛粉",2026-07-07,
32,彩妝,底妝產品,蜜粉,資生堂,超進化空氣蜜粉,资生堂超进化空气蜜粉,空气蜜粉,https://www.global-shiseido.com.tw/dw/image/v2/BCSK_PRD/on/demandware.static/-/Sites-itemmaster_shiseido/default/dw651bd6c0/images/products/15797/15797_S_01.jpg?sw=1000&sh=1000&sm=fit,https://www.global-shiseido.com.tw/%E8%9C%9C%E7%B2%89-%E8%B6%85%E9%80%B2%E5%8C%96%E7%A9%BA%E6%B0%A3%E8%9C%9C%E7%B2%89-1011579810SHI.html?dwvar_1011579810SHI_color=C1011579710&cgid=M2_Face_Powder,"乾肌, 混合肌, 霧面感, 保濕貼妝, 不拔乾, 持久不脫妝, 不卡紋",2026-07-07,
33,彩妝,底妝產品,蜜粉,M.A.C,超持妝輕透濾鏡蜜粉,魅可定制无瑕轻透蜜粉,滤镜蜜粉,https://sdcdn.io/mac/tw/mac_sku_NY3G02_1x1_0.png?width=1080&height=1080,https://www.maccosmetics.com.tw/product/13849/106954/studio-fix-pro-set-blur-weightless-loose-powder,"油肌, 混合肌, 霧面感, 控油, 持久不脫妝, 不卡紋",2026-07-07,
34,彩妝,底妝產品,蜜粉,YSL,恆久完美持久柔霧蜜粉,圣罗兰恒久柔雾蜜粉,柔雾蜜粉,https://www.yslbeauty.com.tw/dw/image/v2/AARM_PRD/on/demandware.static/-/Sites-ysl-master-catalog/zh_TW/dw279937b2/images/makeup-powder/APAC-1004813-YSL/4936968873089_5.jpg?sw=136&sh=136&sm=cut&sfrm=jpg&q=85,https://www.yslbeauty.com.tw/product/%E7%B2%89%E9%A4%85%EF%BD%9C%E8%9C%9C%E7%B2%89/%E6%81%86%E4%B9%85%E5%AE%8C%E7%BE%8E%E6%8C%81%E4%B9%85%E6%9F%94%E9%9C%A7%E8%9C%9C%E7%B2%89/APAC-1004813-YSL.html,"油肌, 混合肌, 霧面感, 控油, 持久不脫妝, 不飛粉",2026-07-07,
35,彩妝,底妝產品,蜜粉,DIOR,迪奧超完美柔光蜜粉餅,迪奥锁妆柔光蜜粉饼,锁妆蜜粉饼,https://www.dior.com/dw/image/v2/BGXS_PRD/on/demandware.static/-/Sites-master_dior/default/dw9f998136/Y0000092/Y0000092_E000000178_E01_RHC.jpg?sw=1280,https://www.dior.com/zh_tw/beauty/products/%E8%BF%AA%E5%A5%A7%E8%B6%85%E5%AE%8C%E7%BE%8E%E6%9F%94%E5%85%89%E8%9C%9C%E7%B2%89%E9%A4%85--Y0000092.html,"乾肌, 中性肌, 光澤感, 珠光感, 保濕貼妝, 不拔乾",2026-07-07,
36,彩妝,底妝產品,蜜粉,CHANEL,香奈兒輕盈完美蜜粉,香奈儿轻盈完美散粉,散粉,"https://www.chanel.com/images/t_one/w_0.43,h_0.43,c_crop/q_auto:good,f_autoplus,fl_lossy,dpr_1.1/w_1240/poudre-universelle-libre-natural-finish-loose-powder-10-light-1oz--packshot-default-132210-8829305683998.jpg",https://www.chanel.com/tw/makeup/p/132210/poudre-universelle-libre-natural-finish-loose-powder/,"中性肌, 混合肌, 霧面感, 保濕貼妝, 不飛粉",2026-07-07,
37,彩妝,底妝產品,蜜粉,MAKE UP FOREVER,HD SKIN 粉無痕光圈蜜粉,玫珂菲清晰无痕蜜粉,HD散粉,https://img.91app.com/webapi/imagesV3/Original/SalePage/10454052/1/639148929069630000?v=1,https://www.makeupforever.com.tw/SalePage/Index/10454052,"混合肌, 乾肌, 光澤感, 保濕貼妝, 不拔乾, 不卡紋",2026-07-07,
38,彩妝,底妝產品,蜜粉,雅詩蘭黛,Double Wear 粉持久絲柔空氣蜜粉,雅诗兰黛DW持妆散粉,DW散粉,https://www.esteelauder.com.tw/media/export/cms/products/558x768/el_sku_PMWC02_558x768_0.jpg,https://www.esteelauder.com.tw/product/644/101858/product-catalog/makeup/face/powder-compacts/double-wear#/shade/Light-Matte,"油肌, 霧面感, 控油, 防水防汗, 持久不脫妝",2026-07-07,
39,彩妝,底妝產品,蜜粉,蘭蔻,零粉感超持久蜜粉,兰蔻持妆散粉,持妆散粉,https://www.lancome.com.tw/dw/image/v2/AARM_PRD/on/demandware.static/-/Sites-lancome-master-catalog/default/dw6a9a1050/images/PACKSHOTS/MAKEUP/FACE/New_Folder/3614272126008_LONG_TIME_NO_SHINE_Translucent_1.jpg?sw=750&sh=750&sm=cut&sfrm=jpg&q=70,https://www.lancome.com.tw/%E5%BD%A9%E5%A6%9D/%E8%87%89%E9%83%A8%E5%BD%A9%E5%A6%9D/%E8%9C%9C%E7%B2%892f%E8%9C%9C%E7%B2%89%E9%A4%85/A01046-LAC.html,"混合肌, 油肌, 霧面感, 控油, 持久不脫妝, 不拔乾, 不暗沉",2026-07-07,
40,彩妝,底妝產品,蜜粉,Bobbi Brown,冬蟲夏草奢光蜜粉,芭比波朗虫草蜜粉,虫草蜜粉,https://www.bobbibrown.com.tw/media/export/cms/products/responsive/bb_sku_ERJG01_1x1_0.png?width=440&height=440,https://www.bobbibrown.com.tw/product/13994/115097/makeup/face-cheek,"乾肌, 敏感肌, 光澤感, 保濕貼妝, 不拔乾, 敏感肌友善",2026-07-07,
41,彩妝,底妝產品,腮紅,植村秀,NEW創藝無限腮紅,植村秀腮红,植村秀腮红,https://shoplineimg.com/5a8293389f9a4f3b09000791/60a1365b5c022300351174fa/800x.webp?source_format=jpeg,https://www.shuuemura.com.tw/products/go-refill-m-softt,"霧面感, 高顯色, 不飛粉, 持久不脫妝",2026-07-07,
42,彩妝,底妝產品,腮紅,資生堂,摩霧煥妍餅,资生堂腮红,资生堂腮红,https://www.global-shiseido.com.tw/dw/image/v2/BCSK_PRD/on/demandware.static/-/Sites-itemmaster_shiseido/default/dw5aa43fe8/images/products/14883/14883_S_01.jpg?sw=1000&sh=1000&sm=fit,https://www.global-shiseido.com.tw/%E8%85%AE%E7%B4%85-%E6%91%A9%E9%9C%A7%E7%85%A5%E5%A6%8D%E9%A4%85-1011488210SHI.html?dwvar_1011488210SHI_color=C1011488310&cgid=M2_Cheek_Blush,"霧面感, 高顯色, 不飛粉, 持久不脫妝",2026-07-07,
43,彩妝,底妝產品,腮紅,M.A.C,柔礦迷光腮紅,魅可腮红,魅可腮红,https://sdcdn.io/mac/tw/mac_sku_S2P019_1x1_0.png?width=1080&height=1080,https://www.maccosmetics.com.tw/product/13842/31094/mineralize-blush,"光澤感, 珠光感, 高顯色, 保濕貼妝",2026-07-07,
44,彩妝,底妝產品,腮紅,YSL,恆久完美透膚煙染腮紅,圣罗兰腮红,圣罗兰腮红,https://www.yslbeauty.com.tw/dw/image/v2/AARM_PRD/on/demandware.static/-/Sites-ysl-master-catalog/zh_TW/dw8e2a0539/images/makeup-blush/APAC-1004762-YSL/3614274727609/3614274727609_1.jpg?sw=930&sh=930&sm=cut&sfrm=jpg&q=85,https://www.yslbeauty.com.tw/product/%E8%85%AE%E7%B4%85%EF%BD%9C%E4%BF%AE%E5%AE%B9/%E6%81%86%E4%B9%85%E5%AE%8C%E7%BE%8E%E9%80%8F%E8%86%9A%E7%85%99%E6%9F%93%E8%85%AE%E7%B4%85/APAC-1004762-YSL.html,"霧面感, 高顯色, 持久不脫妝, 不飛粉",2026-07-07,
45,彩妝,底妝產品,腮紅,DIOR,迪奧超完美亮妍腮紅,迪奥腮红,迪奥腮红,https://www.dior.com/dw/image/v2/BGXS_PRD/on/demandware.static/-/Sites-master_dior/default/dwc8b6e6aa/Y0000049/Y0000049_E000001721_E01_RHC.jpg?sw=1280,https://www.dior.com/zh_tw/beauty/products/%E8%BF%AA%E5%A5%A7%E7%B2%89%E6%BC%BE%E7%B7%B9%E8%8A%B1%E9%A0%B0%E5%BD%A9%E7%9B%A4-Y0000049.html,"光澤感, 高顯色, 不飛粉, 持久不脫妝",2026-07-07,
46,彩妝,底妝產品,腮紅,CHANEL,香奈兒圓形腮紅,香奈儿腮红,香奈儿腮红,"https://www.chanel.com/images/t_one/w_0.43,h_0.43,c_crop/q_auto:good,f_autoplus,fl_lossy,dpr_1.1/w_1240/joues-contraste-powder-blush-71-malice-0-12oz--packshot-default-168710-9538127069214.jpg",https://www.chanel.com/tw/makeup/p/168710/joues-contraste-powder-blush/,"光澤感, 珠光感, 不飛粉, 持久不脫妝",2026-07-07,
47,彩妝,底妝產品,腮紅,MAKE UP FOREVER,【腮紅】藝術大師放膽玩色頰彩,玫珂菲腮红,玫珂菲腮红,https://img.91app.com/webapi/imagesV3/Original/SalePage/9019737/1/639148929069630000?v=1,https://www.makeupforever.com.tw/SalePage/Index/9019737,"霧面感, 高顯色, 不飛粉, 持久不脫妝",2026-07-07,
48,彩妝,底妝產品,腮紅,雅詩蘭黛,Pure Color Envy 絕對慾望持色柔焦腮紅,雅诗兰黛腮红,雅诗兰黛腮红,https://www.esteelauder.com.tw/media/export/cms/products/558x768/el_sku_G0UN01_558x768_0.jpg,https://www.esteelauder.com.tw/product/639/131375/product-catalog/makeup/face/blush-bronzer-highlighter/pure-color-envy#/shade/PEACH-PASSION-%E8%9C%9C%E6%A1%83%E7%86%B1%E6%88%80,"霧面感, 不飛粉, 持久不脫妝",2026-07-07,
49,彩妝,底妝產品,腮紅,蘭蔻,煥采單色腮紅盤,兰蔻腮红,兰蔻腮红,https://www.lancome.com.tw/dw/image/v2/AARM_PRD/on/demandware.static/-/Sites-lancome-master-catalog/zh_TW/dw3c52ac19/images/root/A01599-LAC/A01599-LAC-3605971972508-351-IMAGE1.jpg?sw=750&sh=750&sm=cut&sfrm=jpg&q=70,https://www.lancome.com.tw/%E5%BD%A9%E5%A6%9D/%E8%87%89%E9%83%A8%E5%BD%A9%E5%A6%9D/%E8%85%AE%E7%B4%852f%E4%BF%AE%E5%AE%B9/A01599-LAC.html,"光澤感, 不飛粉, 持久不脫妝",2026-07-07,
50,彩妝,底妝產品,腮紅,Bobbi Brown,漾香腮紅,芭比波朗腮红,芭比波朗腮红,https://www.bobbibrown.com.tw/media/export/cms/products/responsive/bb_sku_H6EN02_1x1_0.png?width=440&height=440,https://www.bobbibrown.com.tw/product/23824/123929/makeup/face-cheek/cheek/blush-matte#/shade/Rooftop_Rose,"霧面感, 高顯色, 不飛粉, 持久不脫妝",2026-07-07,
51,彩妝,底妝產品,妝前乳,植村秀,超快充亮顏乳,植村秀妆前乳,植村秀妆前乳,https://shoplineimg.com/5a8293389f9a4f3b09000791/69da54071b048c5917dd1903/800x.webp?source_format=jpg,https://www.shuuemura.com.tw/products/b2602006-07,"乾肌, 混合肌, 光澤感, 保濕貼妝, 水潤感, 不暗沉",2026-07-07,
52,彩妝,底妝產品,妝前乳,資生堂,極上御藏珍珠光持妝乳 SPF30 PA++,资生堂妆前乳,资生堂妆前乳,https://www.global-shiseido.com.tw/dw/image/v2/BCSK_PRD/on/demandware.static/-/Sites-itemmaster_shiseido/default/dwe9b29141/images/products/18120/18120_U_01.jpg?sw=1000&sh=1000&sm=fit,https://www.global-shiseido.com.tw/%E5%A6%9D%E5%89%8D%E4%B9%B3-%E6%A5%B5%E4%B8%8A%E5%BE%A1%E8%97%8F%E7%8F%8D%E7%8F%A0%E5%85%89%E6%8C%81%E5%A6%9D%E4%B9%B3-spf30-pa%2B%2B-%E5%A6%9D%E5%89%8D%E4%B9%B3-%2F-%E5%A6%9D%E5%89%8D%E4%B9%B3%E6%8E%A8%E8%96%A6-1011812030.html?cgid=M2_Face_Primer,"乾肌, 敏感肌, 光澤感, 珠光感, 保濕貼妝, 敏感肌友善",2026-07-07,
53,彩妝,底妝產品,妝前乳,M.A.C,妝前透亮持妝露,魅可妆前乳,魅可妆前乳,https://sdcdn.io/mac/tw/mac_sku_MT5K02_1x1_0.png?width=1080&height=1080,https://www.maccosmetics.com.tw/product/13825/22076/prep-prime-natural-radiance,"乾肌, 混合肌, 光澤感, 保濕貼妝, 水潤感",2026-07-07,
54,彩妝,底妝產品,妝前乳,YSL,名模肌密光燦水凝露,圣罗兰妆前乳,圣罗兰妆前乳,https://www.yslbeauty.com.tw/dw/image/v2/AARM_PRD/on/demandware.static/-/Sites-ysl-master-catalog/zh_TW/dwd684f325/Skincare/Top%20Secrets/L802960_40_top-secrets-instant-moisture-glow_Alt1.jpg?sw=930&sh=930&sm=cut&sfrm=jpg&q=85,https://www.yslbeauty.com.tw/product/%E5%90%8D%E6%A8%A1%E8%82%8C%E5%AF%86%E7%B3%BB%E5%88%97/%E5%90%8D%E6%A8%A1%E8%82%8C%E5%AF%86%E5%85%89%E7%87%A6%E6%B0%B4%E5%87%9D%E9%9C%B2/WW-3506YSL.html,"乾肌, 混合肌, 保濕貼妝, 水潤感, 不卡紋",2026-07-07,
55,彩妝,底妝產品,妝前乳,DIOR,迪奧雪晶靈潤色隔離妝前乳,迪奥妆前乳,迪奥妆前乳,https://www.dior.com/dw/image/v2/BGXS_PRD/on/demandware.static/-/Sites-master_dior/default/dwf33440c2/Y0997196/Y0997196_C099700663_E01_RHC.jpg?sw=1280,https://www.dior.com/zh_tw/beauty/products/%E8%BF%AA%E5%A5%A7%E9%9B%AA%E6%99%B6%E9%9D%88%E6%BD%A4%E8%89%B2%E9%9A%94%E9%9B%A2%E5%A6%9D%E5%89%8D%E4%B9%B3-Y0997196.html,"混合肌, 中性肌, 光澤感, 保濕貼妝, 不暗沉",2026-07-07,
56,彩妝,底妝產品,妝前乳,CHANEL,香奈兒緊緻晶潤妝前乳,香奈儿妆前乳,香奈儿妆前乳,"https://www.chanel.com/images/t_one/w_0.43,h_0.43,c_crop/q_auto:good,f_autoplus,fl_lossy,dpr_1.1/w_1240/1fl-oz--packshot-default-144935-9518010564638.jpg",https://www.chanel.com/tw/makeup/p/144935/la-base-illuminatrice-glowing-makeup-primer-moisturizing-plumping-spf50-pa/,"乾肌, 中性肌, 保濕貼妝, 水潤感, 溫和不刺激",2026-07-07,
57,彩妝,底妝產品,妝前乳,MAKE UP FOREVER,STEP1 第一步妝前乳,玫珂菲妆前乳,玫珂菲妆前乳,https://img.91app.com/webapi/imagesV3/Original/SalePage/7192905/1/639148899382870000?v=1,https://www.makeupforever.com.tw/SalePage/Index/7192905,"油肌, 混合肌, 控油, 霧面感, 持久不脫妝, 不卡紋",2026-07-07,
58,彩妝,底妝產品,妝前乳,雅詩蘭黛,Double Wear 粉持久毛孔隱形柔焦妝前乳,雅诗兰黛妆前乳,雅诗兰黛妆前乳,https://www.esteelauder.com.tw/media/export/cms/products/558x768/el_sku_G54301_558x768_0.jpg,https://www.esteelauder.com.tw/product/1473/122942/product-catalog/makeup/face/primer/double-wear?size=40ml,"油肌, 混合肌, 霧面感, 控油, 持久不脫妝, 不致痘",2026-07-07,
59,彩妝,底妝產品,妝前乳,蘭蔻,全新超輕盈UV煥亮妝前乳SPF50+ PA++++,兰蔻妆前乳,兰蔻妆前乳,https://www.lancome.com.tw/dw/image/v2/AARM_PRD/on/demandware.static/-/Sites-lancome-master-catalog/zh_TW/dw78635b61/images/L3_Axe_Skincare_DreamTone/A03565-LAC/A03565-LAC-4936968870835-50ML-IMAGE1.jpg?sw=750&sh=750&sm=cut&sfrm=jpg&q=70,https://www.lancome.com.tw/%E4%BF%9D%E9%A4%8A/%E7%94%A2%E5%93%81%E7%B3%BB%E5%88%97/%E8%B6%85%E8%BC%95%E7%9B%88uv%E7%B3%BB%E5%88%97/A03565-LAC.html,"混合肌, 乾肌, 光澤感, 保濕貼妝, 不致痘, 溫和不刺激",2026-07-07,
60,彩妝,底妝產品,妝前乳,Bobbi Brown,保濕隔離霜 SPF50 PA+++,芭比波朗妆前乳,芭比波朗妆前乳,https://www.bobbibrown.com.tw/media/export/cms/products/responsive/bb_sku_EKLT01_1x1_0.png?width=440&height=440,https://www.bobbibrown.com.tw/product/22040/58333/makeup/face-cheek/primer/spf50-pa/primer-protection,"乾肌, 混合肌, 保濕貼妝, 水潤感, 不卡紋",2026-07-07,
61,彩妝,底妝產品,防曬乳,植村秀,,,,,,,,
62,彩妝,底妝產品,防曬乳,資生堂,水離子熱防禦UV隔離露N,资生堂防晒乳,资生堂防晒乳,https://www.global-shiseido.com.tw/dw/image/v2/BCSK_PRD/on/demandware.static/-/Sites-itemmaster_shiseido/default/dw7a5a3356/images/products/21283/21283_R_01.jpg?sw=1000&sh=1000&sm=fit,https://www.global-shiseido.com.tw/%E9%98%B2%E6%9B%AC-%E6%B0%B4%E9%9B%A2%E5%AD%90%E7%86%B1%E9%98%B2%E7%A6%A6uv%E9%9A%94%E9%9B%A2%E9%9C%B2n-spf50%2B%C2%B7pa%2B%2B%2B%2B-%E6%88%B6%E5%A4%96%E9%98%B2%E6%9B%AC-%2F-%E8%87%89%E9%83%A8%E9%98%B2%E6%9B%AC-%2F-%E9%98%B2%E6%9B%AC%E6%8E%A8%E8%96%A6-10121283201.html?cgid=S2_Category_SunProtection,"油肌, 混合肌, 防水防汗, 控油, 成膜快, 不致痘",2026-07-07,
63,彩妝,底妝產品,防曬乳,M.A.C,超漾光高防曬妝前乳SPF50+/PA+++,魅可防晒乳,魅可防晒乳,https://sdcdn.io/mac/tw/mac_sku_S2QF01_1x1_0.png?width=1080&height=1080,https://www.maccosmetics.com.tw/product/13825/137079/glow-play-lightful-c3-tone-up-primer-spf-50pa/spf50pa,"乾肌, 混合肌, 光澤感, 保濕貼妝, 水潤感",2026-07-07,
64,彩妝,底妝產品,防曬乳,YSL,金緻奢華賦活防曬隔離乳,圣罗兰防晒乳,圣罗兰防晒乳,https://www.yslbeauty.com.tw/dw/image/v2/AARM_PRD/on/demandware.static/-/Sites-ysl-master-catalog/default/dw9a09e2f8/images/skincare-or-rouge/APAC-1004761-YSL/APAC-1004761-YSL_3614274180206_IMAGE4.jpg?sw=930&sh=930&sm=cut&sfrm=png&q=85,https://www.yslbeauty.com.tw/product/%E9%87%91%E7%B7%BB%E5%A5%A2%E8%8F%AF%E8%B3%A6%E6%B4%BB%E7%B3%BB%E5%88%97/%E9%87%91%E7%B7%BB%E5%A5%A2%E8%8F%AF%E8%B3%A6%E6%B4%BB%E9%98%B2%E6%9B%AC%E9%9A%94%E9%9B%A2%E4%B9%B3/APAC-1004761-YSL.html,"乾肌, 敏感肌, 光澤感, 保濕貼妝, 溫和不刺激, 敏感肌友善",2026-07-07,
65,彩妝,底妝產品,防曬乳,DIOR,迪奧緹花輕透UV防曬乳,迪奥防晒乳,迪奥防晒乳,https://www.dior.com/dw/image/v2/BGXS_PRD/on/demandware.static/-/Sites-master_dior/default/dwc6c8e0b5/Y0000212/Y0000212_E000000241_E01_RHC.jpg?sw=1280,https://www.dior.com/zh_tw/beauty/products/%E8%BF%AA%E5%A5%A7%E7%B7%B9%E8%8A%B1%E8%BC%95%E9%80%8Fuv%E9%98%B2%E6%9B%AC%E4%B9%B3-Y0000212.html?q=%E8%BF%AA%E5%A5%A7%E7%B7%B9%E8%8A%B1%E8%BC%95%E9%80%8FUV%E9%98%B2%E6%9B%AC%E4%B9%B33,"混合肌, 中性肌, 光澤感, 保濕貼妝, 水潤感, 不暗沉",2026-07-07,
66,彩妝,底妝產品,防曬乳,CHANEL,香奈兒輕透光采UV防護乳,香奈儿防晒乳,香奈儿防晒乳,"https://www.chanel.com/images/t_one/w_0.51,h_0.51,c_crop/q_auto:good,f_autoplus,fl_lossy,dpr_1.1/w_1240/uv-essentiel-asia-complete-protection-spf50-1fl-oz--packshot-default-141898-9574295928862.jpg",https://www.chanel.com/tw/skincare/p/141898/uv-essentiel-complete-protection-spf50/,"混合肌, 中性肌, 保濕貼妝, 不致痘",2026-07-07,
67,彩妝,底妝產品,防曬乳,MAKE UP FOREVER,STEP1 第一步玫瑰水感防曬乳 SPF50+/PA+++,玫珂菲防晒乳,玫珂菲防晒乳,https://img.91app.com/webapi/imagesV3/Original/SalePage/8726234/1/639148899382870000?v=1,https://www.makeupforever.com.tw/SalePage/Index/8726234,"乾肌, 混合肌, 光澤感, 保濕貼妝, 水潤感",2026-07-07,
68,彩妝,底妝產品,防曬乳,雅詩蘭黛,UVFinity 抗氧輕透 UV 防護乳SPF50+/PA++++30ml,雅诗兰黛防晒乳,雅诗兰黛防晒乳,https://www.esteelauder.com.tw/media/export/cms/products/558x768/el_sku_GBTH01_558x768_0.jpg,https://www.esteelauder.com.tw/product/681/143927/product-catalog/skin-care/uvfinity/uv-spf50pa30ml#/shade/Tinted-Peach,"混合肌, 油肌, 水潤感, 保濕貼妝, 不致痘",2026-07-07,
69,彩妝,底妝產品,防曬乳,蘭蔻,全新超輕盈UV水凝露SPF50 PA++++,兰蔻防晒乳,兰蔻防晒乳,https://www.lancome.com.tw/dw/image/v2/AARM_PRD/on/demandware.static/-/Sites-lancome-master-catalog/zh_TW/dwa3e5b7c8/images/L3_Axe_Skincare_UV_Expert/A03987-LAC/UV%20aqua%20gel%2050.jpg?sw=1140&sh=1140&sm=cut&sfrm=jpg&q=70,https://www.lancome.com.tw/%E4%BF%9D%E9%A4%8A/%E8%87%89%E9%83%A8%E4%BF%9D%E9%A4%8A/%E8%87%89%E9%83%A8%E9%98%B2%E6%9B%AC%E9%9A%94%E9%9B%A2/A03987-LAC.html,"油肌, 混合肌, 水潤感, 保濕貼妝, 不致痘, 不卡紋",2026-07-07,
70,彩妝,底妝產品,防曬乳,Bobbi Brown,冬蟲夏草精華防曬乳SPF50+ PA++++,芭比波朗防晒乳,芭比波朗防晒乳,https://www.bobbibrown.com.tw/media/export/cms/products/responsive/bb_sku_EW9J01_1x1_0.png?width=440&height=440,https://www.bobbibrown.com.tw/product/22040/135904/makeup/face-cheek/primer/spf50-pa/intensive-serum-uv-fluid-spf50-pa,"乾肌, 敏感肌, 光澤感, 保濕貼妝, 水潤感, 敏感肌友善",2026-07-07,
71,彩妝,底妝產品,打亮/修容,植村秀,,,,,,,,
72,彩妝,底妝產品,打亮/修容,資生堂,,,,,,,,
73,彩妝,底妝產品,打亮/修容,M.A.C,口袋雙色修容打亮盤（小金盒）,魅可立体双色高光修容盘,生姜高光/神仙高光,https://sdcdn.io/mac/tw/mac_sku_SRLA01_1x1_0.png?width=1080&height=1080,https://www.maccosmetics.com.tw/product/20158/96335/sculpt-glow-duo?shade=Double_Gleam_%E7%94%9F%E8%96%91%E9%AB%98%E5%85%89_%2F_Omega_%E6%9F%94%E4%BA%AE%E7%B1%B3%E8%A4%90%E8%89%B2,"光澤感, 珠光感, 高顯色, 不飛粉, 持久不脫妝",2026-07-07,
74,彩妝,底妝產品,打亮/修容,YSL,恆久完美立體高光餅,圣罗兰恒久高光粉饼,高光盘,https://www.yslbeauty.com.tw/dw/image/v2/AARM_PRD/on/demandware.static/-/Sites-ysl-master-catalog/default/dw31979456/images/makeup-concealer-lighter/APAC-1004865-YSL/APAC-1004865-YSL_3614274197020_1.jpg?sw=930&sh=930&sm=cut&sfrm=jpg&q=85,https://www.yslbeauty.com.tw/product/%E9%81%AE%E7%91%95%EF%BD%9C%E6%89%93%E4%BA%AE/%E6%81%86%E4%B9%85%E5%AE%8C%E7%BE%8E%E7%AB%8B%E9%AB%94%E9%AB%98%E5%85%89%E9%A4%85/APAC-1004865-YSL.html,"光澤感, 珠光感, 不飛粉, 持久不脫妝",2026-07-07,
75,彩妝,底妝產品,打亮/修容,DIOR,迪奧緹花亮彩盤,迪奥提花高光盘,提花高光,https://www.dior.com/dw/image/v2/BGXS_PRD/on/demandware.static/-/Sites-master_dior/default/dw2cda8ac0/Y0000104/Y0000104_E000000580_E01_RHC.jpg?sw=1280,https://www.dior.com/zh_tw/beauty/products/%E8%BF%AA%E5%A5%A7%E7%B7%B9%E8%8A%B1%E4%BA%AE%E5%BD%A9%E7%9B%A4-Y0000104.html,"光澤感, 珠光感, 高顯色, 不飛粉, 持久不脫妝",2026-07-07,
76,彩妝,底妝產品,打亮/修容,CHANEL,香奈兒水潤聚光棒,香奈儿水润高光棒,高光棒,"https://www.chanel.com/images/t_one/w_0.43,h_0.43,c_crop/q_auto:good,f_autoplus,fl_lossy,dpr_1.1/w_1240/baume-essentiel-multi-use-glow-stick-sculpting-0-28oz--packshot-default-169060-9573333467166.jpg",https://www.chanel.com/tw/makeup/p/169060/baume-essentiel-multi-use-glow-stick/,"乾肌, 中性肌, 光澤感, 水潤感, 保濕貼妝, 不卡紋",2026-07-07,
77,彩妝,底妝產品,打亮/修容,MAKE UP FOREVER,【打亮】藝術大師放膽玩色頰彩,玫珂菲高光修容,玫珂菲高光修容,https://img.91app.com/webapi/imagesV3/Original/SalePage/9019711/1/639148929069630000?v=1,https://www.makeupforever.com.tw/SalePage/Index/9019711,"光澤感, 珠光感, 高顯色, 不飛粉, 持久不脫妝",2026-07-07,
78,彩妝,底妝產品,打亮/修容,雅詩蘭黛,,,,,,,,
79,彩妝,底妝產品,打亮/修容,蘭蔻,零粉感超持久聚光棒,兰蔻持妆高光棒,高光棒,https://www.lancome.com.tw/dw/image/v2/AARM_PRD/on/demandware.static/-/Sites-lancome-master-catalog/default/dw97e180c8/images/L3_MakeUp_Face_Blushes_And_Bronzer/A04511-LAC/3614274485165/3614274485165-IMAGE1.jpg?sw=750&sh=750&sm=cut&sfrm=jpg&q=700,https://www.lancome.com.tw/%E5%BD%A9%E5%A6%9D/%E8%87%89%E9%83%A8%E5%BD%A9%E5%A6%9D/%E8%85%AE%E7%B4%852f%E4%BF%AE%E5%AE%B9/A04511-LAC.html,"混合肌, 乾肌, 光澤感, 保濕貼妝, 持久不脫妝, 不卡紋",2026-07-07,
80,彩妝,底妝產品,打亮/修容,Bobbi Brown,金緻美肌粉,芭比波朗五花肉高光,五花肉高光,https://www.bobbibrown.com.tw/media/export/cms/products/responsive/bb_sku_EFAA12_1x1_0.png?width=440&height=440,https://www.bobbibrown.com.tw/product/23824/55765/makeup/face-cheek/cheek/highlighting-powder#/shade/%E5%A4%95%E9%99%BD_Sunset_Glow,"光澤感, 珠光感, 高顯色, 不飛粉, 持久不脫妝",2026-07-07,
81,彩妝,底妝產品,定妝噴霧,植村秀,無極限持久定妝噴霧,植村秀定妆喷雾,小黑胶定妆喷雾,https://shoplineimg.com/5a8293389f9a4f3b09000791/63e9bc10243ee5001a625845/800x.webp?source_format=jpg,https://www.shuuemura.com.tw/products/unlimited-mattifying-mist,"油肌, 混合肌, 霧面感, 控油, 防水防汗, 成膜快, 持久不脫妝",2026-07-07,
82,彩妝,底妝產品,定妝噴霧,資生堂,,,,,,,,
83,彩妝,底妝產品,定妝噴霧,M.A.C,FIX+超持妝零暗沉定妝噴霧,魅可活力保湿定妆喷雾,保湿喷雾,https://sdcdn.io/mac/tw/mac_sku_SRM101_1x1_0.png?width=1080&height=1080,https://www.maccosmetics.com.tw/product/31845/106956/makeup-setting-sprays/fix-stay-over/fix,"混合肌, 油肌, 保濕貼妝, 持久不脫妝",2026-07-07,
84,彩妝,底妝產品,定妝噴霧,YSL,名模肌密保濕持妝噴霧,圣罗兰亮颜定妆喷雾,亮颜喷雾,https://www.yslbeauty.com.tw/dw/image/v2/AARM_PRD/on/demandware.static/-/Sites-ysl-master-catalog/zh_TW/dwdaf13a63/Skincare/Top%20Secrets/Top%20Secret%20Makeup%20Setting%20Spray/WW-50008YSL_0405_v3.jpg?sw=930&sh=930&sm=cut&sfrm=jpg&q=85,https://www.yslbeauty.com.tw/product/%E4%BF%9D%E9%A4%8A/%E5%90%8D%E6%A8%A1%E8%82%8C%E5%AF%86%E4%BF%9D%E6%BF%95%E6%8C%81%E5%A6%9D%E5%99%B4%E9%9C%A7/WW-50008YSL.htmll,"乾肌, 混合肌, 光澤感, 保濕貼妝, 水潤感, 持久不脫妝, 不拔乾",2026-07-07,
85,彩妝,底妝產品,定妝噴霧,DIOR,迪奧保濕定妝噴霧,迪奥锁妆定妆喷雾,锁妆喷雾,https://www.dior.com/dw/image/v2/BGXS_PRD/on/demandware.static/-/Sites-master_dior/default/dwd930f0bd/Y0000189/Y0000189_E000001560_E01_RHC.jpg?sw=1280,https://www.dior.com/zh_tw/beauty/products/%E8%BF%AA%E5%A5%A7%E4%BF%9D%E6%BF%95%E5%AE%9A%E5%A6%9D%E5%99%B4%E9%9C%A7-Y0000189.html,"乾肌, 混合肌, 保濕貼妝, 水潤感, 持久不脫妝, 不拔乾, 溫和不刺激",2026-07-07,
86,彩妝,底妝產品,定妝噴霧,CHANEL,,,,,,,,
87,彩妝,底妝產品,定妝噴霧,MAKE UP FOREVER,超光肌活氧定妝噴霧,玫珂菲保湿定妆喷雾,水光定妆喷雾,https://img.91app.com/webapi/imagesV3/Original/SalePage/8812803/1/639148929069630000?v=1,https://www.makeupforever.com.tw/SalePage/Index/8812803,"油肌, 混合肌, 霧面感, 控油, 成膜快, 持久不脫妝",2026-07-07,
88,彩妝,底妝產品,定妝噴霧,雅詩蘭黛,,,,,,,,
89,彩妝,底妝產品,定妝噴霧,蘭蔻,,,,,,,,
90,彩妝,底妝產品,定妝噴霧,Bobbi Brown,,,,,,,,
91,彩妝,眼妝產品,眉筆,植村秀,武士刀眉筆,植村秀砍刀眉笔,砍刀眉笔,https://shoplineimg.com/5a8293389f9a4f3b09000791/6819b18fe4ec5e000e00d9e0/800x.webp?source_format=jpg,https://www.shuuemura.com.tw/products/eyebrow-hard-formula,"持久不脫妝, 抗暈染, 高顯色, 防水防汗",2026-07-07,
92,彩妝,眼妝產品,眉筆,資生堂,三效眉彩釉,资生堂三效眉笔,眉彩釉,https://www.global-shiseido.com.tw/dw/image/v2/BCSK_PRD/on/demandware.static/-/Sites-itemmaster_shiseido/default/dwd8d34a99/images/products/14774/14774_S_01.jpg?sw=1000&sh=1000&sm=fit,https://www.global-shiseido.com.tw/%E7%9C%89%E5%BD%A9-%E4%B8%89%E6%95%88%E7%9C%89%E5%BD%A9%E9%87%89-1011477310SHI.html?dwvar_1011477310SHI_color=C1011477410&dwvar_1011477310SHI_size=0.31g&cgid=M2_Eyes_Eyebrow,"持久不脫妝, 抗暈染, 高顯色",2026-07-07,
93,彩妝,眼妝產品,眉筆,M.A.C,持色眉筆,魅可细致眉笔,细致眉笔,https://sdcdn.io/mac/tw/mac_sku_MMT007_1x1_0.png?width=1080&height=1080,https://www.maccosmetics.com.tw/product/13834/23781/veluxe-brow-liner?shade=Taupe,"持久不脫妝, 抗暈染, 防水防汗",2026-07-07,
94,彩妝,眼妝產品,眉筆,YSL,絲滑持久眉筆,圣罗兰丝滑持久眉笔,持久眉笔,https://www.yslbeauty.com.tw/dw/image/v2/AARM_PRD/on/demandware.static/-/Sites-ysl-master-catalog/default/dwe88975b6/Flagship/Traces/Dessin%20des%20Sourcils/3365440080898_4_Dessin-des-sourcils_Alt1.jpg?sw=930&sh=930&sm=cut&sfrm=jpg&q=85,https://www.yslbeauty.com.tw/product/%E7%9C%BC%E9%83%A8/%E7%B5%B2%E6%BB%91%E6%8C%81%E4%B9%85%E7%9C%89%E7%AD%86/171YSL.html,"持久不脫妝, 抗暈染, 高顯色",2026-07-07,
95,彩妝,眼妝產品,眉筆,DIOR,迪奧絕對搶眼造型眉筆,迪奥惊艳造型眉笔,惊艳眉笔,https://www.dior.com/dw/image/v2/BGXS_PRD/on/demandware.static/-/Sites-master_dior/default/dw1f9e0b0a/Y0746300/Y0746300_C015600005_E01_ZHC.jpg?sw=2560,https://www.dior.com/zh_tw/beauty/products/%E8%BF%AA%E5%A5%A7%E6%90%B6%E7%9C%BC%E9%80%A0%E5%9E%8B%E7%9C%89%E7%B2%89%E7%AD%86-Y0746300.html,"持久不脫妝, 抗暈染",2026-07-07,
96,彩妝,眼妝產品,眉筆,CHANEL,香奈兒防水斜角眉筆,香奈儿防水斜角眉笔,防水眉笔,"https://www.chanel.com/images/t_one/w_0.63,h_0.63,c_crop/q_auto:good,f_autoplus,fl_lossy,dpr_1.1/w_1240/stylo-sourcils-waterproof-defining-longwear-eyebrow-pencil-802-auburn-0-009oz--packshot-default-183802-9564895182878.jpg",https://www.chanel.com/tw/makeup/p/183802/stylo-sourcils-waterproof-defining-longwear-eyebrow-pencil/,"防水防汗, 持久不脫妝, 抗暈染",2026-07-07,
97,彩妝,眼妝產品,眉筆,MAKE UP FOREVER,AQUA 24H 超防水斜角塑眉筆,玫珂菲眉笔,玫珂菲眉笔,https://img.91app.com/webapi/imagesV3/Original/SalePage/7022590/1/639148929069630000?v=1,https://www.makeupforever.com.tw/SalePage/Index/7022590,"防水防汗, 持久不脫妝, 抗暈染",2026-07-07,
98,彩妝,眼妝產品,眉筆,雅詩蘭黛,,,,,,,,
99,彩妝,眼妝產品,眉筆,蘭蔻,,,,,,,,
100,彩妝,眼妝產品,眉筆,Bobbi Brown,超防水斜角眉筆,芭比波朗流云随心造型眉笔,随心眉笔,https://www.bobbibrown.com.tw/media/export/cms/products/responsive/bb_sku_BBEP15_1x1_0.png?width=440&height=440,https://www.bobbibrown.com.tw/product/2327/116034/makeup/eyes/brows/long-wear-brow-pencil#/shade/Grey_Blonde_%28%E9%BB%91%E9%AB%AE%E9%81%A9%E7%94%A8,"防水防汗, 持久不脫妝, 抗暈染",2026-07-07,
101,彩妝,眼妝產品,眼線筆,植村秀,超持久抗暈眼線液,植村秀持妆眼线液,持妆眼线,https://shoplineimg.com/5a8293389f9a4f3b09000791/61236381ddbae6001ab9c273/800x.webp?source_format=jpg,https://www.shuuemura.com.tw/products/calligraphink-eyeliner,"油肌, 混合肌, 防水防汗, 抗暈染, 持久不脫妝, 高顯色",2026-07-07,
102,彩妝,眼妝產品,眼線筆,資生堂,引釉眼線筆,资生堂引釉眼线笔,引釉眼线,https://www.global-shiseido.com.tw/dw/image/v2/BCSK_PRD/on/demandware.static/-/Sites-itemmaster_shiseido/default/dw1191d4b6/images/products/14734/14734_S_01.jpg?sw=1000&sh=1000&sm=fit,https://www.global-shiseido.com.tw/%E7%9C%BC%E7%B7%9A-%E5%BC%95%E9%87%89%E7%9C%BC%E7%B7%9A%E7%AD%86-1011473310SHI.html?dwvar_1011473310SHI_color=C1011473410&cgid=M2_Eyes_Eyeliners,"高顯色, 抗暈染, 持久不脫妝",2026-07-07,
103,彩妝,眼妝產品,眼線筆,M.A.C,24H超細緻眼線液,魅可24小时眼线液,精细眼线,https://sdcdn.io/mac/tw/mac_sku_SGFJ01_1x1_0.png?width=1080&height=1080,https://www.maccosmetics.com.tw/product/13838/64916/brushstroke-24-hour-liner/24h?shade=Brushblack,"油肌, 混合肌, 防水防汗, 抗暈染, 持久不脫妝, 成膜快",2026-07-07,
104,彩妝,眼妝產品,眼線筆,YSL,叛逆時尚超持妝眼線筆,圣罗兰持妆眼线笔,持妆眼线,https://www.yslbeauty.com.tw/dw/image/v2/AARM_PRD/on/demandware.static/-/Sites-ysl-master-catalog/default/dw23c8c11e/images/ysl-all/APAC-1004706-YSL/APAC-1004706-YSL-3614274173765-IMAGE1.jpg?sw=930&sh=930&sm=cut&sfrm=jpg&q=85,https://www.yslbeauty.com.tw/product/%E7%9C%BC%E7%B7%9A/%E5%8F%9B%E9%80%86%E6%99%82%E5%B0%9A%E8%B6%85%E6%8C%81%E5%A6%9D%E7%9C%BC%E7%B7%9A%E7%AD%86/APAC-1004706-YSL.html,"高顯色, 抗暈染, 持久不脫妝",2026-07-07,
105,彩妝,眼妝產品,眼線筆,DIOR,迪奧絕對搶眼眼線液,迪奥惊艳眼线液,惊艳眼线,https://www.dior.com/dw/image/v2/BGXS_PRD/on/demandware.static/-/Sites-master_dior/default/dw32c165d1/Y0000006/Y0000006_E000000248_E01_RHC.jpg?sw=1280,https://www.dior.com/zh_tw/beauty/products/%E8%BF%AA%E5%A5%A7%E7%B5%95%E5%B0%8D%E6%90%B6%E7%9C%BC%E7%9C%BC%E7%B7%9A%E6%B6%B2-Y0000006.html,"高顯色, 防水防汗, 抗暈染, 持久不脫妝",2026-07-07,
106,彩妝,眼妝產品,眼線筆,CHANEL,香奈兒絲柔恆采眼線筆,香奈儿防水眼线笔,防水眼线,"https://www.chanel.com/images/t_one/w_0.50,h_0.50,c_crop/q_auto:good,f_autoplus,fl_lossy,dpr_1.1/w_1240/stylo-yeux-waterproof-long-lasting-eyeliner-88-noir-intense-0-01oz--packshot-default-187026-9564803072030.jpg",https://www.chanel.com/tw/makeup/p/187026/stylo-yeux-waterproof-long-lasting-eyeliner/,"防水防汗, 抗暈染, 持久不脫妝",2026-07-07,
107,彩妝,眼妝產品,眼線筆,MAKE UP FOREVER,AQUA 24H防水持色眼線膠筆,玫珂菲防水眼线胶笔,防水眼线,https://img.91app.com/webapi/imagesV3/Original/SalePage/11476721/1/639148929069630000?v=1,https://www.makeupforever.com.tw/SalePage/Index/11476721,"油肌, 混合肌, 防水防汗, 抗暈染, 持久不脫妝, 高顯色",2026-07-07,
108,彩妝,眼妝產品,眼線筆,雅詩蘭黛,Double Wear 粉持久極黑雙效眼線液筆,雅诗兰黛DW持妆眼线液,DW眼线,https://www.esteelauder.com.tw/media/export/cms/products/558x768/el_sku_R46M01_558x768_0.jpg,https://www.esteelauder.com.tw/media/export/cms/products/558x768/el_sku_R46M01_558x768_0.jpg,"防水防汗, 抗暈染, 持久不脫妝, 高顯色",2026-07-07,
109,彩妝,眼妝產品,眼線筆,蘭蔻,,,,,,,,
110,彩妝,眼妝產品,眼線筆,Bobbi Brown,流雲持久防水炫彩眼線筆,芭比波朗流云眼线膏笔,流云眼线,https://www.bobbibrown.com.tw/media/export/cms/products/responsive/bb_sku_HYGX02_1x1_0.png?width=440&height=440,https://www.bobbibrown.com.tw/product/2328/126247/makeup/eyes/eyeliners/long-wear-cream-liner-stick,"防水防汗, 抗暈染, 持久不脫妝, 高顯色",2026-07-07,
111,彩妝,眼妝產品,睫毛膏,植村秀,全面持久瞬翹睫毛膏,植村秀睫毛膏,植村秀睫毛膏,https://shoplineimg.com/5a8293389f9a4f3b09000791/6646d5f7ec0e940019d1b855/800x.webp?source_format=jpg,https://www.shuuemura.com.tw/products/3d-lash-curl-fix-care-mascara,"防水防汗, 抗暈染, 持久不脫妝, 纖細分明",2026-07-07,
112,彩妝,眼妝產品,睫毛膏,資生堂,,,,,,,,
113,彩妝,眼妝產品,睫毛膏,M.A.C,濃密煽情瞬翹睫毛膏,魅可睫毛膏,魅可睫毛膏,https://sdcdn.io/mac/tw/mac_sku_S14D01_1x1_0.png?width=1080&height=1080,https://www.maccosmetics.com.tw/product/13839/133821/macstack-elevated--full-size?shade=BLACK_STACK,"防水防汗, 抗暈染, 持久不脫妝, 濃密捲翹",2026-07-07,
114,彩妝,眼妝產品,睫毛膏,YSL,奢華款3D耀黑睫毛膏,圣罗兰睫毛膏,圣罗兰睫毛膏,https://www.yslbeauty.com.tw/dw/image/v2/AARM_PRD/on/demandware.static/-/Sites-ysl-master-catalog/default/dw1ed3f956/Products/WW-50636YSL/LB481300-MVEFC-RADICAL-01-3000X3000.jpg?sw=930&sh=930&sm=cut&sfrm=jpg&q=85,https://www.yslbeauty.com.tw/product/%E7%9D%AB%E6%AF%9B%E8%86%8F/%E5%A5%A2%E8%8F%AF%E6%AC%BE3d%E8%80%80%E9%BB%91%E7%9D%AB%E6%AF%9B%E8%86%8F/WW-50636YSL.html,"防水防汗, 抗暈染, 持久不脫妝, 濃密捲翹",2026-07-07,
115,彩妝,眼妝產品,睫毛膏,DIOR,迪奧絕對搶眼濃密睫毛膏,迪奥睫毛膏,迪奥睫毛膏,https://www.dior.com/dw/image/v2/BGXS_PRD/on/demandware.static/-/Sites-master_dior/default/dw1f7a1374/Y0000002/Y0000002_E000000243_E01_RHC.jpg?sw=1280,https://www.dior.com/zh_tw/beauty/products/%E8%BF%AA%E5%A5%A7%E7%B5%95%E5%B0%8D%E6%90%B6%E7%9C%BC%E6%BF%83%E5%AF%86%E7%9D%AB%E6%AF%9B%E8%86%8F-Y0000002.html,"防水防汗, 抗暈染, 持久不脫妝, 濃密捲翹",2026-07-07,
116,彩妝,眼妝產品,睫毛膏,CHANEL,香奈兒完美比例濃密睫毛膏,香奈儿睫毛膏,香奈儿睫毛膏,"https://www.chanel.com/images/t_one/w_0.43,h_0.43,c_crop/q_auto:good,f_autoplus,fl_lossy,dpr_1.1/w_1240/le-volume-de-chanel-mascara-10-noir-0-21oz--packshot-default-191410-9571633791006.jpg",https://www.chanel.com/tw/makeup/p/191410/le-volume-de-chanel-mascara/,"防水防汗, 抗暈染, 持久不脫妝, 濃密捲翹",2026-07-07,
117,彩妝,眼妝產品,睫毛膏,MAKE UP FOREVER,濃睫大師豐盈捲翹睫毛膏,玫珂菲睫毛膏,玫珂菲睫毛膏,https://img.91app.com/webapi/imagesV3/Original/SalePage/11477296/1/639148929069630000?v=1,https://www.makeupforever.com.tw/SalePage/Index/11477296,"防水防汗, 抗暈染, 持久不脫妝, 濃密捲翹",2026-07-07,
118,彩妝,眼妝產品,睫毛膏,雅詩蘭黛,Double Wear 無瑕妍彩持久纖長睫毛膏,雅诗兰黛睫毛膏,雅诗兰黛睫毛膏,https://www.esteelauder.com.tw/media/export/cms/products/558x768/el_sku_R46M01_558x768_0.jpg,https://www.esteelauder.com.tw/product/637/3513/product-catalog/makeup/eyes/mascara/double-wear#/shade/%E8%89%B2%E8%99%9F-01-Black,"防水防汗, 抗暈染, 持久不脫妝, 纖細分明",2026-07-07,
119,彩妝,眼妝產品,睫毛膏,蘭蔻,,,,,,,,
120,彩妝,眼妝產品,睫毛膏,Bobbi Brown,濃翹大眼睫毛膏,芭比波朗睫毛膏,芭比波朗睫毛膏,https://www.bobbibrown.com.tw/media/export/cms/products/responsive/bb_sku_EETT01_1x1_0.png?width=440&height=440,https://www.bobbibrown.com.tw/product/2332/39424/makeup/eyes/mascaras/eye-opening-mascara#/shade/%E9%BB%91_%28%E8%89%B2%E8%AA%BF%29%E7%9F%AD%E6%95%88%E5%93%81%C2%A0%E6%95%88%E6%9C%9F%3A_2027%2F02%2F,"防水防汗, 抗暈染, 持久不脫妝, 濃密捲翹",2026-07-07,
121,彩妝,眼妝產品,眼影/眼影盤,植村秀,4色眼影盤,植村秀四色眼影盘,四色眼影,https://shoplineimg.com/5a8293389f9a4f3b09000791/682597f5233da9000e559b45/800x.webp?source_format=jpg,https://www.shuuemura.com.tw/products/eye-sculptism,"霧面感, 珠光感, 高顯色, 不飛粉, 持久不脫妝",2026-07-07,
122,彩妝,眼妝產品,眼影/眼影盤,資生堂,,,,,,,,
123,彩妝,眼妝產品,眼影/眼影盤,M.A.C,時尚焦點小眼影,魅可焦点小眼影,单色眼影/Omega,https://sdcdn.io/mac/tw/mac_sku_M25027_1x1_0.png?width=1080&height=1080,https://www.maccosmetics.com.tw/product/13840/363/eye-shadow,"霧面感, 珠光感, 高顯色, 不飛粉, 不卡紋, 持久不脫妝",2026-07-07,
124,彩妝,眼妝產品,眼影/眼影盤,YSL,YSL 時尚4色眼影盤,圣罗兰高定四色眼影盘,四色眼影,https://www.yslbeauty.com.tw/dw/image/v2/AARM_PRD/on/demandware.static/-/Sites-ysl-master-catalog/default/dw7ea88c43/images/makeup-eyeshadow/APAC-100382-YSL/APAC-100382-YSL-3614273921701-YSL_CMC_300_MV-IMAGE1.jpg?sw=930&sh=930&sm=cut&sfrm=jpg&q=85,https://www.yslbeauty.com.tw/product/%E7%9C%BC%E5%BD%B1%E7%9B%A4/ysl-%E6%99%82%E5%B0%9A4%E8%89%B2%E7%9C%BC%E5%BD%B1%E7%9B%A4/APAC-100382-YSL.html,"光澤感, 珠光感, 高顯色, 不飛粉, 持久不脫妝",2026-07-07,
125,彩妝,眼妝產品,眼影/眼影盤,DIOR,迪奧經典五色眼影,迪奥五色眼影盘,五色眼影,https://www.dior.com/dw/image/v2/BGXS_PRD/on/demandware.static/-/Sites-master_dior/default/dw31db90eb/Y0000177/Y0000177_E000001324_E01_RHC.jpg?sw=1280,https://www.dior.com/zh_tw/beauty/products/%E8%BF%AA%E5%A5%A7%E7%B6%93%E5%85%B8%E4%BA%94%E8%89%B2%E7%9C%BC%E5%BD%B1-%E8%97%A4%E6%A0%BC%E7%B4%8B%E9%99%90%E9%87%8F%E7%89%88-E000001324.html,"珠光感, 霧面感, 高顯色, 不飛粉, 持久不脫妝",2026-07-07,
126,彩妝,眼妝產品,眼影/眼影盤,CHANEL,香奈兒四色眼影,香奈儿四色眼影,四色眼影,"https://www.chanel.com/images/t_one/w_0.43,h_0.43,c_crop/q_auto:good,f_autoplus,fl_lossy,dpr_1.1/w_1240/les-4-ombres-multi-effect-quadra-eyeshadow-226-tisse-rivoli-0-07oz--packshot-default-164226-9564896755742.jpg",https://www.chanel.com/tw/makeup/p/164226/les-4-ombres-multi-effect-quadra-eyeshadow/,"珠光感, 霧面感, 不飛粉, 持久不脫妝",2026-07-07,
127,彩妝,眼妝產品,眼影/眼影盤,MAKE UP FOREVER,藝術大師高調玩色眼影盤,玫珂菲艺术大师眼影盘,艺术眼影,https://img.91app.com/webapi/imagesV3/Original/SalePage/10170465/1/639148929069630000?v=1,https://www.makeupforever.com.tw/SalePage/Index/10170465,"霧面感, 珠光感, 高顯色, 不飛粉, 持久不脫妝",2026-07-07,
128,彩妝,眼妝產品,眼影/眼影盤,雅詩蘭黛,Pure Color Envy 絕對慾望訂製眼彩盤,雅诗兰黛花漾倾慕眼影盘,倾慕眼影,https://www.esteelauder.com.tw/media/export/cms/products/558x768/el_sku_PHHT01_558x768_0.jpg,https://www.esteelauder.com.tw/product/636/99774/product-catalog/makeup/eyes/eyeshadow/pure-color-envy#/shade/01-%E6%9C%AB%E6%97%A5%E7%8B%82%E8%8A%B1,"珠光感, 霧面感, 高顯色, 不飛粉, 持久不脫妝",2026-07-07,
129,彩妝,眼妝產品,眼影/眼影盤,蘭蔻,絕對耀眼眼彩盤,兰蔻绝对完美眼影盘,完美眼影,https://www.lancome.com.tw/dw/image/v2/AARM_PRD/on/demandware.static/-/Sites-lancome-master-catalog/zh_TW/dwb2b9a8e4/images/L3_MakeUp_Eyes_Eyeshadows/A04308-LAC/A04308-LAC-IMAGE1.jpg?sw=750&sh=750&sm=cut&sfrm=jpg&q=700,https://www.lancome.com.tw/holidaysedition/A04308-LAC.html,"珠光感, 高顯色, 不飛粉, 持久不脫妝",2026-07-07,
130,彩妝,眼妝產品,眼影/眼影盤,Bobbi Brown,極致鑽石眼影,芭比波朗奢金单色眼影,钻石眼影/月光石,https://www.bobbibrown.com.tw/media/export/cms/products/responsive/bb_sku_ERGC01_1x1_0.png?width=440&height=440,https://www.bobbibrown.com.tw/product/2330/53791/makeup/eyes/eyeshadows/luxe-eye-shadow#/shade/%E9%89%91%E9%87%91%E7%8E%AB%E7%91%B0_Gilded_Rose,"光澤感, 珠光感, 高顯色, 不飛粉, 不卡紋, 持久不脫妝",2026-07-07,
131,彩妝,唇妝產品,唇膏,植村秀,無色限輕霧保濕唇膏,植村秀无色限柔雾唇膏,柔雾小黑管,https://shoplineimg.com/5a8293389f9a4f3b09000791/64d99496537376000d9d6685/800x.webp?source_format=jpg,https://www.shuuemura.com.tw/pages/hotsale-top10#best,"霧面感, 高顯色, 不拔乾, 不起死皮",2026-07-07,
132,彩妝,唇妝產品,唇膏,資生堂,摩霧唇膏,资生堂沁色绚彩唇膏,细管唇膏,https://www.global-shiseido.com.tw/dw/image/v2/BCSK_PRD/on/demandware.static/-/Sites-itemmaster_shiseido/default/dw04160b12/images/products/16427/16427_S_1.jpg?sw=1000&sh=1000&sm=fit,https://www.global-shiseido.com.tw/%E5%94%87%E8%86%8F-%E6%91%A9%E9%9C%A7%E5%94%87%E8%86%8F-1011477710SHI.html?dwvar_1011477710SHI_color=C1011642710&cgid=M2_Lips_Lipstick,"霧面感, 高顯色, 持久不脫妝, 不拔乾",2026-07-07,
133,彩妝,唇妝產品,唇膏,M.A.C,超水感持色水唇膏,魅可水漾润泽唇膏,水漾唇膏/尤雾弹,https://sdcdn.io/mac/tw/mac_sku_SMXF05_1x1_0.png?width=1080&height=1080,https://www.maccosmetics.com.tw/product/13854/88565?shade=543_Posh_Pit_%E7%83%A4%E6%A0%97%E5%A5%B6%E8%8C%B6,"光澤感, 水潤感, 不起死皮, 不卡紋",2026-07-07,
134,彩妝,唇妝產品,唇膏,YSL,奢華緞面唇膏,圣罗兰方管唇膏,方管,https://www.yslbeauty.com.tw/dw/image/v2/AARM_PRD/on/demandware.static/-/Sites-ysl-master-catalog/default/dw61f1e65a/images/makeup-lipstick/APAC-200124-YSL/APAC-200124-YSL-3614274378931-image1.jpg?sw=930&sh=930&sm=cut&sfrm=jpg&q=85,https://www.yslbeauty.com.tw/product/%E5%94%87%E8%86%8F/%E5%A5%A2%E8%8F%AF%E7%B7%9E%E9%9D%A2%E5%94%87%E8%86%8F/APAC-200124-YSL.htmll,"光澤感, 高顯色, 水潤感, 不拔乾",2026-07-07,
135,彩妝,唇妝產品,唇膏,DIOR,迪奧藍星唇膏,迪奥烈艳蓝金唇膏,烈艳蓝金/999,https://www.dior.com/dw/image/v2/BGXS_PRD/on/demandware.static/-/Sites-master_dior/default/dwd206b103/Y0356009/Y0356009_E000000021_E01_RHC.jpg?sw=1280,https://www.dior.com/zh_tw/beauty/products/%E8%BF%AA%E5%A5%A7%E8%97%8D%E6%98%9F%E5%94%87%E8%86%8F-Y0356009.html,"高顯色, 水潤感, 不拔乾, 不起死皮",2026-07-07,
136,彩妝,唇妝產品,唇膏,CHANEL,香奈兒超炫耀的絲絨唇膏,香奈儿炫亮魅力唇膏丝绒系列,丝绒唇膏/丝绒黑管,"https://www.chanel.com/images/t_one/w_0.38,h_0.38,c_crop/q_auto:good,f_autoplus,fl_lossy,dpr_1.1/w_1240/rouge-allure-velvet-luminous-matte-lip-colour-63-essentielle-0-12oz--packshot-default-162637-8858125697054.jpg",https://www.chanel.com/tw/makeup/p/162637/rouge-allure-velvet-luminous-matte-lip-colour/,"霧面感, 高顯色, 不拔乾, 持久不脫妝",2026-07-07,
137,彩妝,唇妝產品,唇膏,MAKE UP FOREVER,藝術大師熾熱玩色唇膏,玫珂菲艺术大师绝色唇膏,绝色唇膏,https://img.91app.com/webapi/imagesV3/Original/SalePage/9898774/1/639148929069630000?v=1,https://www.makeupforever.com.tw/SalePage/Index/9898774,"高顯色, 持久不脫妝, 不拔乾",2026-07-07,
138,彩妝,唇妝產品,唇膏,雅詩蘭黛,Pure Color 絕美奢潤精萃唇膏,雅诗兰黛绝色魅惑唇膏,倾慕唇膏/大表姐色,https://www.esteelauder.com.tw/media/export/cms/products/558x768/el_sku_GRFW51_558x768_0.jpg,https://www.esteelauder.com.tw/product/649/110676/product-catalog/makeup/lips/lipstick/pure-color#/shade/567-%E5%A5%B6%E8%8C%B6%E8%A3%B8%E6%A3%95,"高顯色, 水潤感, 不拔乾, 不起死皮",2026-07-07,
139,彩妝,唇妝產品,唇膏,蘭蔻,絕對完美唇膏,兰蔻菁纯唇膏,菁纯唇膏/小蛮腰,https://www.lancome.com.tw/dw/image/v2/AARM_PRD/on/demandware.static/-/Sites-lancome-master-catalog/default/dwbee3c5dc/images/L3_MakeUp_Lips_Lipsticks/A02311-LAC/A02311-LAC-3614274187953-2024-337-IMAGE1.jpg?sw=750&sh=750&sm=cut&sfrm=jpg&q=70,https://www.lancome.com.tw/%E5%BD%A9%E5%A6%9D/%E5%94%87%E5%BD%A9/%E5%94%87%E8%86%8F2f%E5%8F%A3%E7%B4%85/A02311-LAC.html,"高顯色, 不拔乾, 不起死皮",2026-07-07,
140,彩妝,唇妝產品,唇膏,Bobbi Brown,晶鑽釉光水唇膏,芭比波朗纯色奢金唇膏,金管唇膏,https://www.bobbibrown.com.tw/media/export/cms/products/responsive/bb_sku_H4XD01_1x1_0.png?width=440&height=440,https://www.bobbibrown.com.tw/product/2342/133641/makeup/lips/lip-colors/extra-color-shine,"光澤感, 水潤感, 不起死皮, 不卡紋",2026-07-07,
141,彩妝,唇妝產品,唇蜜,植村秀,無色限水光嫩唇露,植村秀水光嫩唇露,水光唇露,https://shoplineimg.com/5a8293389f9a4f3b09000791/65d45f69688cae00236ec638/800x.webp?source_format=jpg,https://www.shuuemura.com.tw/products/kinu-care-glow-up,"光澤感, 水潤感, 成膜快, 持久不脫妝, 不沾染",2026-07-07,
142,彩妝,唇妝產品,唇蜜,資生堂,,,,,,,,
143,彩妝,唇妝產品,唇蜜,M.A.C,超透亮冰晶潤唇露,魅可晶亮润唇冻,果冻唇蜜,https://sdcdn.io/mac/tw/mac_sku_S2AD04_1x1_0.png?width=1080&height=1080,https://www.maccosmetics.com.tw/product/13853/133676/lipglass-air-non-sticky-gloss,"光澤感, 水潤感, 不起死皮, 不卡紋",2026-07-07,
144,彩妝,唇妝產品,唇蜜,YSL,情挑誘光嫩唇凍,圣罗兰圆管水光唇釉,水光唇釉,https://www.yslbeauty.com.tw/dw/image/v2/AARM_PRD/on/demandware.static/-/Sites-ysl-master-catalog/default/dw6e11296f/images/makeup-lip-vernis/APAC-1004842-YSL/4936968883439/4936968883439_1.jpg?sw=930&sh=930&sm=cut&sfrm=jpg&q=85,https://www.yslbeauty.com.tw/product/%E5%94%87%E9%87%89/%E6%83%85%E6%8C%91%E8%AA%98%E5%85%89%E5%AB%A9%E5%94%87%E5%87%8D/APAC-1004842-YSL.html,"光澤感, 水潤感, 不起死皮, 不卡紋",2026-07-07,
145,彩妝,唇妝產品,唇蜜,DIOR,DIOR豐漾俏唇蜜,迪奥魅惑丰唇蜜,丰唇蜜,https://www.dior.com/dw/image/v2/BGXS_PRD/on/demandware.static/-/Sites-master_dior/default/dw3098d19f/Y0319000/Y0319000_C031900038_E01_RHC.jpg?sw=1280,https://www.dior.com/zh_tw/beauty/products/dior%E8%B1%90%E6%BC%BE%E4%BF%8F%E5%94%87%E8%9C%9C-Y0319000.html,"光澤感, 水潤感, 不起死皮, 不卡紋",2026-07-07,
146,彩妝,唇妝產品,唇蜜,CHANEL,香奈兒超炫耀持色唇萃,香奈儿双头唇釉,双头唇釉,"https://www.chanel.com/images/t_one/w_0.45,h_0.45,c_crop/q_auto:good,f_autoplus,fl_lossy,dpr_1.1/w_1240/le-rouge-duo-ultra-tenue-ultrawear-liquid-lip-colour-174-endless-pink-0-26fl-oz--packshot-default-175174-9589675819038.jpg",https://www.chanel.com/tw/makeup/p/175174/le-rouge-duo-ultra-tenue-ultrawear-liquid-lip-colour/,"光澤感, 高顯色, 成膜快, 持久不脫妝, 不沾染",2026-07-07,
147,彩妝,唇妝產品,唇蜜,MAKE UP FOREVER,超能量冰沙翹唇萃,玫珂菲冰沙唇萃,冰沙唇萃,https://img.91app.com/webapi/imagesV3/Original/SalePage/10693089/1/639148929069630000?v=1,https://www.makeupforever.com.tw/SalePage/Index/10693089,"光澤感, 水潤感, 不起死皮",2026-07-07,
148,彩妝,唇妝產品,唇蜜,雅詩蘭黛,Pure Color 絕美奢潤精華唇萃,雅诗兰黛绝色魅惑唇釉,倾慕唇釉,https://www.esteelauder.com.tw/media/export/cms/products/558x768/el_sku_G4DJ03_558x768_0.jpg,https://www.esteelauder.com.tw/product/26409/126081/product-catalog/makeup/lips/liquid-lip/pure-color#/shade/599%E8%BF%B7%E6%88%80%E8%8C%B6%E6%A3%95,"霧面感, 高顯色, 持久不脫妝, 不拔乾",2026-07-07,
149,彩妝,唇妝產品,唇蜜,蘭蔻,唯我精華果凍唇蜜,兰蔻水光唇蜜,果冻唇蜜,https://www.lancome.com.tw/dw/image/v2/AARM_PRD/on/demandware.static/-/Sites-lancome-master-catalog/zh_TW/dw5326a2af/images/L3_MakeUp_Lips_Gloss/A03983-LAC/A03983-LAC_3614274380194_IMAGE1.jpg?sw=750&sh=750&sm=cut&sfrm=jpg&q=70,https://www.lancome.com.tw/%E5%BD%A9%E5%A6%9D/%E5%94%87%E5%BD%A9/%E5%94%87%E9%87%892f%E5%94%87%E8%90%832f%E5%94%87%E8%9C%9C2f%E5%94%87%E9%9C%B2/A03983-LAC.htmll,"光澤感, 水潤感, 不起死皮",2026-07-07,
150,彩妝,唇妝產品,唇蜜,Bobbi Brown,柔霧雲朵唇霜,芭比波朗柔雾唇霜,云朵唇霜,https://www.bobbibrown.com.tw/media/export/cms/products/responsive/bb_sku_HYP514_1x1_0.png?width=440&height=440,https://www.bobbibrown.com.tw/product/2342/128826/makeup/lips/lip-colors/luxe-matte-liquid-lipstick,"霧面感, 高顯色, 持久不脫妝, 不拔乾",2026-07-07,
151,彩妝,唇妝產品,唇釉,植村秀,無色限輕感慕絲唇釉,植村秀无色限慕斯唇釉,慕斯唇釉,https://shoplineimg.com/5a8293389f9a4f3b09000791/6867a30d325f7d0011e7e1fe/800x.webp?source_format=jpg,https://www.shuuemura.com.tw/products/kinu-cream-reno,"霧面感, 高顯色, 不拔乾, 不卡紋",2026-07-07,
152,彩妝,唇妝產品,唇釉,資生堂,,,,,,,,
153,彩妝,唇妝產品,唇釉,M.A.C,輕親雲霧唇頰慕斯,魅可尤雾弹唇釉,尤雾弹唇釉,https://sdcdn.io/mac/tw/mac_sku_SAND01_1x1_0.png?width=1080&height=1080,https://www.maccosmetics.com.tw/product/13854/142086/powder-kiss-lip-cheek-mousse?shade=Buring_Love_,"霧面感, 高顯色, 不拔乾, 不起死皮",2026-07-07,
154,彩妝,唇妝產品,唇釉,YSL,奢華印記鎖吻霧唇釉,圣罗兰黑管水唇釉,黑管唇釉,https://www.yslbeauty.com.tw/dw/image/v2/AARM_PRD/on/demandware.static/-/Sites-ysl-master-catalog/default/dw6b42c4e3/images/makeup-lips/APAC-1004746-YSL/APAC-1004746-YSL-3614274226621-IMAGE1.jpg?sw=930&sh=930&sm=cut&sfrm=jpg&q=85,https://www.yslbeauty.com.tw/product/%E5%94%87%E9%87%89/%E5%A5%A2%E8%8F%AF%E5%8D%B0%E8%A8%98%E9%8E%96%E5%90%BB%E9%9C%A7%E5%94%87%E9%87%89/APAC-1004746-YSL.html,"霧面感, 高顯色, 成膜快, 持久不脫妝, 不沾染",2026-07-07,
155,彩妝,唇妝產品,唇釉,DIOR,迪奧粉漾水光潤唇釉,迪奥魅惑润唇釉,魅惑唇釉,https://www.dior.com/dw/image/v2/BGXS_PRD/on/demandware.static/-/Sites-master_dior/default/dwc0d49234/Y0000163/Y0000163_E000001060_E01_RHC.jpg?sw=1280,https://www.dior.com/zh_tw/beauty/products/%E8%BF%AA%E5%A5%A7%E7%B2%89%E6%BC%BE%E6%B0%B4%E5%85%89%E6%BD%A4%E5%94%87%E9%87%89-Y0000163.html,"光澤感, 水潤感, 保濕貼妝, 不起死皮, 不卡紋",2026-07-07,
156,彩妝,唇妝產品,唇釉,CHANEL,香奈兒超炫耀絲絨唇露系列,香奈儿炫亮魅力印记唇釉,印记唇釉/丝绒唇釉,"https://www.chanel.com/images/t_one/w_0.38,h_0.38,c_crop/q_auto:good,f_autoplus,fl_lossy,dpr_1.1/w_1240/rouge-allure-ink-matte-liquid-lip-colour-236-gourmandise-0-20fl-oz--packshot-default-165236-9516954222622.jpg",https://www.chanel.com/tw/makeup/p/165236/rouge-allure-ink-matte-liquid-lip-colour/,"霧面感, 高顯色, 持久不脫妝, 不拔乾",2026-07-07,
157,彩妝,唇妝產品,唇釉,MAKE UP FOREVER,藝術大師特霧水唇釉,玫珂菲特雾水唇釉,水唇釉,https://img.91app.com/webapi/imagesV3/Original/SalePage/11447142/1/639148929069630000?v=1,https://www.makeupforever.com.tw/SalePage/Index/11447142,"霧面感, 高顯色, 成膜快, 持久不脫妝, 不沾染",2026-07-07,
158,彩妝,唇妝產品,唇釉,雅詩蘭黛,,,,,,,,
159,彩妝,唇妝產品,唇釉,蘭蔻,絕對完美琉光唇釉,兰蔻菁纯漆光唇釉,漆光唇釉,https://www.lancome.com.tw/dw/image/v2/AARM_PRD/on/demandware.static/-/Sites-lancome-master-catalog/default/dw02acf879/images/L3_MakeUp_Lips_Gloss/A04515-LAC/3614274694819/707-IMAGE1.jpg?sw=750&sh=750&sm=cut&sfrm=jpg&q=70,https://www.lancome.com.tw/%E5%BD%A9%E5%A6%9D/%E5%94%87%E5%BD%A9/%E5%94%87%E9%87%892f%E5%94%87%E8%90%832f%E5%94%87%E8%9C%9C2f%E5%94%87%E9%9C%B2/A04515-LAC.html,"光澤感, 水潤感, 高顯色, 成膜快, 持久不脫妝",2026-07-07,
160,彩妝,唇妝產品,唇釉,Bobbi Brown,,,,,,,,
161,彩妝,唇妝產品,護唇膏,植村秀,無色限玻光潤色嘟唇精華,植村秀护唇精华,嘟唇精华,https://shoplineimg.com/5a8293389f9a4f3b09000791/698062cc8c5c21a2428e851e/800x.webp?source_format=png,https://www.shuuemura.com.tw/products/kinu-cream-ccoil,"光澤感, 水潤感, 溫和不刺激, 不起死皮, 不卡紋",2026-07-07,
162,彩妝,唇妝產品,護唇膏,資生堂,,,,,,,,
163,彩妝,唇妝產品,護唇膏,M.A.C,妝前唇霜,魅可妆前打底唇膏,唇部打底,https://sdcdn.io/mac/tw/mac_sku_M4XA01_1x1_0.png?width=1080&height=1080,https://www.maccosmetics.com.tw/product/13831/968/prep-prime-lip,"保濕貼妝, 不卡紋, 不起死皮",2026-07-07,
164,彩妝,唇妝產品,護唇膏,YSL,情挑誘光潤唇膏,圣罗兰圆管润唇膏,圆管润唇膏,https://www.yslbeauty.com.tw/dw/image/v2/AARM_PRD/on/demandware.static/-/Sites-ysl-master-catalog/default/dw032511e7/images/makeup-lipstick/APAC-1004637-YSL/APAC-1004637-YSL-3614274545043-IMAGE1.jpg?sw=930&sh=930&sm=cut&sfrm=jpg&q=855,https://www.yslbeauty.com.tw/product/%E5%94%87%E8%86%8F/%E6%83%85%E6%8C%91%E8%AA%98%E5%85%89%E6%BD%A4%E5%94%87%E8%86%8F/APAC-1004637-YSL.htmll,"光澤感, 水潤感, 保濕貼妝, 不起死皮, 不卡紋",2026-07-07,
165,彩妝,唇妝產品,護唇膏,DIOR,迪奧癮誘粉漾潤唇膏,迪奥魅惑润唇膏,变色唇膏,https://www.dior.com/dw/image/v2/BGXS_PRD/on/demandware.static/-/Sites-master_dior/zh_TW/dwb584b353/Y0457000/Y0457000_C045700001_E01_RHC.jpg?sw=1280,https://www.dior.com/zh_tw/beauty/products/%E8%BF%AA%E5%A5%A7%E7%99%AE%E8%AA%98%E7%B2%89%E6%BC%BE%E6%BD%A4%E5%94%87%E8%86%8F-Y0457000.htmll,"光澤感, 水潤感, 保濕貼妝, 不起死皮, 溫和不刺激",2026-07-07,
166,彩妝,唇妝產品,護唇膏,CHANEL,香奈兒COCO超水感修護唇膏,香奈儿COCO润唇膏,可可润唇膏/白管,"https://www.chanel.com/images/t_one/w_0.38,h_0.38,c_crop/q_auto:good,f_autoplus,fl_lossy,dpr_1.1/w_1240/rouge-coco-baume-hydrating-conditioning-lip-balm-0-1oz--packshot-default-171900-9564812476446.jpg",https://www.chanel.com/tw/makeup/p/171900/rouge-coco-baume-hydrating-conditioning-lip-balm/,"光澤感, 水潤感, 保濕貼妝, 不起死皮, 溫和不刺激",2026-07-07,
167,彩妝,唇妝產品,護唇膏,MAKE UP FOREVER,藝術大師玩色水感護唇膏,玫珂菲水感护唇膏,护唇膏,https://img.91app.com/webapi/imagesV3/Original/SalePage/4443216/1/639148929069630000?v=1,https://www.makeupforever.com.tw/SalePage/Index/4443216,"光澤感, 水潤感, 保濕貼妝, 不起死皮",2026-07-07,
168,彩妝,唇妝產品,護唇膏,雅詩蘭黛,Pure Color 水啵啵琉璃潤唇膏,雅诗兰黛水光润唇膏,水光唇膏,https://www.esteelauder.com.tw/media/export/cms/products/558x768/el_sku_G71D02_558x768_0.jpg,https://www.esteelauder.com.tw/product/1799/135010/product-catalog/best-sellers/pure-color#/shade/02%E5%AC%8C%E5%AB%A9%E7%B2%89%E8%8D%94-IU%E6%8C%87%E5%AE%9A%E5%BF%85%E8%B2%B7%E8%89%B2,"光澤感, 水潤感, 不起死皮, 不卡紋",2026-07-07,
169,彩妝,唇妝產品,護唇膏,蘭蔻,絕對完美玫瑰潤色護唇膏,兰蔻菁纯玫瑰润唇膏,玫瑰润唇膏,https://www.lancome.com.tw/dw/image/v2/AARM_PRD/on/demandware.static/-/Sites-lancome-master-catalog/zh_TW/dw7e93e76a/images/L2_MakeUp_Lips/A02449-LAC/A02449-LAC-3614273307963-01-IMAGE1.jpg?sw=750&sh=750&sm=cut&sfrm=jpg&q=70,https://www.lancome.com.tw/%E5%BD%A9%E5%A6%9D/%E5%94%87%E5%BD%A9/A02449-LAC.html,"光澤感, 水潤感, 溫和不刺激, 不起死皮",2026-07-07,
170,彩妝,唇妝產品,護唇膏,Bobbi Brown,晶鑽桂馥修護潤唇精華,芭比波朗变色润唇膏,变色唇膏,https://www.bobbibrown.com.tw/media/export/cms/products/responsive/bb_sku_ET4K04_1x1_0.png?width=440&height=440,https://www.bobbibrown.com.tw/product/2342/105136/makeup/lips/lip-colors/extra-plump-lip-serum,"光澤感, 水潤感, 保濕貼妝, 不起死皮, 不卡紋, 溫和不刺激",2026-07-07,
171,保養,清潔,洗面乳,植村秀,黑米精萃潔顏乳,植村秀黑米洁颜乳,黑米洗面奶,https://shoplineimg.com/5a8293389f9a4f3b09000791/67ac4df8b87405000a08e7a6/800x.webp?source_format=jpgg,https://www.shuuemura.com.tw/products/blackoil-foam,"油肌, 混合肌, 零殘留, 溫和不刺激",2026-07-07,
172,保養,清潔,洗面乳,資生堂,極上御藏潔膚皂N,资生堂时光琉璃洁面膏,时光琉璃洁面,https://www.global-shiseido.com.tw/dw/image/v2/BCSK_PRD/on/demandware.static/-/Sites-itemmaster_shiseido/default/dwcfc091ac/images/products/21255/21255_S_01.jpg?sw=1000&sh=1000&sm=fit,https://www.global-shiseido.com.tw/%E6%B4%97%E9%9D%A2%E4%B9%B3-%7C-%E5%8D%B8%E5%A6%9D%E6%B8%85%E6%BD%94-%E3%80%90%E5%85%A8%E6%96%B0%E5%8D%87%E7%B4%9A%E3%80%91%E6%A5%B5%E4%B8%8A%E5%BE%A1%E8%97%8F%E6%BD%94%E8%86%9A%E7%9A%82n-10121255201.html?cgid=S2_Category_MakeupRemovers,"乾肌, 中性肌, 水潤感, 不拔乾, 溫和不刺激",2026-07-07,
173,保養,清潔,洗面乳,M.A.C,超奇肌高保濕花瓣潔顏乳,魅可花瓣洁面乳,花瓣洁面,https://sdcdn.io/mac/tw/mac_sku_SWM701_1x1_0.png?width=1080&height=1080,https://www.maccosmetics.com.tw/product/13826/122831/hyper-real-fresh-canvas-cream-to-foam-cleanser,"乾肌, 混合肌, 水潤感, 不拔乾, 溫和不刺激",2026-07-07,
174,保養,清潔,洗面乳,YSL,極效活萃淨透潔顏慕斯,圣罗兰夜皇后洁面慕斯,夜皇后洁面,https://www.yslbeauty.com.tw/dw/image/v2/AARM_PRD/on/demandware.static/-/Sites-ysl-master-catalog/zh_TW/dw67b77c0e/images/productline-pureshots/APAC-100424-YSL/APAC-100424-YSL-3614273941488-125ML-IMAGE1.jpg?sw=930&sh=930&sm=cut&sfrm=jpg&q=85,https://www.yslbeauty.com.tw/product/%E6%A5%B5%E6%95%88%E6%B4%BB%E8%90%83%E7%B3%BB%E5%88%97/%E6%A5%B5%E6%95%88%E6%B4%BB%E8%90%83%E6%B7%A8%E9%80%8F%E6%BD%94%E9%A1%8F%E6%85%95%E6%96%AF/APAC-100424-YSL.html,"油肌, 混合肌, 零殘留, 溫和不刺激",2026-07-07,
175,保養,清潔,洗面乳,DIOR,迪奧極淨舒緩潔顏慕斯,迪奥净澈舒缓洁颜慕斯,舒缓洁面,https://www.dior.com/dw/image/v2/BGXS_PRD/on/demandware.static/-/Sites-master_dior/default/dw20429807/Y0000013/Y0000013_E01_RHC.jpg?sw=1280,https://www.dior.com/zh_tw/beauty/products/%E8%BF%AA%E5%A5%A7%E6%A5%B5%E6%B7%A8%E8%88%92%E7%B7%A9%E6%BD%94%E9%A1%8F%E6%85%95%E6%96%AF-Y0000013.html,"敏感肌, 乾肌, 水潤感, 溫和不刺激, 敏感肌友善",2026-07-07,
176,保養,清潔,洗面乳,CHANEL,香奈兒深海精萃山茶花潔顏慕斯,香奈儿山茶花洁颜慕斯,山茶花洗面奶,"https://www.chanel.com/images/t_one/w_0.63,h_0.63,c_crop/q_auto:good,f_autoplus,fl_lossy,dpr_1.1/w_1240/la-mousse-camellia-cleansing-cream-to-foam-travel-size-2-5fl-oz--packshot-default-133280-9586243829790.jpg",https://www.chanel.com/tw/skincare/p/133280/la-mousse-camellia-cleansing-cream-to-foam-travel-size/,"中性肌, 混合肌, 零殘留, 溫和不刺激, 不拔乾",2026-07-07,
177,保養,清潔,洗面乳,MAKE UP FOREVER,,,,,,,,
178,保養,清潔,洗面乳,雅詩蘭黛,Advanced Night 特潤超導醒膚潔顏蜜,雅诗兰黛特润洁颜蜜,小棕瓶洗面奶,https://www.esteelauder.com.tw/media/export/cms/products/558x768/el_sku_GWLW01_558x768_0.jpg,https://www.esteelauder.com.tw/product/681/110714/product-catalog/skin-care/advanced-night?size=100ml,"乾肌, 敏感肌, 水潤感, 溫和不刺激, 敏感肌友善",2026-07-07,
179,保養,清潔,洗面乳,蘭蔻,超極光淨緻毛孔洗面乳,兰蔻净澈焕肤洁面乳,极光洁面,https://www.lancome.com.tw/dw/image/v2/AARM_PRD/on/demandware.static/-/Sites-lancome-master-catalog/default/dw92d07dcb/images/PACKSHOTS/SKINCARE/CLARIFIQUE/A01469-LAC_Clarifique_Cleansing_Foam/4935421707626_Clarifique_Cleansing_Foam_125ml.jpg?sw=750&sh=750&sm=cut&sfrm=jpg&q=70,https://www.lancome.com.tw/%E4%BF%9D%E9%A4%8A/%E7%94%A2%E5%93%81%E7%B3%BB%E5%88%97/%E8%B6%85%E6%A5%B5%E5%85%89%E4%BF%9D%E9%A4%8A%E7%B3%BB%E5%88%97/A01469-LAC.html,"油肌, 混合肌, 零殘留, 不致痘",2026-07-07,
180,保養,清潔,洗面乳,Bobbi Brown,潔膚洗顏乳,芭比波朗洁肤洗颜乳,洗颜乳,https://www.bobbibrown.com.tw/media/export/cms/products/responsive/bb_sku_EWL101_1x1_0.png?width=440&height=440,https://www.bobbibrown.com.tw/product/14013/7748/skincare/cleansers-toners/lathering-tube-soap,"中性肌, 乾肌, 溫和不刺激, 不拔乾",2026-07-07,
181,保養,清潔,去角質,植村秀,,,,,,,,
182,保養,清潔,去角質,資生堂,,,,,,,,
183,保養,清潔,去角質,M.A.C,,,,,,,,
184,保養,清潔,去角質,YSL,,,,,,,,
185,保養,清潔,去角質,DIOR,DIOR精萃再生玫瑰去角質霜,迪奥花秘瑰萃去角质霜,花秘去角质,https://www.dior.com/dw/image/v2/BGXS_PRD/on/demandware.static/-/Sites-master_dior/default/dw29b901fe/Y0996292/Y0996292_C099600751_E01_ZHC.jpg?sw=2560,https://www.dior.com/zh_tw/beauty/products/dior%E7%B2%BE%E8%90%83%E5%86%8D%E7%94%9F%E7%8E%AB%E7%91%B0%E5%8E%BB%E8%A7%92%E8%B3%AA%E9%9C%9C-Y0996292.html?q=DIOR%E7%B2%BE%E8%90%83%E5%86%8D%E7%94%9F%E7%8E%AB%E7%91%B0%E5%8E%BB%E8%A7%92%E8%B3%AA%E9%9C%9CC,"乾肌, 敏感肌, 水潤感, 溫和不刺激, 敏感肌友善",2026-07-07,
186,保養,清潔,去角質,CHANEL,香奈兒奢華金燦梵尼蘭去角質霜,香奈儿奢华精萃去角质霜,砖石去角质,"https://www.chanel.com/images/t_one/w_0.43,h_0.43,c_crop/q_auto:good,f_autoplus,fl_lossy,dpr_1.1/w_1240/sublimage-les-grains-de-vanille-purifying-and-radiance-revealing-vanilla-seed-face-scrub-1-7oz--packshot-default-144350-8845083639838.jpg",https://www.chanel.com/tw/skincare/p/144350/sublimage-les-grains-de-vanille-ultimate-exfoliator-cleanses-and-purifies/,"乾肌, 中性肌, 水潤感, 溫和不刺激",2026-07-07,
187,保養,清潔,去角質,MAKE UP FOREVER,,,,,,,,
188,保養,清潔,去角質,雅詩蘭黛,,,,,,,,
189,保養,清潔,去角質,蘭蔻,溫和去角質玫瑰凝膠,兰蔻清滢玫瑰去角质凝胶,玫瑰去角质,https://www.lancome.com.tw/dw/image/v2/AARM_PRD/on/demandware.static/-/Sites-lancome-master-catalog/default/dwc22953d7/images/PACKSHOTS/SKINCARE/CONFORT/A00935_Rose_Sugar_Scrub/3614272227026_Rose%20sugar%20scrub%20100ml.jpg?sw=1140&sh=1140&sm=cut&sfrm=jpg&q=70,https://www.lancome.com.tw/%E4%BF%9D%E9%A4%8A/%E8%87%89%E9%83%A8%E4%BF%9D%E9%A4%8A/%E9%9D%A2%E8%86%9C2f%E5%8E%BB%E8%A7%92%E8%B3%AA/A00935-LAC.html,"敏感肌, 混合肌, 水潤感, 溫和不刺激, 敏感肌友善",2026-07-07,
190,保養,清潔,去角質,Bobbi Brown,,,,,,,,
191,保養,卸妝,卸妝油,植村秀,全新抹茶精萃潔顏油,植村秀抹茶洁颜油,绿茶卸妆油,https://shoplineimg.com/5a8293389f9a4f3b09000791/61027b1105d77e0038caeb51/800x.webp?source_format=jpg,https://www.shuuemura.com.tw/products/dullness--cleansing-oil-450ml,"油肌, 混合肌, 零殘留, 不致痘, 溫和不刺激",2026-07-07,
192,保養,卸妝,卸妝油,資生堂,完美水漾潔顏油,资生堂完美水漾洁颜油,水漾洁颜油,https://www.global-shiseido.com.tw/dw/image/v2/BCSK_PRD/on/demandware.static/-/Sites-itemmaster_shiseido/default/dwafb4e813/images/products/14341/14341_XX_01.jpg?sw=1000&sh=1000&sm=fit,https://www.global-shiseido.com.tw/%E6%B4%97%E9%9D%A2%E4%B9%B3-%7C-%E5%8D%B8%E5%A6%9D%E6%B8%85%E6%BD%94-%E5%AE%8C%E7%BE%8E%E6%B0%B4%E6%BC%BE%E6%BD%94%E9%A1%8F%E6%B2%B9-1011434140.html?cgid=S2_Category_MakeupRemovers,"乾肌, 中性肌, 零殘留, 水潤感, 溫和不刺激",2026-07-07,
193,保養,卸妝,卸妝油,M.A.C,超奇肌清爽花瓣淨妝油,魅可清爽净妆油,花瓣卸妆油,https://sdcdn.io/mac/tw/mac_sku_NY4001_1x1_0.png?width=1080&height=1080,https://www.maccosmetics.com.tw/product/13826/108905/hyper-real-fresh-canvas-cleansing-oil,"敏感肌, 乾肌, 零殘留, 溫和不刺激, 敏感肌友善, 不致痘",2026-07-07,
194,保養,卸妝,卸妝油,YSL,,,,,,,,
195,保養,卸妝,卸妝油,DIOR,迪奧極淨舒緩卸妝油,迪奥净澈舒缓卸妆油,舒缓卸妆油,https://www.dior.com/dw/image/v2/BGXS_PRD/on/demandware.static/-/Sites-master_dior/default/dw4b2799d7/Y0000208/Y0000208_E000000861_E01_RHC.jpg?sw=1280,https://www.dior.com/zh_tw/beauty/products/%E8%BF%AA%E5%A5%A7%E6%A5%B5%E6%B7%A8%E8%88%92%E7%B7%A9%E5%8D%B8%E5%A6%9D%E6%B2%B9-Y0000208.html,"混合肌, 乾肌, 零殘留, 溫和不刺激, 不致痘",2026-07-07,
196,保養,卸妝,卸妝油,CHANEL,香奈兒深海精萃卸妝油,香奈儿深海精萃卸妆油,深海卸妆油,"https://www.chanel.com/images/t_one/w_0.63,h_0.63,c_crop/q_auto:good,f_autoplus,fl_lossy,dpr_1.1/w_1240/l-huile-anti-pollution-cleansing-oil-5fl-oz--packshot-default-141370-9564860547102.jpg",https://www.chanel.com/tw/skincare/p/141370/lhuile-anti-pollution-cleansing-oil/,"乾肌, 混合肌, 零殘留, 溫和不刺激, 水潤感",2026-07-07,
197,保養,卸妝,卸妝油,MAKE UP FOREVER,,,,,,,,
198,保養,卸妝,卸妝油,雅詩蘭黛,,,,,,,,
199,保養,卸妝,卸妝油,蘭蔻,溫和卸妝乳,兰蔻清滢柔肤卸妆乳,粉水卸妆乳,https://www.lancome.com.tw/dw/image/v2/AARM_PRD/on/demandware.static/-/Sites-lancome-master-catalog/default/dw2d76b402/LAC_KR_PDP/20170215/L5448700.jpg?sw=1140&sh=1140&sm=cut&sfrm=jpg&q=70,https://www.lancome.com.tw/%E4%BF%9D%E9%A4%8A/%E8%87%89%E9%83%A8%E4%BF%9D%E9%A4%8A/%E6%B8%85%E6%BD%94%E5%8D%B8%E5%A6%9D/127043-LAC.html,"乾肌, 敏感肌, 溫和不刺激, 敏感肌友善, 水潤感, 不拔乾",2026-07-07,
200,保養,卸妝,卸妝油,Bobbi Brown,超輕水感茉莉淨妝油,芭比波朗清透舒盈洁肤油,茉莉卸妆油,https://www.bobbibrown.com.tw/media/export/cms/products/responsive/bb_sku_EWR001_1x1_0.png?width=440&height=440,https://www.bobbibrown.com.tw/product/56426/123703/online-exclusive/soothing-cleansing-oil,"油肌, 混合肌, 敏感肌, 零殘留, 溫和不刺激, 不致痘, 敏感肌友善",2026-07-07,
201,保養,卸妝,卸妝膏,植村秀,全能奇蹟金萃潔顏霜,植村秀琥珀洁颜霜,琥珀洁颜霜,https://shoplineimg.com/5a8293389f9a4f3b09000791/62ea1f15750dd7002bff7877/800x.webp?source_format=jpg,https://www.shuuemura.com.tw/products/ultime8-sublime-beauty-cleansing-balm-100g,"乾肌, 中性肌, 零殘留, 溫和不刺激, 水潤感, 不拔乾",2026-07-07,
202,保養,卸妝,卸妝膏,資生堂,,,,,,,,
203,保養,卸妝,卸妝膏,M.A.C,,,,,,,,
204,保養,卸妝,卸妝膏,YSL,金緻奢華賦活卸妝精萃,圣罗兰藏金奢妍卸妆膏,藏金卸妆膏,https://www.yslbeauty.com.tw/dw/image/v2/AARM_PRD/on/demandware.static/-/Sites-ysl-master-catalog/default/dw8117d921/images/skincare-or-rouge/APAC-1004600-YSL/APAC-1004600-YSL-3614274146547-150ML-IMAGE1.jpg?sw=930&sh=930&sm=cut&sfrm=jpg&q=855,https://www.yslbeauty.com.tw/product/%E9%87%91%E7%B7%BB%E5%A5%A2%E8%8F%AF%E8%B3%A6%E6%B4%BB%E7%B3%BB%E5%88%97/%E9%87%91%E7%B7%BB%E5%A5%A2%E8%8F%AF%E8%B3%A6%E6%B4%BB%E5%8D%B8%E5%A6%9D%E7%B2%BE%E8%90%83/APAC-1004600-YSL.html,"乾肌, 混合肌, 溫和不刺激, 水潤感, 不拔乾",2026-07-07,
205,保養,卸妝,卸妝膏,DIOR,DIOR精萃再生玫瑰卸妝霜,迪奥花秘瑰萃卸妆霜,花秘卸妆膏,https://www.dior.com/dw/image/v2/BGXS_PRD/on/demandware.static/-/Sites-master_dior/default/dwa8e75349/Y0996293/Y0996293_C099600750_E01_ZHC.jpg?sw=2560,https://www.dior.com/zh_tw/beauty/products/dior%E7%B2%BE%E8%90%83%E5%86%8D%E7%94%9F%E7%8E%AB%E7%91%B0%E5%8D%B8%E5%A6%9D%E9%9C%9C-Y0996293.html,"乾肌, 敏感肌, 溫和不刺激, 水潤感, 不拔乾, 敏感肌友善",2026-07-07,
206,保養,卸妝,卸妝膏,CHANEL,,,,,,,,
207,保養,卸妝,卸妝膏,MAKE UP FOREVER,三效完美冷霜,玫珂菲三效完美冷霜,冷霜,https://img.91app.com/webapi/imagesV3/Original/SalePage/8661619/1/639148929069630000?v=1,https://www.makeupforever.com.tw/SalePage/Index/8661619,"乾肌, 混合肌, 零殘留, 溫和不刺激, 水潤感",2026-07-07,
208,保養,卸妝,卸妝膏,雅詩蘭黛,Advanced Night 特潤超導三效卸妝精萃膏,雅诗兰黛特润卸妆膏,小棕瓶卸妆膏,https://www.esteelauder.com.tw/media/export/cms/products/558x768/el_sku_GWLT01_558x768_0.jpg,https://www.esteelauder.com.tw/product/681/117065/product-catalog/skin-care/advanced-night?size=70ml,"乾肌, 混合肌, 零殘留, 溫和不刺激, 水潤感, 不拔乾",2026-07-07,
209,保養,卸妝,卸妝膏,蘭蔻,,,,,,,,
210,保養,卸妝,卸妝膏,Bobbi Brown,晶鑽桂馥潔膚霜,芭比波朗至盈呵护洁肤霜,橘子卸妆膏,https://www.bobbibrown.com.tw/media/export/cms/products/responsive/bb_sku_ERAN01_1x1_0.png?width=440&height=440,https://www.bobbibrown.com.tw/product/14006/93887/skincare/extra-cleansing-balm,"乾肌, 敏感肌, 溫和不刺激, 水潤感, 不拔乾, 敏感肌友善",2026-07-07,
211,保養,卸妝,卸妝水,植村秀,,,,,,,,
212,保養,卸妝,卸妝水,資生堂,完美水漾卸妝水,资生堂完美水漾卸妆水,水漾卸妆水,https://www.global-shiseido.com.tw/dw/image/v2/BCSK_PRD/on/demandware.static/-/Sites-itemmaster_shiseido/default/dwa832fddd/images/products/14168/14168_S_01.jpg?sw=1000&sh=1000&sm=fit,https://www.global-shiseido.com.tw/%E6%B4%97%E9%9D%A2%E4%B9%B3-%7C-%E5%8D%B8%E5%A6%9D%E6%B8%85%E6%BD%94-%E5%AE%8C%E7%BE%8E%E6%B0%B4%E6%BC%BE%E5%8D%B8%E5%A6%9D%E6%B0%B4-1011416810.html?cgid=S2_Category_MakeupRemovers,"油肌, 混合肌, 敏感肌, 零殘留, 溫和不刺激, 敏感肌友善",2026-07-07,
213,保養,卸妝,卸妝水,M.A.C,,,,,,,,
214,保養,卸妝,卸妝水,YSL,,,,,,,,
215,保養,卸妝,卸妝水,DIOR,迪奧極淨舒緩卸妝水,迪奥净澈舒缓卸妆水,舒缓卸妆水,https://www.dior.com/dw/image/v2/BGXS_PRD/on/demandware.static/-/Sites-master_dior/default/dwd713947f/Y0000210/Y0000210_E000000860_E01_RHC.jpg?sw=1280,https://www.dior.com/zh_tw/beauty/products/%E8%BF%AA%E5%A5%A7%E6%A5%B5%E6%B7%A8%E8%88%92%E7%B7%A9%E5%8D%B8%E5%A6%9D%E6%B0%B4-Y0000210.html,"敏感肌, 乾肌, 混合肌, 零殘留, 溫和不刺激, 敏感肌友善",2026-07-07,
216,保養,卸妝,卸妝水,CHANEL,香奈兒深海精萃卸妝水,香奈儿深海精萃卸妆水,深海卸妆水,"https://www.chanel.com/images/t_one/w_0.63,h_0.63,c_crop/q_auto:good,f_autoplus,fl_lossy,dpr_1.1/w_1240/l-eau-micellaire-anti-pollution-micellar-cleansing-water-5fl-oz--packshot-default-141040-8845083508766.jpg",https://www.chanel.com/tw/skincare/p/141040/leau-micellaire-anti-pollution-micellar-cleansing-water/,"混合肌, 中性肌, 零殘留, 溫和不刺激, 水潤感",2026-07-07,
217,保養,卸妝,卸妝水,MAKE UP FOREVER,,,,,,,,
218,保養,卸妝,卸妝水,雅詩蘭黛,,,,,,,,
219,保養,卸妝,卸妝水,蘭蔻,,,,,,,,
220,保養,卸妝,卸妝水,Bobbi Brown,瞬間雙效卸妝液,芭比波朗瞬间双效卸妆液,双效卸妆液,https://www.bobbibrown.com.tw/media/export/cms/products/responsive/bb_sku_E42G01_1x1_0.png?width=440&height=440,https://www.bobbibrown.com.tw/product/14013/7321/skincare/cleansers-toners/instant-long-wear-makeup-remover,"敏感肌, 乾肌, 零殘留, 溫和不刺激, 敏感肌友善",2026-07-07,
221,保養,卸妝,眼唇卸妝液,植村秀,,,,,,,,
222,保養,卸妝,眼唇卸妝液,資生堂,,,,,,,,
223,保養,卸妝,眼唇卸妝液,M.A.C,清爽眼唇淨妝露,魅可眼唇卸妆液,眼唇卸,https://sdcdn.io/mac/tw/mac_sku_S6LS01_1x1_0.png?width=1080&height=1080,https://www.maccosmetics.com.tw/product/13826/138058/gentle-off-dual-phase-makeup-remover?size=15ml,"混合肌, 油肌, 零殘留, 溫和不刺激, 不致痘",2026-07-07,
224,保養,卸妝,眼唇卸妝液,YSL,,,,,,,,
225,保養,卸妝,眼唇卸妝液,DIOR,迪奧極淨舒緩眼唇卸妝液,迪奥眼唇卸妆液,眼唇卸,https://www.dior.com/dw/image/v2/BGXS_PRD/on/demandware.static/-/Sites-master_dior/default/dw22da0d6b/Y0000209/Y0000209_E000000862_E01_RHC.jpg?sw=1280,https://www.dior.com/zh_tw/beauty/products/%E8%BF%AA%E5%A5%A7%E6%A5%B5%E6%B7%A8%E8%88%92%E7%B7%A9%E7%9C%BC%E5%94%87%E5%8D%B8%E5%A6%9D%E6%B6%B2-Y0000209.html,"敏感肌, 乾肌, 零殘留, 溫和不刺激, 敏感肌友善",2026-07-07,
226,保養,卸妝,眼唇卸妝液,CHANEL,香奈兒溫和雙效眼部卸妝液,香奈儿眼唇卸妆液,眼唇卸,"https://www.chanel.com/images/t_one/w_0.63,h_0.63,c_crop/q_auto:good,f_autoplus,fl_lossy,dpr_1.1/w_1240/demaquillant-yeux-intense-gentle-bi-phase-eye-makeup-remover-3-4fl-oz--packshot-default-141660-9541913837598.jpg",https://www.chanel.com/tw/skincare/p/141660/demaquillant-yeux-intense-gentle-bi-phase-eye-makeup-remover/,"敏感肌, 乾肌, 零殘留, 溫和不刺激, 敏感肌友善, 水潤感",2026-07-07,
227,保養,卸妝,眼唇卸妝液,MAKE UP FOREVER,完美舒緩眼唇卸妝乳,玫珂菲眼唇卸妆液,眼唇卸,https://img.91app.com/webapi/imagesV3/Original/SalePage/8661622/1/639148929069630000?v=1,https://www.makeupforever.com.tw/SalePage/Index/8661622,"敏感肌, 乾肌, 零殘留, 溫和不刺激, 敏感肌友善, 不拔乾",2026-07-07,
228,保養,卸妝,眼唇卸妝液,雅詩蘭黛,,,,,,,,
229,保養,卸妝,眼唇卸妝液,蘭蔻,,,,,,,,
230,保養,卸妝,眼唇卸妝液,Bobbi Brown,,,,,,,,
231,保養,卸妝,卸妝棉,植村秀,,,,,,,,
232,保養,卸妝,卸妝棉,資生堂,完美淨嫩卸妝布,资生堂卸妆湿巾,卸妆巾,https://www.global-shiseido.com.tw/dw/image/v2/BCSK_PRD/on/demandware.static/-/Sites-itemmaster_shiseido/default/dwa3ea3203/images/products/14169/14169_S_01.jpg?sw=1000&sh=1000&sm=fit,https://www.global-shiseido.com.tw/%E6%B4%97%E9%9D%A2%E4%B9%B3-%7C-%E5%8D%B8%E5%A6%9D%E6%B8%85%E6%BD%94-%E5%AE%8C%E7%BE%8E%E6%B7%A8%E5%AB%A9%E5%8D%B8%E5%A6%9D%E5%B8%83-1011416910.html?cgid=S2_Category_MakeupRemovers,"混合肌, 油肌, 零殘留, 溫和不刺激, 不致痘",2026-07-07,
233,保養,卸妝,卸妝棉,M.A.C,舒緩保濕潔膚膜,魅可保湿洁肤巾,洁肤巾,https://sdcdn.io/mac/tw/mac_sku_SRAX01_1x1_0.png?width=320&height=320,https://www.maccosmetics.com.tw/product/13826/69008/gently-off-wipes-micellar-water?size=80_Sheets,"敏感肌, 乾肌, 零殘留, 溫和不刺激, 敏感肌友善, 水潤感",2026-07-07,
234,保養,卸妝,卸妝棉,YSL,,,,,,,,
235,保養,卸妝,卸妝棉,DIOR,,,,,,,,
236,保養,卸妝,卸妝棉,CHANEL,,,,,,,,
237,保養,卸妝,卸妝棉,MAKE UP FOREVER,,,,,,,,
238,保養,卸妝,卸妝棉,雅詩蘭黛,,,,,,,,
239,保養,卸妝,卸妝棉,蘭蔻,,,,,,,,
240,保養,卸妝,卸妝棉,Bobbi Brown,,,,,,,,
241,保養,保養品,化妝水,植村秀,全能奇蹟金萃精華水,植村秀琥珀精华水,琥珀水,https://shoplineimg.com/5a8293389f9a4f3b09000791/5b616d1159d5241938000e4e/800x.webp?source_format=png,https://www.shuuemura.com.tw/products/ultime8-lotion-b150ml-,"乾肌, 中性肌, 水潤感, 秒吸收, 保濕貼妝, 溫和不刺激",2026-07-07,
242,保養,保養品,化妝水,資生堂,激抗痕亮采緊緻露,资生堂悦薇智感紧塑焕白精粹水,悦薇水,https://www.global-shiseido.com.tw/dw/image/v2/BCSK_PRD/on/demandware.static/-/Sites-master-catalog-shiseido-tw/zh_TW/dw55384797/images/BOM/GLS0116.webp?sw=1000&sh=1000&sm=fit,https://www.global-shiseido.com.tw/%E5%8C%96%E5%A6%9D%E6%B0%B4-%E6%BF%80%E6%8A%97%E7%97%95%E4%BA%AE%E9%87%87%E7%B7%8A%E7%B7%BB%E9%9C%B2%EF%BD%9C%E6%9C%80%E5%BC%B7%E6%B0%B4%E4%B9%B3-%E6%8A%97%E8%80%81%E5%8C%96%E5%A6%9D%E6%B0%B4-%2F-%E5%8C%96%E5%A6%9D%E6%B0%B4%EF%BC%8F%E5%8C%96%E5%A6%9D%E6%B0%B4%E6%8E%A8%E8%96%A6-SB000001471.html?cgid=S2_Category_BalancingLotions,"乾肌, 中性肌, 水潤感, 秒吸收, 保濕貼妝, 溫和不刺激",2026-07-07,
243,保養,保養品,化妝水,M.A.C,,,,,,,,
244,保養,保養品,化妝水,YSL,極效活萃細緻柔膚露,圣罗兰夜皇后柔肤水,粉水/夜皇后水,https://www.yslbeauty.com.tw/dw/image/v2/AARM_PRD/on/demandware.static/-/Sites-ysl-master-catalog/zh_TW/dwae864162/images/skincare-pure-shots/APAC-1004787-YSL/APAC-1004787-YSL_3614273862967_IMAGE1.jpg?sw=930&sh=930&sm=cut&sfrm=jpg&q=85,https://www.yslbeauty.com.tw/product/%E6%A5%B5%E6%95%88%E6%B4%BB%E8%90%83%E7%B3%BB%E5%88%97/%E6%A5%B5%E6%95%88%E6%B4%BB%E8%90%83%E7%B4%B0%E7%B7%BB%E6%9F%94%E8%86%9A%E9%9C%B2/APAC-1004787-YSL.html,"混合肌, 油肌, 秒吸收, 水潤感, 不致痘",2026-07-07,
245,保養,保養品,化妝水,DIOR,迪奧精萃再生微導凝露,迪奥花秘瑰萃玫瑰微凝珠精华萃液,花秘粉水,https://www.dior.com/dw/image/v2/BGXS_PRD/on/demandware.static/-/Sites-master_dior/default/dwd5f1366b/Y0997076/Y0997076_C099700078_E01_RHC.jpg?sw=1280,https://www.dior.com/zh_tw/beauty/products/%E8%BF%AA%E5%A5%A7%E7%B2%BE%E8%90%83%E5%86%8D%E7%94%9F%E5%BE%AE%E5%B0%8E%E5%87%9D%E9%9C%B2-Y0997076.html,"乾肌, 敏感肌, 水潤感, 溫和不刺激, 保濕貼妝, 敏感肌友善",2026-07-07,
246,保養,保養品,化妝水,CHANEL,香奈兒山茶花保濕微滴精萃再生露,香奈儿山茶花保湿微滴精萃水,气泡水/山茶花水,"https://www.chanel.com/images/t_one/w_0.63,h_0.63,c_crop/q_auto:good,f_autoplus,fl_lossy,dpr_1.1/w_1240/hydra-beauty-micro-liquid-essence-refining-energizing-hydration-5fl-oz--packshot-default-141020-9564917006366.jpg",https://www.chanel.com/tw/skincare/p/141020/hydra-beauty-micro-liquid-essence-refining-energizing-hydration/,"乾肌, 混合肌, 水潤感, 秒吸收, 溫和不刺激",2026-07-07,
247,保養,保養品,化妝水,MAKE UP FOREVER,,,,,,,,
248,保養,保養品,化妝水,雅詩蘭黛,Micro Essence 微分子肌底原生露,雅诗兰黛微精华露,原生露/微精华,https://www.esteelauder.com.tw/media/export/cms/products/558x768/el_sku_PGJJ01_558x768_0.jpg,https://www.esteelauder.com.tw/product/26389/101853/product-catalog/skin-care/toner-treatment-lotion/micro-essence,"乾肌, 混合肌, 水潤感, 秒吸收, 保濕貼妝, 溫和不刺激",2026-07-07,
249,保養,保養品,化妝水,蘭蔻,超極光活粹晶露,兰蔻净澈焕肤双重精华水,极光水,https://www.lancome.com.tw/dw/image/v2/AARM_PRD/on/demandware.static/-/Sites-lancome-master-catalog/zh_TW/dw5b399b8c/images/L3_Axe_Skincare_Clarifique/A03421-LAC/A03421-LAC-3614273991599-250ml-IMAGE1.jpg?sw=750&sh=750&sm=cut&sfrm=jpg&q=70,https://www.lancome.com.tw/%E4%BF%9D%E9%A4%8A/%E7%94%A2%E5%93%81%E7%B3%BB%E5%88%97/%E8%B6%85%E6%A5%B5%E5%85%89%E4%BF%9D%E9%A4%8A%E7%B3%BB%E5%88%97/A03421-LAC.html,"油肌, 混合肌, 秒吸收, 水潤感, 不致痘",2026-07-07,
250,保養,保養品,化妝水,Bobbi Brown,高保濕化妝水,芭比波朗保湿化妆水,高保湿水,https://www.bobbibrown.com.tw/media/export/cms/products/responsive/bb_sku_E65R01_1x1_0.png?width=440&height=440,https://www.bobbibrown.com.tw/product/14006/12768/skincare/hydrating-face-tonic,"乾肌, 中性肌, 水潤感, 保濕貼妝, 溫和不刺激",2026-07-07,
251,保養,保養品,乳液,植村秀,全能奇蹟金萃乳液,植村秀琥珀乳液,琥珀乳,https://shoplineimg.com/5a8293389f9a4f3b09000791/5b616d588d1db9566300c241/800x.webp?source_format=png,https://www.shuuemura.com.tw/products/ultime8-emulsion-75ml,"乾肌, 混合肌, 水潤感, 保濕貼妝",2026-07-07,
252,保養,保養品,乳液,資生堂,激抗痕亮采緊緻乳,资生堂悦薇智感紧塑焕白乳,悦薇乳,https://www.global-shiseido.com.tw/dw/image/v2/BCSK_PRD/on/demandware.static/-/Sites-master-catalog-shiseido-tw/zh_TW/dw60f80f1b/images/BOM/GLS0117.jpg?sw=1000&sh=1000&sm=fit,https://www.global-shiseido.com.tw/%E4%B9%B3%E6%B6%B2-%E6%BF%80%E6%8A%97%E7%97%95%E4%BA%AE%E9%87%87%E7%B7%8A%E7%B7%BB%E4%B9%B3%EF%BD%9C%E6%9C%80%E5%BC%B7%E6%B0%B4%E4%B9%B3-%E6%8A%97%E8%80%81%E4%B9%B3%E6%B6%B2-%2F-%E8%87%89%E9%83%A8%E4%B9%B3%E6%B6%B2%EF%BC%8F%E4%B9%B3%E6%B6%B2%E6%8E%A8%E8%96%A6-SB000001474.html?cgid=S2_Category_MoisturizersLotions,"乾肌, 混合肌, 水潤感, 保濕貼妝",2026-07-07,
253,保養,保養品,乳液,M.A.C,妝前乳液,魅可妆前隔离乳,妆前乳,https://sdcdn.io/mac/tw/mac_sku_M4X901_1x1_0.png?width=320&height=320,https://www.maccosmetics.com.tw/product/13825/967/prep-prime-skin#,"乾肌, 混合肌, 保濕貼妝, 水潤感, 秒吸收",2026-07-07,
254,保養,保養品,乳液,YSL,極效活萃水感穩膚乳,圣罗兰夜皇后稳肤乳,稳肤乳,https://www.yslbeauty.com.tw/dw/image/v2/AARM_PRD/on/demandware.static/-/Sites-ysl-master-catalog/zh_TW/dwb89e7248/images/skincare-pure-shots/WW-51437YSL/3614274347166/3614274347166_1.jpg?sw=930&sh=930&sm=cut&sfrm=jpg&q=855,https://www.yslbeauty.com.tw/product/%E6%A5%B5%E6%95%88%E6%B4%BB%E8%90%83%E7%B3%BB%E5%88%97/%E6%A5%B5%E6%95%88%E6%B4%BB%E8%90%83%E6%B0%B4%E6%84%9F%E7%A9%A9%E8%86%9A%E4%B9%B3/WW-51437YSL.html,"混合肌, 油肌, 水潤感, 秒吸收, 不致痘",2026-07-07,
255,保養,保養品,乳液,DIOR,迪奧精萃再生光燦淨白修護乳,迪奥花秘瑰萃光灿净白修护乳,花秘白乳,https://www.dior.com/dw/image/v2/BGXS_PRD/on/demandware.static/-/Sites-master_dior/default/dw6818b04f/Y0997175/Y0997175_C099700322_E01_RHC.jpg?sw=1280,https://www.dior.com/zh_tw/beauty/products/%E8%BF%AA%E5%A5%A7%E7%B2%BE%E8%90%83%E5%86%8D%E7%94%9F%E5%85%89%E7%87%A6%E6%B7%A8%E7%99%BD%E4%BF%AE%E8%AD%B7%E4%B9%B3-Y0997175.html,"乾肌, 敏感肌, 水潤感, 溫和不刺激, 敏感肌友善",2026-07-07,
256,保養,保養品,乳液,CHANEL,香奈兒山茶花保濕瞬透乳,香奈儿山茶花保湿乳液,山茶花乳液,"https://www.chanel.com/images/t_one/w_0.51,h_0.51,c_crop/q_auto:good,f_autoplus,fl_lossy,dpr_1.1/w_1240/hydra-beauty-camellia-water-cream-illuminating-hydrating-fluid-1fl-oz--packshot-default-141810-8845084655646.jpg",https://www.chanel.com/tw/skincare/p/141810/hydra-beauty-camellia-water-cream-illuminating-hydrating-fluid/,"乾肌, 混合肌, 水潤感, 秒吸收, 保濕貼妝",2026-07-07,
257,保養,保養品,乳液,MAKE UP FOREVER,,,,,,,,
258,保養,保養品,乳液,雅詩蘭黛,Revitalizing Supreme+ 年輕無敵膠原霜,雅诗兰黛多效智妍胶原霜,智妍面霜/胶原霜,https://www.esteelauder.com.tw/media/export/cms/products/558x768/el_sku_PMY001_558x768_0.jpg,https://www.esteelauder.com.tw/product/681/101138/product-catalog/skin-care/revitalizing-supreme,"混合肌, 乾肌, 水潤感, 保濕貼妝, 秒吸收",2026-07-07,
259,保養,保養品,乳液,蘭蔻,超極光亮白保濕精華乳,兰蔻极光亮白乳液,极光乳液,https://www.lancome.com.tw/dw/image/v2/AARM_PRD/on/demandware.static/-/Sites-lancome-master-catalog/zh_TW/dw4c36e3ea/images/L3_Axe_Skincare_Clarifique/A01466-LAC/A01466-LAC-3614274039634-75ml-IMAGE1.jpg?sw=750&sh=750&sm=cut&sfrm=jpg&q=70,https://www.lancome.com.tw/%E4%BF%9D%E9%A4%8A/%E7%94%A2%E5%93%81%E7%B3%BB%E5%88%97/%E8%B6%85%E6%A5%B5%E5%85%89%E4%BF%9D%E9%A4%8A%E7%B3%BB%E5%88%97/A01466-LAC.html,"混合肌, 油肌, 水潤感, 秒吸收, 不致痘",2026-07-07,
260,保養,保養品,乳液,Bobbi Brown,,,,,,,,
261,保養,保養品,面霜,植村秀,全能奇蹟金萃乳霜,植村秀琥珀面霜,琥珀面霜,https://shoplineimg.com/5a8293389f9a4f3b09000791/5b616d4372fdc02125019a6f/800x.webp?source_format=pngg,https://www.shuuemura.com.tw/products/ultime8-cream-j50ml,"乾肌, 中性肌, 水潤感, 保濕貼妝",2026-07-07,
262,保養,保養品,面霜,資生堂,資生堂百優精純乳霜,资生堂百优丰盈提拉紧致面霜,百优面霜,https://www.global-shiseido.com.tw/dw/image/v2/BCSK_PRD/on/demandware.static/-/Sites-itemmaster_shiseido/default/dw7045cb4b/images/products/10320/10320_S_01.jpg?sw=1000&sh=1000&sm=fit,https://www.global-shiseido.com.tw/%E6%97%A5%2F%E6%99%9A%E9%9C%9C%2F%E9%9D%A2%E9%9C%9C%2F%E4%BF%9D%E6%BF%95%E9%9C%9C-%E6%8A%97%E8%80%81%E4%BF%9D%E6%BF%95%E4%B9%B3%E9%9C%9C%E6%8E%A8%E8%96%A6%EF%BD%9C%E8%B3%87%E7%94%9F%E5%A0%82%E7%99%BE%E5%84%AA%E7%B2%BE%E7%B4%94%E4%B9%B3%E9%9C%9C---%E4%B9%B3%E9%9C%9C%E7%8E%8B-%2F-%E9%AB%98%E4%BF%9D%E6%BF%95%E7%B4%B0%E7%B4%8B%E6%94%B9%E5%96%84-1011032130.html?cgid=S2_Category_MoisturizersCreams,"乾肌, 敏感肌, 水潤感, 保濕貼妝, 溫和不刺激, 敏感肌友善",2026-07-07,
263,保養,保養品,面霜,M.A.C,超奇肌嫩顏花瓣霜,魅可花瓣面霜,花瓣霜,https://sdcdn.io/mac/tw/mac_sku_SRE601_1x1_0.png?width=1080&height=1080,https://www.maccosmetics.com.tw/product/13822/108908/hyper-real-skincanvas-balm,"混合肌, 乾肌, 保濕貼妝, 水潤感, 不卡紋",2026-07-07,
264,保養,保養品,面霜,YSL,金緻奢華賦活乳霜經典版,圣罗兰藏金奢妍面霜,藏金面霜/金致面霜,https://www.yslbeauty.com.tw/dw/image/v2/AARM_PRD/on/demandware.static/-/Sites-ysl-master-catalog/default/dwb360ed15/images/skincare-or-rouge/WW-510235YSL/WW-510235YSL-3614273786744-50ml-IMAGE1.jpg?sw=930&sh=930&sm=cut&sfrm=jpeg&q=85,https://www.yslbeauty.com.tw/product/%E9%87%91%E7%B7%BB%E5%A5%A2%E8%8F%AF%E8%B3%A6%E6%B4%BB%E7%B3%BB%E5%88%97/%E9%87%91%E7%B7%BB%E5%A5%A2%E8%8F%AF%E8%B3%A6%E6%B4%BB%E4%B9%B3%E9%9C%9C%E7%B6%93%E5%85%B8%E7%89%88/WW-510235YSL.htmll,"乾肌, 敏感肌, 水潤感, 保濕貼妝, 溫和不刺激",2026-07-07,
265,保養,保養品,面霜,DIOR,迪奧精萃再生玫瑰賦活乳霜,迪奥花秘瑰萃玫瑰面霜,花秘面霜/玫瑰面霜,https://www.dior.com/dw/image/v2/BGXS_PRD/on/demandware.static/-/Sites-master_dior/default/dw6d3a8449/Y0996510/Y0996510_C099600519_E01_RHC.jpg?sw=1280,https://www.dior.com/zh_tw/beauty/products/%E8%BF%AA%E5%A5%A7%E7%B2%BE%E8%90%83%E5%86%8D%E7%94%9F%E7%8E%AB%E7%91%B0%E8%B3%A6%E6%B4%BB%E4%B9%B3%E9%9C%9C-Y0996510.html,"乾肌, 敏感肌, 水潤感, 溫和不刺激, 保濕貼妝, 敏感肌友善",2026-07-07,
266,保養,保養品,面霜,CHANEL,香奈兒山茶花保濕微滴水凝霜,香奈儿山茶花保湿微滴面霜,气泡面霜/山茶花面霜,"https://www.chanel.com/images/t_one/w_0.43,h_0.43,c_crop/q_auto:good,f_autoplus,fl_lossy,dpr_1.1/w_1240/hydra-beauty-micro-gel-creme-fortifying-replenishing-hydration-1-7oz--packshot-default-133360-9580728221726.jpg",https://www.chanel.com/tw/skincare/p/133360/hydra-beauty-micro-gel-creme-fortifying-replenishing-hydration/,"混合肌, 油肌, 水潤感, 秒吸收, 保濕貼妝, 溫和不刺激",2026-07-07,
267,保養,保養品,面霜,MAKE UP FOREVER,,,,,,,,
268,保養,保養品,面霜,雅詩蘭黛,Revitalizing Supreme+ 年輕無敵一夜修護膠原霜,雅诗兰黛多效智妍晚霜,智妍晚霜,https://www.esteelauder.com.tw/media/export/cms/products/558x768/el_sku_GBWB01_558x768_0.jpg,https://www.esteelauder.com.tw/product/681/127822/product-catalog/skin-care/revitalizing-supreme?size=30ml,"乾肌, 混合肌, 水潤感, 秒吸收, 溫和不刺激",2026-07-07,
269,保養,保養品,面霜,蘭蔻,絕對完美永生玫瑰逆齡乳霜,兰蔻菁纯臻颜精萃面霜,菁纯面霜,https://www.lancome.com.tw/dw/image/v2/AARM_PRD/on/demandware.static/-/Sites-lancome-master-catalog/zh_TW/dw8239e171/images/L3_Axe_Skincare_Absolu_BetaX_/A03792-LAC/3614274282238_IMAGE1.jpg?sw=750&sh=750&sm=cut&sfrm=jpg&q=70,https://www.lancome.com.tw/%E9%A0%82%E7%B4%9A%E4%BF%9D%E9%A4%8A/%E7%B5%95%E5%B0%8D%E5%AE%8C%E7%BE%8E%E4%BF%9D%E9%A4%8A%E7%B3%BB%E5%88%97/A03792-LAC.html,"乾肌, 敏感肌, 水潤感, 保濕貼妝, 溫和不刺激, 敏感肌友善",2026-07-07,
270,保養,保養品,面霜,Bobbi Brown,維他命完美乳霜,芭比波朗橘子面霜,橘子面霜,https://www.bobbibrown.com.tw/media/export/cms/products/responsive/bb_sku_E1LM01_1x1_0.png?width=440&height=440,https://www.bobbibrown.com.tw/product/14006/7485/skincare/vitamin-enriched-face-base,"乾肌, 混合肌, 保濕貼妝, 水潤感, 不卡紋, 秒吸收",2026-07-07,
271,保養,保養品,精華液,植村秀,全能奇蹟精華 ,植村秀精华液,植村秀精华液,https://shoplineimg.com/5a8293389f9a4f3b09000791/5d37cc081aa01e0039720120/800x.webp?source_format=jpg,https://www.shuuemura.com.tw/products/ultime8-oil-in-essence-30ml,"乾肌, 中性肌, 水潤感, 保濕貼妝, 溫和不刺激",2026-07-07,
272,保養,保養品,精華液,資生堂,紅妍山茶花修護精華（小紅瓶）,资生堂红妍肌透精华露,红腰子精华/小红瓶,https://www.global-shiseido.com.tw/dw/image/v2/BCSK_PRD/on/demandware.static/-/Sites-itemmaster_shiseido/default/dwf505b4bc/images/shiseido_ECTW/1012239020TW/22390-UTM-S-Power_Infusing_Serum_4.0_50mL-2408-Product-4000-r.jpg?sw=1000&sh=1000&sm=fit,https://www.global-shiseido.com.tw/%E7%B2%BE%E8%8F%AF%E6%B6%B2-%E3%80%90lisa%E6%84%9B%E7%94%A8%E3%80%91%E7%B4%85%E5%A6%8D%E5%B1%B1%E8%8C%B6%E8%8A%B1%E4%BF%AE%E8%AD%B7%E7%B2%BE%E8%8F%AF%EF%BD%9C%E5%B0%8F%E7%B4%85%E7%93%B6-%E4%BF%9D%E6%BF%95%E6%8A%97%E8%80%81%E7%B2%BE%E8%8F%AF%E6%B6%B2-%2F-%E7%B2%BE%E8%8F%AF%E6%B6%B2%E6%8E%A8%E8%96%A6-10122390201TW.html?cgid=S2_Category_Serums,"混合肌, 敏感肌, 水潤感, 秒吸收, 溫和不刺激, 敏感肌友善",2026-07-07,
273,保養,保養品,精華液,M.A.C,超奇肌修護花瓣精萃,魅可花瓣精华,花瓣精华,https://sdcdn.io/mac/tw/mac_sku_SYM601_1x1_0.png?width=1080&height=1080,https://www.maccosmetics.com.tw/product/13822/105333/mac-hyper-real-serumizer,"混合肌, 乾肌, 保濕貼妝, 水潤感, 秒吸收, 不卡紋",2026-07-07,
274,保養,保養品,精華液,YSL,極效活萃夜光仙人掌超級精華,圣罗兰夜皇后精华,夜皇后精华,https://www.yslbeauty.com.tw/dw/image/v2/AARM_PRD/on/demandware.static/-/Sites-ysl-master-catalog/zh_TW/dw527db2b0/images/skincare-pure-shots/APAC-1004542-YSL/APAC-1004542-YSL-3614273983860-30ml-IMAGE2.jpg?sw=930&sh=930&sm=cut&sfrm=jpg&q=85,https://www.yslbeauty.com.tw/product/%E6%A5%B5%E6%95%88%E6%B4%BB%E8%90%83%E7%B3%BB%E5%88%97/%E5%85%A8%E6%96%B0%E5%8D%87%E7%B4%9A-%E6%A5%B5%E6%95%88%E6%B4%BB%E8%90%83%E5%A4%9C%E5%85%89%E4%BB%99%E4%BA%BA%E6%8E%8C%E8%B6%85%E7%B4%9A%E7%B2%BE%E8%8F%AF/APAC-1004541-YSL.html,"油肌, 混合肌, 秒吸收, 水潤感, 不致痘",2026-07-07,
275,保養,保養品,精華液,DIOR,迪奧精萃再生玫瑰微導精露,迪奥花秘瑰萃玫瑰微凝珠精华,玫瑰微导精露,https://www.dior.com/dw/image/v2/BGXS_PRD/on/demandware.static/-/Sites-master_dior/zh_TW/dw3738d4e8/Y0997186/Y0997186_C099700024_E01_RHC.jpg?sw=1280,https://www.dior.com/zh_tw/beauty/products/%E8%BF%AA%E5%A5%A7%E7%B2%BE%E8%90%83%E5%86%8D%E7%94%9F%E7%8E%AB%E7%91%B0%E5%BE%AE%E5%B0%8E%E7%B2%BE%E9%9C%B2-Y0997186.html,"乾肌, 敏感肌, 水潤感, 秒吸收, 溫和不刺激, 保濕貼妝",2026-07-07,
276,保養,保養品,精華液,CHANEL,香奈兒山茶花保濕微滴精萃,香奈儿山茶花保湿微滴精华,山茶花微精华,"https://www.chanel.com/images/t_one/w_0.51,h_0.51,c_crop/q_auto:good,f_autoplus,fl_lossy,dpr_1.1/w_1240/hydra-beauty-micro-serum-rebalancing-replenishing-hydration-1-7fl-oz--packshot-default-133325-9567602311198.jpg",https://www.chanel.com/tw/skincare/p/133325/hydra-beauty-micro-serum-rebalancing-replenishing-hydration/,"乾肌, 混合肌, 水潤感, 秒吸收, 保濕貼妝",2026-07-07,
277,保養,保養品,精華液,MAKE UP FOREVER,ULTRA HD 超進化無瑕瞬效保濕精華,玫珂菲清晰无痕保湿精华,HD保湿精华,https://img.91app.com/webapi/imagesV3/Original/SalePage/4442428/1/639148929069630000?v=1,https://www.makeupforever.com.tw/SalePage/Index/4442428,"混合肌, 乾肌, 保濕貼妝, 水潤感, 秒吸收, 不卡紋",2026-07-07,
278,保養,保養品,精華液,雅詩蘭黛,Advanced Night Repair 特潤超導全方位修護露（小棕瓶）,雅诗兰黛特润修护肌透精华露,小棕瓶精华,https://www.esteelauder.com.tw/media/export/cms/products/558x768/el_sku_PG4Y01_558x768_0.jpg,https://www.esteelauder.com.tw/product/681/77491/product-catalog/skin-care/advanced-night-repair,"乾肌, 混合肌, 敏感肌, 水潤感, 溫和不刺激, 敏感肌友善, 保濕貼妝",2026-07-07,
279,保養,保養品,精華液,蘭蔻,超極限肌因賦活露（小黑瓶）,兰蔻全新精华肌底液,小黑瓶,https://www.lancome.com.tw/dw/image/v2/AARM_PRD/on/demandware.static/-/Sites-lancome-master-catalog/zh_TW/dw2f63ffae/images/L3_Axe_Skincare_Genifique/A03611-LAC/A03611-LAC-3614274142327-115ML-IMAGE1.jpg?sw=750&sh=750&sm=cut&sfrm=jpg&q=700,https://www.lancome.com.tw/%E4%BF%9D%E9%A4%8A/%E7%94%A2%E5%93%81%E7%B3%BB%E5%88%97/new%21%E8%B6%85%E6%A5%B5%E9%99%90%E8%82%8C%E5%9B%A0%E8%B3%A6%E6%B4%BB%E7%B3%BB%E5%88%97/A03611-LAC.html,"油肌, 混合肌, 秒吸收, 水潤感, 不致痘, 溫和不刺激",2026-07-07,
280,保養,保養品,精華液,Bobbi Brown,維他命完美精華,芭比波朗橘子精华,橘子精华,https://www.bobbibrown.com.tw/media/export/cms/products/responsive/bb_sku_ETY101_1x1_0.png?width=440&height=440,https://www.bobbibrown.com.tw/product/14006/124182/skincare/vitamin-enriched-smoothing-serum,"混合肌, 乾肌, 保濕貼妝, 水潤感, 秒吸收, 不卡紋",2026-07-07,
281,保養,保養品,眼霜,植村秀,,,,,,,,
282,保養,保養品,眼霜,資生堂,激抗痕亮采緊緻ACE眼霜,资生堂悦薇智感紧塑焕白眼霜,悦薇眼霜/小针管,https://www.global-shiseido.com.tw/dw/image/v2/BCSK_PRD/on/demandware.static/-/Sites-itemmaster_shiseido/default/dw64a88e51/images/products/10122282201/1_22282_S_01.jpg?sw=1000&sh=1000&sm=fit,https://www.global-shiseido.com.tw/%E7%9C%BC%E9%9C%9C%2F%E7%9C%BC%E5%94%87%E4%BF%9D%E9%A4%8A-%E6%BF%80%E6%8A%97%E7%97%95%E4%BA%AE%E9%87%87%E7%B7%8A%E7%B7%BBace%E7%9C%BC%E9%9C%9C-10122282201.html?cgid=S2_Category_EyeLipCaree,"乾肌, 混合肌, 水潤感, 溫和不刺激, 不卡紋",2026-07-07,
283,保養,保養品,眼霜,M.A.C,超奇肌修護花瓣亮眼精萃,魅可花瓣眼霜,花瓣眼霜,https://sdcdn.io/mac/tw/mac_sku_SWW201_1x1_0.png?width=1080&height=1080,https://www.maccosmetics.com.tw/product/13822/130276/hyper-real-serumizertm-eye?shade=%E7%9F%AD%E6%95%88%E5%93%81_%E6%95%88%E6%9C%9F%3A_2027%2F04%2F11,"乾肌, 混合肌, 保濕貼妝, 水潤感, 不卡紋, 秒吸收",2026-07-07,
284,保養,保養品,眼霜,YSL,極效活萃撫紋發光眼霜,圣罗兰夜皇后眼霜,夜皇后眼霜,https://www.yslbeauty.com.tw/dw/image/v2/AARM_PRD/on/demandware.static/-/Sites-ysl-master-catalog/default/dw9ffb2412/images/skincare-pure-shots/WW-51527YSL/3614274347098/3614274347098_1.jpg?sw=930&sh=930&sm=cut&sfrm=jpg&q=85,https://www.yslbeauty.com.tw/product/%E6%A5%B5%E6%95%88%E6%B4%BB%E8%90%83%E7%B3%BB%E5%88%97/%E6%A5%B5%E6%95%88%E6%B4%BB%E8%90%83%E6%92%AB%E7%B4%8B%E7%99%BC%E5%85%89%E7%9C%BC%E9%9C%9C/WW-51527YSL.html,"混合肌, 乾肌, 水潤感, 秒吸收, 不卡紋",2026-07-07,
285,保養,保養品,眼霜,DIOR,迪奧精萃再生玫瑰賦活眼霜,迪奥花秘瑰萃玫瑰眼霜,花秘眼霜,https://www.dior.com/dw/image/v2/BGXS_PRD/on/demandware.static/-/Sites-master_dior/default/dw8c53478e/Y0997187/Y0997187_C099700707_E01_RHC.jpg?sw=1280,https://www.dior.com/zh_tw/beauty/products/%E8%BF%AA%E5%A5%A7%E7%B2%BE%E8%90%83%E5%86%8D%E7%94%9F%E7%8E%AB%E7%91%B0%E8%B3%A6%E6%B4%BB%E7%9C%BC%E9%9C%9C-Y0997187.html,"乾肌, 敏感肌, 水潤感, 溫和不刺激, 敏感肌友善, 不卡紋",2026-07-07,
286,保養,保養品,眼霜,CHANEL,香奈兒山茶花保濕微滴眼凝霜,香奈儿山茶花微滴眼霜,气泡眼霜,"https://www.chanel.com/images/t_one/w_0.43,h_0.43,c_crop/q_auto:good,f_autoplus,fl_lossy,dpr_1.1/w_1240/0-5oz--packshot-default-133120-9563652096030.jpg",https://www.chanel.com/tw/skincare/p/133120/hydra-beauty-micro-creme-yeux-illuminating-hydrating-eye-cream/,"混合肌, 乾肌, 水潤感, 秒吸收, 不卡紋, 溫和不刺激",2026-07-07,
287,保養,保養品,眼霜,MAKE UP FOREVER,,,,,,,,
288,保養,保養品,眼霜,雅詩蘭黛,Advanced Night Repair 特潤全能修護亮眼霜,雅诗兰黛特润修护精华眼霜,小棕瓶眼霜,https://www.esteelauder.com.tw/media/export/cms/products/558x768/el_sku_PYL501_558x768_0.jpg,https://www.esteelauder.com.tw/product/685/104163/product-catalog/skin-care/eye-cream-treatment/advanced-night-repair?size=15ml,"乾肌, 敏感肌, 水潤感, 溫和不刺激, 敏感肌友善, 不卡紋",2026-07-07,
289,保養,保養品,眼霜,蘭蔻,超未來肌因冰珠亮眼粹,兰蔻大眼精华,大眼精华/冰珠,https://www.lancome.com.tw/dw/image/v2/AARM_PRD/on/demandware.static/-/Sites-lancome-master-catalog/zh_TW/dw160cf017/images/L3_Axe_Skincare_Genifique/A02649-LAC/A02649-LAC-3614273660440-20ml-IMAGE1.jpg?sw=750&sh=750&sm=cut&sfrm=jpg&q=70,https://www.lancome.com.tw/%E4%BF%9D%E9%A4%8A/%E7%94%A2%E5%93%81%E7%B3%BB%E5%88%97/%E8%B6%85%E6%9C%AA%E4%BE%86%E8%82%8C%E5%9B%A0%E8%B3%A6%E6%B4%BB%E7%B3%BB%E5%88%97/A02649-LAC.html,"混合肌, 油肌, 水潤感, 秒吸收, 溫和不刺激, 不致痘",2026-07-07,
290,保養,保養品,眼霜,Bobbi Brown,維他命完美眼霜,芭比波朗橘子眼霜,橘子眼霜,https://www.bobbibrown.com.tw/media/export/cms/products/responsive/bb_sku_EL1901_1x1_0.png?width=440&height=440,https://www.bobbibrown.com.tw/product/14006/77812/skincare/vitamin-enriched-eye-base,"乾肌, 混合肌, 保濕貼妝, 水潤感, 不卡紋",2026-07-07,
291,保養,保養品,面膜,植村秀,60秒速效精華水面膜,植村秀60秒面膜,60秒面膜,https://shoplineimg.com/5a8293389f9a4f3b09000791/5b63c4c600fdde8484021d9f/800x.webp?source_format=png,https://www.shuuemura.com.tw/products/all-in-1-minute-mask,"混合肌, 乾肌, 水潤感, 保濕貼妝, 秒吸收",2026-07-07,
292,保養,保養品,面膜,資生堂,美透白淨電力面膜,资生堂光透耀白面膜,樱花面膜,https://www.global-shiseido.com.tw/dw/image/v2/BCSK_PRD/on/demandware.static/-/Sites-itemmaster_shiseido/default/dw4cc0390e/images/products/16957/16957_S_01.jpg?sw=1000&sh=1000&sm=fit,https://www.global-shiseido.com.tw/%E9%9D%A2%E8%86%9C-%E6%BF%80%E6%8A%97%E7%97%95%E4%BA%AE%E9%87%87%E7%B7%8A%E7%B7%BB%E9%9D%A2%E8%86%9C-%E7%B7%8A%E7%B7%BB%E6%8B%89%E6%8F%90%E9%9D%A2%E8%86%9C-%2F-%E9%9D%A2%E8%86%9C%E6%8E%A8%E8%96%A6-1011695710.html?cgid=S2_Category_Masks,"乾肌, 混合肌, 水潤感, 保濕貼妝, 溫和不刺激",2026-07-07,
293,保養,保養品,面膜,M.A.C,柔礦活性碳淨化面膜,魅可活性炭面膜,清洁面膜,https://sdcdn.io/mac/tw/mac_sku_S7P501_1x1_0.png?width=320&height=320,https://www.maccosmetics.com.tw/product/13824/55229/mineralize-reset-revive-charcoal-mask?size=100_ML_%2F_3.4_US_fl_oz,"油肌, 混合肌, 零殘留, 不致痘",2026-07-07,
294,保養,保養品,面膜,YSL,,,,,,,,
295,保養,保養品,面膜,DIOR,,,,,,,,
296,保養,保養品,面膜,CHANEL,香奈兒逆齡高效煥膚面膜,香奈儿奢华精萃面膜,砖石面膜,"https://www.chanel.com/images/t_one/w_0.65,h_0.65,c_crop/q_auto:good,f_autoplus,fl_lossy,dpr_1.1/w_1240/le-lift-pro-retexturizing-aha-peel-corrects-exfoliates-resurfaces-3-4fl-oz--packshot-default-133130-9536295305246.jpg",https://www.chanel.com/tw/skincare/p/133130/le-lift-pro-retexturizing-aha-peel-corrects-exfoliates-resurfaces/,"乾肌, 中性肌, 水潤感, 溫和不刺激",2026-07-07,
297,保養,保養品,面膜,MAKE UP FOREVER,,,,,,,,
298,保養,保養品,面膜,雅詩蘭黛,Advanced Night Repair 特潤雙層超導修護面膜,雅诗兰黛钢铁侠面膜,钢铁侠面膜,https://www.esteelauder.com.tw/media/export/cms/products/558x768/el_sku_R6C801_558x768_0.jpg,https://www.esteelauder.com.tw/product/689/35783/product-catalog/skin-care/repair-serum/advanced-night-repair,"乾肌, 敏感肌, 水潤感, 秒吸收, 溫和不刺激, 敏感肌友善",2026-07-07,
299,保養,保養品,面膜,蘭蔻,超未來肌因活性面膜 7片,兰蔻小黑瓶面膜,小黑瓶面膜,https://www.lancome.com.tw/dw/image/v2/AARM_PRD/on/demandware.static/-/Sites-lancome-master-catalog/default/dw92123780/images/L3_Axe_Skincare_The_Masks_And_Exfoliators/A02336-LAC/A02336-LAC-T01297-7PCS-IMAGE1.jpg?sw=1140&sh=1140&sm=cut&sfrm=jpg&q=70,https://www.lancome.com.tw/%E4%BF%9D%E9%A4%8A/%E8%87%89%E9%83%A8%E4%BF%9D%E9%A4%8A/%E9%9D%A2%E8%86%9C2f%E5%8E%BB%E8%A7%92%E8%B3%AA/A02336-LAC.html,"混合肌, 乾肌, 水潤感, 保濕貼妝, 秒吸收, 溫和不刺激",2026-07-07,
300,保養,保養品,面膜,Bobbi Brown,,,,,,,,
301,工具,臉部工具,粉底刷,植村秀,#55零刷痕粉底刷,植村秀粉底刷,植村秀粉底刷,https://shoplineimg.com/5a8293389f9a4f3b09000791/5b6126e38d1db917a2004693/800x.webp?source_format=png,https://www.shuuemura.com.tw/products/petal-55-brush,"無刷痕, 不掉毛, 釋粉力均勻",2026-07-07,
302,工具,臉部工具,粉底刷,資生堂,立體斜角粉底刷,资生堂粉底刷,资生堂粉底刷,https://www.global-shiseido.com.tw/dw/image/v2/BCSK_PRD/on/demandware.static/-/Sites-itemmaster_shiseido/default/dwafd9b5d1/images/products/14702/14702_S_01.jpg?sw=1000&sh=1000&sm=fit,https://www.global-shiseido.com.tw/%E5%88%B7%E5%85%B7-%E7%AB%8B%E9%AB%94%E6%96%9C%E8%A7%92%E7%B2%89%E5%BA%95%E5%88%B7-1011470210.html?cgid=M2_Face_BrushesCasesRefills,"無刷痕, 不掉毛, 釋粉力均勻",2026-07-07,
303,工具,臉部工具,粉底刷,M.A.C,#170專業時尚彩妝刷,魅可粉底刷,魅可粉底刷,https://sdcdn.io/mac/tw/mac_sku_S2TL01_1x1_0.png?width=1080&height=1080,https://www.maccosmetics.com.tw/product/13802/39626/170-synthetic-rounded-slant-brush/170,"無刷痕, 不掉毛, 釋粉力均勻",2026-07-07,
304,工具,臉部工具,粉底刷,YSL,,,,,,,,
305,工具,臉部工具,粉底刷,DIOR,迪奧專業後台無瑕粉底刷,迪奥粉底刷,迪奥粉底刷,https://www.dior.com/dw/image/v2/BGXS_PRD/on/demandware.static/-/Sites-master_dior/default/dwd69e1ada/Y0996014/Y0996014_C099600014_E01_ZHC.jpg?sw=2560,https://www.dior.com/zh_tw/beauty/products/%E8%BF%AA%E5%A5%A7%E5%B0%88%E6%A5%AD%E5%BE%8C%E5%8F%B0%E7%84%A1%E7%91%95%E7%B2%89%E5%BA%95%E5%88%B7%E2%80%93%E8%BC%95%E5%BA%A6%E9%81%AE%E7%91%95-Y0996014.html,"無刷痕, 不掉毛, 釋粉力均勻",2026-07-07,
306,工具,臉部工具,粉底刷,CHANEL,Nº100香奈兒粉底刷,香奈儿粉底刷,香奈儿粉底刷,"https://www.chanel.com/images/t_one/w_0.55,h_0.55,c_crop/q_auto:good,f_autoplus,fl_lossy,dpr_1.1/w_1240/les-pinceaux-de-chanel-foundation-brush-n-100-1pce-packshot-default-138840-8825970294814.jpg",https://www.chanel.com/tw/makeup/p/138840/les-pinceaux-de-chanel-foundation-brush-n100/,"無刷痕, 不掉毛, 釋粉力均勻",2026-07-07,
307,工具,臉部工具,粉底刷,MAKE UP FOREVER,中型無痕粉底刷 #109,玫珂菲粉底刷,玫珂菲粉底刷,https://img.91app.com/webapi/imagesV3/Original/SalePage/7575686/0/639148929069630000?v=1,https://www.makeupforever.com.tw/SalePage/Index/7575686,"無刷痕, 不掉毛, 釋粉力均勻",2026-07-07,
308,工具,臉部工具,粉底刷,雅詩蘭黛,,,,,,,,
309,工具,臉部工具,粉底刷,蘭蔻,,,,,,,,
310,工具,臉部工具,粉底刷,Bobbi Brown,粉底刷,芭比波朗粉底刷,芭比波朗粉底刷,https://www.bobbibrown.com.tw/media/export/cms/products/responsive/bb_sku_E3CA01_1x1_0.png?width=440&height=440,https://www.bobbibrown.com.tw/product/13995/8252/brushes-tools,"無刷痕, 不掉毛, 釋粉力均勻",2026-07-07,
311,工具,臉部工具,腮紅刷,植村秀,專業腮紅刷 20H,植村秀腮红刷,植村秀腮红刷,https://shoplineimg.com/5a8293389f9a4f3b09000791/5b85026931641b000e8ad873/800x.webp?source_format=jpg,https://www.shuuemura.com.tw/products/brush-20h,"抓粉力強, 釋粉力均勻, 不掉毛",2026-07-07,
312,工具,臉部工具,腮紅刷,資生堂,,,,,,,,
313,工具,臉部工具,腮紅刷,M.A.C,#159專業彩妝刷,魅可腮红刷,魅可腮红刷,https://sdcdn.io/mac/tw/mac_sku_S7H201_1x1_0.png?width=320&height=320,https://www.maccosmetics.com.tw/product/13805/53991/159-synthetic-duo-fibre-blush-brush/159,"抓粉力強, 釋粉力均勻, 不掉毛",2026-07-07,
314,工具,臉部工具,腮紅刷,YSL,,,,,,,,
315,工具,臉部工具,腮紅刷,DIOR,迪奧專業後台腮紅刷,迪奥腮红刷,迪奥腮红刷,https://www.dior.com/dw/image/v2/BGXS_PRD/on/demandware.static/-/Sites-master_dior/default/dwebb42b67/Y0996018/Y0996018_C099600018_E01_ZHC.jpg?sw=2560,https://www.dior.com/zh_tw/beauty/products/%E8%BF%AA%E5%A5%A7%E5%B0%88%E6%A5%AD%E5%BE%8C%E5%8F%B0%E8%85%AE%E7%B4%85%E5%88%B7-Y0996018.html,"抓粉力強, 釋粉力均勻, 不掉毛",2026-07-07,
316,工具,臉部工具,腮紅刷,CHANEL,Nº110香奈兒腮紅刷,香奈儿腮红刷,香奈儿腮红刷,"https://www.chanel.com/images/t_one/w_0.55,h_0.55,c_crop/q_auto:good,f_autoplus,fl_lossy,dpr_1.1/w_1240/les-pinceaux-de-chanel-blush-brush-n-110-1pce-packshot-default-138850-8825970032670.jpg",https://www.chanel.com/tw/makeup/p/138850/les-pinceaux-de-chanel-blush-brush-n110/,"抓粉力強, 釋粉力均勻, 不掉毛",2026-07-07,
317,工具,臉部工具,腮紅刷,MAKE UP FOREVER,腮紅刷 #160,玫珂菲腮红刷,玫珂菲腮红刷,https://img.91app.com/webapi/imagesV3/Original/SalePage/6297121/0/639148929069630000?v=1,https://www.makeupforever.com.tw/SalePage/Index/6297121,"抓粉力強, 釋粉力均勻, 不掉毛",2026-07-07,
318,工具,臉部工具,腮紅刷,雅詩蘭黛,,,,,,,,
319,工具,臉部工具,腮紅刷,蘭蔻,,,,,,,,
320,工具,臉部工具,腮紅刷,Bobbi Brown,腮紅刷,芭比波朗腮红刷,芭比波朗腮红刷,https://www.bobbibrown.com.tw/media/export/cms/products/responsive/bb_sku_E55601_1x1_0.png?width=440&height=440,https://www.bobbibrown.com.tw/product/13995/7292/brushes-tools,"抓粉力強, 釋粉力均勻, 不掉毛",2026-07-07,
321,工具,臉部工具,打亮修容刷,植村秀,,,,,,,,
322,工具,臉部工具,打亮修容刷,資生堂,水滴型多效修容刷,资生堂高光修容刷,资生堂高光修容刷,https://www.global-shiseido.com.tw/dw/image/v2/BCSK_PRD/on/demandware.static/-/Sites-itemmaster_shiseido/default/dw4e5bb89e/images/products/14698/14698_S_01.jpg?sw=1000&sh=1000&sm=fit,https://www.global-shiseido.com.tw/%E5%88%B7%E5%85%B7-%E6%B0%B4%E6%BB%B4%E5%9E%8B%E5%A4%9A%E6%95%88%E4%BF%AE%E5%AE%B9%E5%88%B7-1011469810.html?cgid=M2_Face_BrushesCasesRefills,"抓粉力強, 釋粉力均勻, 不掉毛",2026-07-07,
323,工具,臉部工具,打亮修容刷,M.A.C,#187專業彩妝刷,魅可高光修容刷,魅可高光修容刷,https://sdcdn.io/mac/tw/mac_sku_S7H101_1x1_0.png?width=320&height=320,https://www.maccosmetics.com.tw/product/13805/53990/187-synthetic-duo-fibre-face-brush/187?size=18_cm,"無刷痕, 抓粉力強, 釋粉力均勻, 不掉毛",2026-07-07,
324,工具,臉部工具,打亮修容刷,YSL,,,,,,,,
325,工具,臉部工具,打亮修容刷,DIOR,,,,,,,,
326,工具,臉部工具,打亮修容刷,CHANEL,Nº109香奈兒修容蜜粉刷,香奈儿高光修容刷,香奈儿高光修容刷,"https://www.chanel.com/images/t_one/w_0.55,h_0.55,c_crop/q_auto:good,f_autoplus,fl_lossy,dpr_1.1/w_1240/les-pinceaux-de-chanel-contouring-brush-n-109-1pce-packshot-default-138849-8825970425886.jpg",https://www.chanel.com/tw/makeup/p/138849/les-pinceaux-de-chanel-contouring-brush-n109/,"抓粉力強, 釋粉力均勻, 不掉毛",2026-07-07,
327,工具,臉部工具,打亮修容刷,MAKE UP FOREVER,精準打亮刷 #144,玫珂菲高光修容刷,玫珂菲高光修容刷,https://img.91app.com/webapi/imagesV3/Original/SalePage/4442457/0/639148929069630000?v=1,https://www.makeupforever.com.tw/SalePage/Index/4442457,"抓粉力強, 釋粉力均勻, 不掉毛",2026-07-07,
328,工具,臉部工具,打亮修容刷,雅詩蘭黛,,,,,,,,
329,工具,臉部工具,打亮修容刷,蘭蔻,,,,,,,,
330,工具,臉部工具,打亮修容刷,Bobbi Brown,勻臉刷,芭比波朗高光修容刷,芭比波朗高光修容刷,https://www.bobbibrown.com.tw/media/export/cms/products/responsive/bb_sku_E55701_1x1_0.png?width=440&height=440,https://www.bobbibrown.com.tw/product/13995/7969/brushes-tools,"抓粉力強, 釋粉力均勻, 不掉毛",2026-07-07,
331,工具,臉部工具,海綿粉撲,植村秀,無極限輕柔無痕粉撲,植村秀海绵粉扑,植村秀海绵粉扑,https://shoplineimg.com/5a8293389f9a4f3b09000791/63d746fbf722c100112f4a84/800x.webp?source_format=jpg,https://www.shuuemura.com.tw/products/invisible-powder-puff,保濕貼妝,2026-07-07,
332,工具,臉部工具,海綿粉撲,資生堂,,,,,,,,
333,工具,臉部工具,海綿粉撲,M.A.C,,,,,,,,
334,工具,臉部工具,海綿粉撲,YSL,極服貼彈力粉撲,圣罗兰海绵粉扑,圣罗兰海绵粉扑,https://www.yslbeauty.com.tw/dw/image/v2/AARM_PRD/on/demandware.static/-/Sites-ysl-master-catalog/default/dw68398a74/images/makeup-accessories/APAC-100431-YSL/APAC-100431-YSL-4936968808555-IMAGE1.jpg?sw=930&sh=930&sm=cut&sfrm=jpg&q=85,https://www.yslbeauty.com.tw/product/%E5%BD%A9%E5%A6%9D%E5%B7%A5%E5%85%B7/%E6%A5%B5%E6%9C%8D%E8%B2%BC%E5%BD%88%E5%8A%9B%E7%B2%89%E6%92%B2/APAC-100431-YSL.html,保濕貼妝,2026-07-07,
335,工具,臉部工具,海綿粉撲,DIOR,,,,,,,,
336,工具,臉部工具,海綿粉撲,CHANEL,,,,,,,,
337,工具,臉部工具,海綿粉撲,MAKE UP FOREVER,彈力美妝蛋,玫珂菲海绵粉扑,玫珂菲海绵粉扑,https://img.91app.com/webapi/imagesV3/Original/SalePage/5860025/0/639148929069630000?v=1,https://www.makeupforever.com.tw/SalePage/Index/5860025,保濕貼妝,2026-07-07,
338,工具,臉部工具,海綿粉撲,雅詩蘭黛,,,,,,,,
339,工具,臉部工具,海綿粉撲,蘭蔻,,,,,,,,
340,工具,臉部工具,海綿粉撲,Bobbi Brown,,,,,,,,
341,工具,眼部工具,眼影刷,植村秀,專業眼影刷10N,植村秀眼影刷,植村秀眼影刷,https://shoplineimg.com/5a8293389f9a4f3b09000791/5b8507eb86b1ee000ec1f1c4/800x.webp?source_format=jpg,https://www.shuuemura.com.tw/products/natural-20,"抓粉力強, 釋粉力均勻, 不掉毛",2026-07-07,
342,工具,眼部工具,眼影刷,資生堂,小斜角多效眼彩刷,资生堂眼影刷,资生堂眼影刷,https://www.global-shiseido.com.tw/dw/image/v2/BCSK_PRD/on/demandware.static/-/Sites-itemmaster_shiseido/default/dw97324ad8/images/products/14697/14697_S_01.jpg?sw=1000&sh=1000&sm=fit,https://www.global-shiseido.com.tw/%E5%88%B7%E5%85%B7%E5%8F%8A%E5%B7%A5%E5%85%B7-%E5%B0%8F%E6%96%9C%E8%A7%92%E5%A4%9A%E6%95%88%E7%9C%BC%E5%BD%A9%E5%88%B7-1011469710.html?cgid=M2_Eyes_BrushesTools,"抓粉力強, 釋粉力均勻, 不掉毛",2026-07-07,
343,工具,眼部工具,眼影刷,M.A.C,#217專業彩妝刷,魅可眼影刷,魅可眼影刷,https://sdcdn.io/mac/tw/mac_sku_S6H401_1x1_0.png?width=1080&height=1080,https://www.maccosmetics.com.tw/product/13804/53988/217-synthetic-blending-brush/217?size=17_cm,"抓粉力強, 釋粉力均勻, 不掉毛",2026-07-07,
344,工具,眼部工具,眼影刷,YSL,,,,,,,,
345,工具,眼部工具,眼影刷,DIOR,迪奧專業後台眼影刷,迪奥眼影刷,迪奥眼影刷,https://www.dior.com/dw/image/v2/BGXS_PRD/on/demandware.static/-/Sites-master_dior/default/dwb3213ddb/Y0996020/Y0996020_C099600020_E01_ZHC.jpg?sw=2560,https://www.dior.com/zh_tw/beauty/products/%E8%BF%AA%E5%A5%A7%E5%B0%88%E6%A5%AD%E5%BE%8C%E5%8F%B0%E7%9C%BC%E5%BD%B1%E5%88%B7-Y0996020.html,"抓粉力強, 釋粉力均勻, 不掉毛",2026-07-07,
346,工具,眼部工具,眼影刷,CHANEL,Nº202香奈兒扁平眼影刷,香奈儿眼影刷,香奈儿眼影刷,"https://www.chanel.com/images/t_one/w_0.55,h_0.55,c_crop/q_auto:good,f_autoplus,fl_lossy,dpr_1.1/w_1240/les-pinceaux-de-chanel-flat-eyeshadow-brush-n-202-1pce-packshot-default-138853-8825970360350.jpg",https://www.chanel.com/tw/makeup/p/138853/les-pinceaux-de-chanel-flat-eyeshadow-brush-n202/,"抓粉力強, 釋粉力均勻, 不掉毛",2026-07-07,
347,工具,眼部工具,眼影刷,MAKE UP FOREVER,中型暈染眼影刷 #218,玫珂菲眼影刷,玫珂菲眼影刷,https://img.91app.com/webapi/imagesV3/Original/SalePage/4738685/0/639148929069630000?v=1,https://www.makeupforever.com.tw/SalePage/Index/4738685,"抓粉力強, 釋粉力均勻, 不掉毛",2026-07-07,
348,工具,眼部工具,眼影刷,雅詩蘭黛,,,,,,,,
349,工具,眼部工具,眼影刷,蘭蔻,,,,,,,,
350,工具,眼部工具,眼影刷,Bobbi Brown,眼影刷,芭比波朗眼影刷,芭比波朗眼影刷,https://www.bobbibrown.com.tw/media/export/cms/products/responsive/bb_sku_E55H01_1x1_0.png?width=440&height=440,https://www.bobbibrown.com.tw/product/13995/7892/brushes-tools,"抓粉力強, 釋粉力均勻, 不掉毛",2026-07-07,
351,工具,眼部工具,眼線刷,植村秀,,,,,,,,
352,工具,眼部工具,眼線刷,資生堂,,,,,,,,
353,工具,眼部工具,眼線刷,M.A.C,#231專業小型眼彩刷,魅可眼线刷,魅可眼线刷,https://sdcdn.io/mac/tw/mac_sku_M86P01_1x1_0.png?width=1080&height=1080,https://www.maccosmetics.com.tw/product/13804/820/231-synthetic-small-shader-brush/231?size=15_cm,"釋粉力均勻, 不掉毛",2026-07-07,
354,工具,眼部工具,眼線刷,YSL,斜面刷,圣罗兰眼线刷,圣罗兰眼线刷,https://www.yslbeauty.com.tw/dw/image/v2/AARM_PRD/on/demandware.static/-/Sites-ysl-master-catalog/zh_TW/dw1717f8b5/Makeup/Accessories/3365440230934_pinceau-yeux-traceur_alt1.jpg?sw=930&sh=930&sm=cut&sfrm=png&q=85,https://www.yslbeauty.com.tw/product/%E5%BD%A9%E5%A6%9D%E5%B7%A5%E5%85%B7/%E6%96%9C%E9%9D%A2%E5%88%B7/278YSL-1.html,"抓粉力強, 釋粉力均勻, 不掉毛",2026-07-07,
355,工具,眼部工具,眼線刷,DIOR,迪奧專業後台眼線刷,迪奥眼线刷,迪奥眼线刷,https://www.dior.com/dw/image/v2/BGXS_PRD/on/demandware.static/-/Sites-master_dior/default/dwe980b6d9/Y0996024/Y0996024_C099600024_E01_ZHC.jpg?sw=2560,https://www.dior.com/zh_tw/beauty/products/%E8%BF%AA%E5%A5%A7%E5%B0%88%E6%A5%AD%E5%BE%8C%E5%8F%B0%E7%9C%BC%E7%B7%9A%E5%88%B7-Y0996024.html,"釋粉力均勻, 不掉毛",2026-07-07,
356,工具,眼部工具,眼線刷,CHANEL,Nº206香奈兒斜角眼線刷,香奈儿眼线刷,香奈儿眼线刷,"https://www.chanel.com/images/t_one/w_0.55,h_0.55,c_crop/q_auto:good,f_autoplus,fl_lossy,dpr_1.1/w_1240/les-pinceaux-de-chanel-angled-eyeliner-brush-n-206-1pce-packshot-default-138844-8825969836062.jpg",https://www.chanel.com/tw/makeup/p/138844/les-pinceaux-de-chanel-angled-eyeliner-brush-n206/,"釋粉力均勻, 不掉毛",2026-07-07,
357,工具,眼部工具,眼線刷,MAKE UP FOREVER,折角眼線刷#260,玫珂菲眼线刷,玫珂菲眼线刷,https://img.91app.com/webapi/imagesV3/Original/SalePage/6297059/0/639148929069630000?v=1,https://www.makeupforever.com.tw/SalePage/Index/6297059,"釋粉力均勻, 不掉毛",2026-07-07,
358,工具,眼部工具,眼線刷,雅詩蘭黛,,,,,,,,
359,工具,眼部工具,眼線刷,蘭蔻,,,,,,,,
360,工具,眼部工具,眼線刷,Bobbi Brown,精細眼線刷,芭比波朗眼线刷,芭比波朗眼线刷,https://www.bobbibrown.com.tw/media/export/cms/products/responsive/bb_sku_E55N01_1x1_0.png?width=440&height=440,https://www.bobbibrown.com.tw/product/13995/7516/brushes-tools,"釋粉力均勻, 不掉毛",2026-07-07,
361,工具,眼部工具,睫毛夾,植村秀,自然瞬翹專業睫毛夾,植村秀睫毛夹,植村秀睫毛夹,https://shoplineimg.com/5a8293389f9a4f3b09000791/694508203fac3d25adfa99e1/800x.webp?source_format=jpg,https://www.shuuemura.com.tw/products/eyelash-curlur-w,"不夾眼皮, 貼合眼型, 新手友善",2026-07-07,
362,工具,眼部工具,睫毛夾,資生堂,,,,,,,,
363,工具,眼部工具,睫毛夾,M.A.C,專業後台睫毛夾,魅可睫毛夹,魅可睫毛夹,https://sdcdn.io/mac/tw/mac_sku_MML601_1x1_0.png?width=320&height=320,https://www.maccosmetics.com.tw/product/14327/22412/full-lash-curler,"不夾眼皮, 貼合眼型",2026-07-07,
364,工具,眼部工具,睫毛夾,YSL,,,,,,,,
365,工具,眼部工具,睫毛夾,DIOR,迪奧專業後台飛翹睫毛夾,迪奥睫毛夹,迪奥睫毛夹,https://www.dior.com/dw/image/v2/BGXS_PRD/on/demandware.static/-/Sites-master_dior/default/dw8c15eab7/Y0996040/Y0996040_C099600358_E01_ZHC.jpg?sw=2560,https://www.dior.com/zh_tw/beauty/products/%E8%BF%AA%E5%A5%A7%E5%B0%88%E6%A5%AD%E5%BE%8C%E5%8F%B0%E9%A3%9B%E7%BF%B9%E7%9D%AB%E6%AF%9B%E5%A4%BE-Y0996040.html,"不夾眼皮, 貼合眼型",2026-07-07,
366,工具,眼部工具,睫毛夾,CHANEL,香奈兒極致卷翹睫毛夾,香奈儿睫毛夹,香奈儿睫毛夹,"https://www.chanel.com/images/t_one/w_0.55,h_0.55,c_crop/q_auto:good,f_autoplus,fl_lossy,dpr_1.1/w_1240/le-recourbe-cils-de-chanel-eyelash-curler-1pce-packshot-default-137880-8812402671646.jpg",https://www.chanel.com/tw/makeup/p/137880/le-recourbe-cils-de-chanel-eyelash-curler/,"不夾眼皮, 貼合眼型",2026-07-07,
367,工具,眼部工具,睫毛夾,MAKE UP FOREVER,,,,,,,,
368,工具,眼部工具,睫毛夾,雅詩蘭黛,,,,,,,,
369,工具,眼部工具,睫毛夾,蘭蔻,,,,,,,,
370,工具,眼部工具,睫毛夾,Bobbi Brown,,,,,,,,
371,工具,眼部工具,假睫毛,植村秀,,,,,,,,
372,工具,眼部工具,假睫毛,資生堂,,,,,,,,
373,工具,眼部工具,假睫毛,M.A.C,假睫毛#4,魅可假睫毛,魅可假睫毛,https://sdcdn.io/mac/tw/mac_sku_M8H101_1x1_0.png?width=320&height=320,https://www.maccosmetics.com.tw/product/13837/296/mac-lash-4-idol-lash/4?size=1_pair,"輕盈無感, 仿真自然, 新手友善",2026-07-07,
374,工具,眼部工具,假睫毛,YSL,,,,,,,,
375,工具,眼部工具,假睫毛,DIOR,,,,,,,,
376,工具,眼部工具,假睫毛,CHANEL,,,,,,,,
377,工具,眼部工具,假睫毛,MAKE UP FOREVER,,,,,,,,
378,工具,眼部工具,假睫毛,雅詩蘭黛,,,,,,,,
379,工具,眼部工具,假睫毛,蘭蔻,,,,,,,,
380,工具,眼部工具,假睫毛,Bobbi Brown,,,,,,,,
381,工具,唇部工具,唇刷,植村秀,專業唇刷 6F,植村秀唇刷,植村秀唇刷,https://shoplineimg.com/5a8293389f9a4f3b09000791/5b850d7b84baac00118bc0d0/800x.webp?source_format=jpg,https://www.shuuemura.com.tw/products/brush-6f,"無刷痕, 釋粉力均勻, 不掉毛",2026-07-07,
382,工具,唇部工具,唇刷,資生堂,,,,,,,,
383,工具,唇部工具,唇刷,M.A.C,#316時尚附蓋式唇刷,魅可唇刷,魅可唇刷,https://sdcdn.io/mac/tw/mac_sku_M87C01_1x1_0.png?width=1080&height=1080,https://www.maccosmetics.com.tw/product/13806/295/316-synthetic-lip-brush/316?size=17_cm,"無刷痕, 釋粉力均勻, 不掉毛",2026-07-07,
384,工具,唇部工具,唇刷,YSL,,,,,,,,
385,工具,唇部工具,唇刷,DIOR,迪奧專業後台唇刷,迪奥唇刷,迪奥唇刷,https://www.dior.com/dw/image/v2/BGXS_PRD/on/demandware.static/-/Sites-master_dior/default/dwcf17d7f7/Y0996026/Y0996026_C099600026_E01_ZHC.jpg?sw=2560,https://www.dior.com/zh_tw/beauty/products/%E8%BF%AA%E5%A5%A7%E5%B0%88%E6%A5%AD%E5%BE%8C%E5%8F%B0%E5%94%87%E5%88%B7-Y0996026.html,"無刷痕, 釋粉力均勻, 不掉毛",2026-07-07,
386,工具,唇部工具,唇刷,CHANEL,Nº300香奈兒雙重唇刷,香奈儿唇刷,香奈儿唇刷,"https://www.chanel.com/images/t_one/w_0.55,h_0.55,c_crop/q_auto:good,f_autoplus,fl_lossy,dpr_1.1/w_1240/les-pinceaux-de-chanel-dual-ended-lip-brush-n-300-1pce-packshot-default-138854-8825970130974.jpg",https://www.chanel.com/tw/makeup/p/138854/les-pinceaux-de-chanel-dual-ended-lip-brush-n300/,"無刷痕, 釋粉力均勻, 不掉毛",2026-07-07,
387,工具,唇部工具,唇刷,MAKE UP FOREVER,攜帶式唇刷 #304,玫珂菲唇刷,玫珂菲唇刷,https://img.91app.com/webapi/imagesV3/Original/SalePage/4738690/0/639148929069630000?v=1,https://www.makeupforever.com.tw/SalePage/Index/4738690,"無刷痕, 釋粉力均勻, 不掉毛",2026-07-07,
388,工具,唇部工具,唇刷,雅詩蘭黛,,,,,,,,
389,工具,唇部工具,唇刷,蘭蔻,,,,,,,,
390,工具,唇部工具,唇刷,Bobbi Brown,,,,,,,,
391,香氛,香氛產品,香水,植村秀,,,,,,,,
392,香氛,香氛產品,香水,資生堂,,,,,,,,
393,香氛,香氛產品,香水,M.A.C,,,,,,,,
394,香氛,香氛產品,香水,YSL,自由不羈沁心之果香水,圣罗兰自由之水,自由之水,https://www.yslbeauty.com.tw/dw/image/v2/AARM_PRD/on/demandware.static/-/Sites-ysl-master-catalog/default/dwe3deba0d/images/libre-eau-de-parfum/WW-51508YSL/3614274521245/3614274521245-1.jpg?sw=1536&sh=1536&sm=cut&sfrm=jpg&q=85,https://www.yslbeauty.com.tw/product/%E8%87%AA%E7%94%B1%E4%B8%8D%E7%BE%88%E7%B3%BB%E5%88%97/%E8%87%AA%E7%94%B1%E4%B8%8D%E7%BE%88%E6%B2%81%E5%BF%83%E4%B9%8B%E6%9E%9C%E9%A6%99%E6%B0%B4/WW-51508YSL.html?immersive=true,"不暈香, 無酒精刺鼻味, 層次分明",2026-07-07,
395,香氛,香氛產品,香水,DIOR,,,,,,,,
396,香氛,香氛產品,香水,CHANEL,香奈兒N°5典藏香水,香奈儿5号香水,5号香水,"https://www.chanel.com/images/t_one/w_0.51,h_0.51,c_crop/q_auto:good,f_autoplus,fl_lossy,dpr_1.1/w_1240/n-5-eau-de-parfum-spray-1-7fl-oz--packshot-default-125430-9564912484382.jpg",https://www.chanel.com/tw/fragrance/p/125430/n5-eau-de-parfum-spray/,"持久留香, 高擴香, 層次分明",2026-07-07,
397,香氛,香氛產品,香水,MAKE UP FOREVER,,,,,,,,
398,香氛,香氛產品,香水,雅詩蘭黛,,,,,,,,
399,香氛,香氛產品,香水,蘭蔻,IDOLE唯我香水,兰蔻偶像香水,是我香水,https://www.lancome.com.tw/dw/image/v2/AARM_PRD/on/demandware.static/-/Sites-lancome-master-catalog/zh_TW/dw73711b29/images/L1_Axe_Fragrance/A01707-LAC/A01707-LAC-3614273069175-100ml-IMAGE1.jpg?sw=750&sh=750&sm=cut&sfrm=jpg&q=70,https://www.lancome.com.tw/%E9%A6%99%E6%B0%B4%E5%8F%8A%E9%A6%99%E6%B0%9B%E8%A0%9F%E7%87%AD/A01707-LAC.html,"持久留香, 高擴香, 不暈香",2026-07-07,
400,香氛,香氛產品,香水,Bobbi Brown,,,,,,,,
401,香氛,香氛產品,淡香水,植村秀,,,,,,,,
402,香氛,香氛產品,淡香水,資生堂,,,,,,,,
403,香氛,香氛產品,淡香水,M.A.C,,,,,,,,
404,香氛,香氛產品,淡香水,YSL,慾望巴黎暮光淡香水,圣罗兰反转巴黎香水,反转巴黎,https://www.yslbeauty.com.tw/dw/image/v2/AARM_PRD/on/demandware.static/-/Sites-ysl-master-catalog/default/dw273f1ee2/images/fragrance-mon-paris/WW-50954YSL/WW-50954YSL-3614273346795-90ml-IMAGE1.jpg?sw=930&sh=930&sm=cut&sfrm=jpg&q=85,https://www.yslbeauty.com.tw/product/%E6%85%BE%E6%9C%9B%E5%B7%B4%E9%BB%8E%E7%B3%BB%E5%88%97/%E6%85%BE%E6%9C%9B%E5%B7%B4%E9%BB%8E%E6%9A%AE%E5%85%89%E6%B7%A1%E9%A6%99%E6%B0%B4/WW-50954YSL.html,"不暈香, 無酒精刺鼻味, 不染衣物",2026-07-07,
405,香氛,香氛產品,淡香水,DIOR,Miss Dior花漾迪奧淡香水,迪奥小姐花漾淡香水,Miss Dior花漾,https://www.dior.com/dw/image/v2/BGXS_PRD/on/demandware.static/-/Sites-master_dior/default/dw83a9fa99/Y0996612/Y0996612_C099700100_E01_ZHC.jpg?sw=2560,https://www.dior.com/zh_tw/beauty/products/miss-dior%E8%8A%B1%E6%BC%BE%E8%BF%AA%E5%A5%A7%E6%B7%A1%E9%A6%99%E6%B0%B4-Y0996612.html?q=Miss%20Dior%E8%8A%B1%E6%BC%BE%E8%BF%AA%E5%A5%A7%E6%B7%A1%E9%A6%99%E6%B0%B4,"不暈香, 無酒精刺鼻味, 不染衣物",2026-07-07,
406,香氛,香氛產品,淡香水,CHANEL,香奈兒N°5淡香水,香奈儿5号淡香水,5号淡香水,"https://www.chanel.com/images/t_one/w_0.47,h_0.47,c_crop/q_auto:good,f_auto,fl_lossy,dpr_1.1/w_1240/n-5-eau-de-toilette-spray-5fl-oz--packshot-default-105680-9580787662878.jpg",https://www.chanel.com/tw/fragrance/p/105680/n5-eau-de-toilette-spray/,"高擴香, 層次分明, 無酒精刺鼻味",2026-07-07,
407,香氛,香氛產品,淡香水,MAKE UP FOREVER,,,,,,,,
408,香氛,香氛產品,淡香水,雅詩蘭黛,,,,,,,,
409,香氛,香氛產品,淡香水,蘭蔻,IDOLE唯我淡香水,兰蔻淡香水,兰蔻淡香水,https://www.lancome.com.tw/dw/image/v2/AARM_PRD/on/demandware.static/-/Sites-lancome-master-catalog/zh_TW/dwd69d7659/images/L3_Fragrance_Women_IDOLE/A03530-LAC/A03530-LAC-3614274078565-100ml-IMAGE1.jpg?sw=750&sh=750&sm=cut&sfrm=jpg&q=70,https://www.lancome.com.tw/%E9%A6%99%E6%B0%B4%E5%8F%8A%E9%A6%99%E6%B0%9B%E8%A0%9F%E7%87%AD/%E7%B6%93%E5%85%B8%E9%A6%99%E6%B0%B4/idole%E5%94%AF%E6%88%91%E9%A6%99%E6%B0%B4/A03530-LAC.html,"不暈香, 無酒精刺鼻味, 不染衣物",2026-07-07,
410,香氛,香氛產品,淡香水,Bobbi Brown,,,,,,,,
411,香氛,香氛產品,香精,植村秀,,,,,,,,
412,香氛,香氛產品,香精,資生堂,,,,,,,,
413,香氛,香氛產品,香精,M.A.C,,,,,,,,
414,香氛,香氛產品,香精,YSL,MYSLF 香精,圣罗兰先锋男士香水,先锋男士,https://www.yslbeauty.com.tw/dw/image/v2/AARM_PRD/on/demandware.static/-/Sites-ysl-master-catalog/default/dwbb94dfbd/images/his-FRAGRANCES/WW-51115YSL/WW-51115YSL-3614273852821-60ml-IMAGE1.jpg?sw=930&sh=930&sm=cut&sfrm=jpeg&q=855,https://www.yslbeauty.com.tw/product/%E7%94%B7%E6%80%A7%E9%A6%99%E6%B0%B4/myslf-%E6%B7%A1%E9%A6%99%E7%B2%BE/WW-51115YSL.html,"持久留香, 高擴香, 層次分明",2026-07-07,
415,香氛,香氛產品,香精,DIOR,J'adore 花蘊香精,迪奥真我香精,真我香水,https://www.dior.com/dw/image/v2/BGXS_PRD/on/demandware.static/-/Sites-master_dior/default/dwa7bb7f10/Y0000179/Y0000179_E000000714_E01_RHC.jpg?sw=12800,https://www.dior.com/zh_tw/beauty/products/jadore-%E8%8A%B1%E8%98%8A%E9%A6%99%E7%B2%BE-Y0000179.html?q=J%27adore%20%E8%8A%B1%E8%98%8A%E9%A6%99%E7%B2%BE,"持久留香, 層次分明, 無酒精刺鼻味",2026-07-07,
416,香氛,香氛產品,香精,CHANEL,,,,,,,,
417,香氛,香氛產品,香精,MAKE UP FOREVER,,,,,,,,
418,香氛,香氛產品,香精,雅詩蘭黛,,,,,,,,
419,香氛,香氛產品,香精,蘭蔻,,,,,,,,
420,香氛,香氛產品,香精,Bobbi Brown,,,,,,,,
421,香氛,香氛產品,淡香精,植村秀,,,,,,,,
422,香氛,香氛產品,淡香精,資生堂,,,,,,,,
423,香氛,香氛產品,淡香精,M.A.C,,,,,,,,
424,香氛,香氛產品,淡香精,YSL,自由不羈淡香精,圣罗兰自由之水淡香精,自由之水,https://www.yslbeauty.com.tw/dw/image/v2/AARM_PRD/on/demandware.static/-/Sites-ysl-master-catalog/zh_TW/dw6bdf466c/images/libre-eau-de-parfum/WW-50424YSL/WW-50424YSL-3614272648418-50ml-IMAGE8.jpg?sw=930&sh=930&sm=cut&sfrm=jpg&q=85,https://www.yslbeauty.com.tw/product/%E8%87%AA%E7%94%B1%E4%B8%8D%E7%BE%88%E7%B3%BB%E5%88%97/%E8%87%AA%E7%94%B1%E4%B8%8D%E7%BE%88%E6%B7%A1%E9%A6%99%E7%B2%BE/WW-50424YSL.html,"持久留香, 高擴香, 層次分明",2026-07-07,
425,香氛,香氛產品,淡香精,DIOR,迪奧香氛世家系列,迪奥典藏系列,香氛世家,https://www.dior.com/dw/image/v2/BGXS_PRD/on/demandware.static/-/Sites-master_dior/default/dw4dfd8c10/Y0742427/Y0742427_C099700394_E01_RHC.jpg?sw=1280,https://www.dior.com/zh_tw/beauty/products/%E6%99%9A%E5%A4%8F%E8%8C%89%E8%8E%89%E9%A6%99%E6%B0%9B-Y0742427.html,"久留香, 層次分明, 無酒精刺鼻味",2026-07-07,
426,香氛,香氛產品,淡香精,CHANEL,,,,,,,,
427,香氛,香氛產品,淡香精,MAKE UP FOREVER,,,,,,,,
428,香氛,香氛產品,淡香精,雅詩蘭黛,Pleasures 歡沁香水,雅诗兰黛欢沁香水,欢沁香水,https://www.esteelauder.com.tw/media/export/cms/products/558x768/el_sku_701101_558x768_0.jpg,https://www.esteelauder.com.tw/product/9782/2094/product-catalog/fragrance/collections/pleasures/pleasures?size=30ml,"不暈香, 無酒精刺鼻味, 不染衣物",2026-07-07,
429,香氛,香氛產品,淡香精,蘭蔻,絕對完美玫瑰臻萃淡香精,兰蔻菁纯玫瑰香水,菁纯香水,https://www.lancome.com.tw/dw/image/v2/AARM_PRD/on/demandware.static/-/Sites-lancome-master-catalog/zh_TW/dw281ead56/images/L1_Axe_Fragrance/A03622-LAC/A03622-LAC-3614274151640-ROSE_ON_THE_MOON_100ml-IMAGE1.jpg?sw=930&sh=930&sm=cut&sfrm=jpg&q=70,https://www.lancome.com.tw/%E9%A6%99%E6%B0%B4%E5%8F%8A%E9%A6%99%E6%B0%9B%E8%A0%9F%E7%87%AD/A03622-LAC.html,"持久留香, 層次分明, 無酒精刺鼻味",2026-07-07,
430,香氛,香氛產品,淡香精,Bobbi Brown,,,,,,,,
